JUDGE,MC_1BLACK_2RTD,MC_2AG_2RTD,MC_2AG_3EXPOSURE,MC_3BUS_1DEVELOP,MC_3BUS_2FIRE
양품,2호기,1호기,2호기,1호기,1호기
양품,2호기,1호기,2호기,1호기,1호기
양품,2호기,1호기,2호기,1호기,1호기
양품,2호기,1호기,2호기,1호기,1호기
양품,2호기,1호기,2호기,1호기,1호기
양품,2호기,1호기,2호기,1호기,1호기
양품,2호기,1호기,2호기,1호기,1호기
양품,2호기,1호기,2호기,1호기,1호기
양품,2호기,1호기,2호기,1호기,1호기
양품,2호기,1호기,2호기,1호기,1호기
양품,2호기,1호기,2호기,1호기,1호기
양품,2호기,1호기,2호기,1호기,1호기
명점,2호기,1호기,2호기,1호기,1호기
양품,2호기,1호기,2호기,1호기,1호기
양품,2호기,1호기,2호기,1호기,1호기
양품,2호기,1호기,2호기,1호기,1호기
양품,2호기,1호기,2호기,1호기,1호기
양품,2호기,1호기,2호기,1호기,1호기
양품,2호기,1호기,2호기,1호기,1호기
명점,2호기,1호기,2호기,1호기,1호기
양품,1호기,1호기,2호기,1호기,2호기
명점,1호기,1호기,2호기,1호기,2호기
양품,1호기,1호기,2호기,1호기,2호기
양품,1호기,1호기,2호기,1호기,2호기
양품,1호기,1호기,2호기,1호기,2호기
양품,1호기,1호기,2호기,1호기,2호기
양품,1호기,1호기,2호기,1호기,2호기
양품,1호기,1호기,2호기,1호기,2호기
양품,1호기,1호기,2호기,1호기,2호기
양품,1호기,1호기,2호기,1호기,2호기
양품,1호기,1호기,2호기,1호기,2호기
양품,1호기,1호기,2호기,1호기,2호기
양품,1호기,1호기,2호기,1호기,2호기
양품,1호기,1호기,2호기,1호기,2호기
양품,1호기,1호기,2호기,1호기,2호기
양품,1호기,1호기,2호기,1호기,2호기
양품,1호기,1호기,2호기,1호기,2호기
양품,1호기,1호기,2호기,1호기,2호기
양품,1호기,1호기,2호기,1호기,2호기
양품,1호기,1호기,2호기,1호기,2호기
명점,2호기,1호기,2호기,2호기,2호기
양품,2호기,1호기,2호기,2호기,2호기
양품,2호기,1호기,2호기,2호기,2호기
양품,2호기,1호기,2호기,2호기,2호기
명점,2호기,1호기,2호기,2호기,2호기
양품,2호기,1호기,2호기,2호기,2호기
양품,2호기,1호기,2호기,2호기,2호기
양품,2호기,1호기,2호기,2호기,2호기
양품,2호기,1호기,2호기,2호기,2호기
양품,2호기,1호기,2호기,2호기,2호기
양품,2호기,1호기,2호기,2호기,2호기
양품,2호기,1호기,2호기,2호기,2호기
양품,2호기,1호기,2호기,2호기,2호기
양품,2호기,1호기,2호기,2호기,2호기
양품,2호기,1호기,2호기,2호기,2호기
양품,2호기,1호기,2호기,2호기,2호기
양품,2호기,1호기,2호기,2호기,2호기
양품,2호기,1호기,2호기,2호기,2호기
양품,2호기,1호기,2호기,2호기,2호기
명점,2호기,1호기,2호기,2호기,2호기
양품,1호기,2호기,1호기,2호기,1호기
양품,1호기,2호기,1호기,2호기,1호기
양품,1호기,2호기,1호기,2호기,1호기
양품,1호기,2호기,1호기,2호기,1호기
양품,1호기,2호기,1호기,2호기,1호기
양품,1호기,2호기,1호기,2호기,1호기
양품,1호기,2호기,1호기,2호기,1호기
양품,1호기,2호기,1호기,2호기,1호기
양품,1호기,2호기,1호기,2호기,1호기
양품,1호기,2호기,1호기,2호기,1호기
양품,1호기,2호기,1호기,2호기,1호기
양품,1호기,2호기,1호기,2호기,1호기
양품,1호기,2호기,1호기,2호기,1호기
양품,1호기,2호기,1호기,2호기,1호기
양품,1호기,2호기,1호기,2호기,1호기
양품,1호기,2호기,1호기,2호기,1호기
양품,1호기,2호기,1호기,2호기,1호기
양품,1호기,2호기,1호기,2호기,1호기
양품,1호기,2호기,1호기,2호기,1호기
양품,1호기,2호기,1호기,2호기,1호기
명점,1호기,1호기,1호기,1호기,1호기
양품,1호기,1호기,1호기,1호기,1호기
양품,1호기,1호기,1호기,1호기,1호기
양품,1호기,1호기,1호기,1호기,1호기
양품,1호기,1호기,1호기,1호기,1호기
양품,1호기,1호기,1호기,1호기,1호기
양품,1호기,1호기,1호기,1호기,1호기
양품,1호기,1호기,1호기,1호기,1호기
양품,1호기,1호기,1호기,1호기,1호기
양품,1호기,1호기,1호기,1호기,1호기
양품,1호기,1호기,1호기,1호기,1호기
양품,1호기,1호기,1호기,1호기,1호기
양품,1호기,1호기,1호기,1호기,1호기
양품,1호기,1호기,1호기,1호기,1호기
양품,1호기,1호기,1호기,1호기,1호기
양품,1호기,1호기,1호기,1호기,1호기
양품,1호기,1호기,1호기,1호기,1호기
양품,1호기,1호기,1호기,1호기,1호기
양품,1호기,1호기,1호기,1호기,1호기
명점,1호기,1호기,1호기,1호기,1호기
양품,1호기,2호기,2호기,2호기,1호기
양품,1호기,2호기,2호기,2호기,1호기
양품,1호기,2호기,2호기,2호기,1호기
양품,1호기,2호기,2호기,2호기,1호기
양품,1호기,2호기,2호기,2호기,1호기
양품,1호기,2호기,2호기,2호기,1호기
양품,1호기,2호기,2호기,2호기,1호기
양품,1호기,2호기,2호기,2호기,1호기
양품,1호기,2호기,2호기,2호기,1호기
양품,1호기,2호기,2호기,2호기,1호기
양품,1호기,2호기,2호기,2호기,1호기
양품,1호기,2호기,2호기,2호기,1호기
양품,1호기,2호기,2호기,2호기,1호기
양품,1호기,2호기,2호기,2호기,1호기
양품,1호기,2호기,2호기,2호기,1호기
양품,1호기,2호기,2호기,2호기,1호기
양품,1호기,2호기,2호기,2호기,1호기
양품,1호기,2호기,2호기,2호기,1호기
양품,1호기,2호기,2호기,2호기,1호기
양품,1호기,2호기,2호기,2호기,1호기
양품,2호기,1호기,2호기,2호기,1호기
명점,2호기,1호기,2호기,2호기,1호기
양품,2호기,1호기,2호기,2호기,1호기
양품,2호기,1호기,2호기,2호기,1호기
양품,2호기,1호기,2호기,2호기,1호기
양품,2호기,1호기,2호기,2호기,1호기
양품,2호기,1호기,2호기,2호기,1호기
양품,2호기,1호기,2호기,2호기,1호기
양품,2호기,1호기,2호기,2호기,1호기
양품,2호기,1호기,2호기,2호기,1호기
양품,2호기,1호기,2호기,2호기,1호기
양품,2호기,1호기,2호기,2호기,1호기
양품,2호기,1호기,2호기,2호기,1호기
양품,2호기,1호기,2호기,2호기,1호기
양품,2호기,1호기,2호기,2호기,1호기
양품,2호기,1호기,2호기,2호기,1호기
양품,2호기,1호기,2호기,2호기,1호기
양품,2호기,1호기,2호기,2호기,1호기
양품,2호기,1호기,2호기,2호기,1호기
양품,2호기,1호기,2호기,2호기,1호기
양품,2호기,2호기,1호기,1호기,1호기
양품,2호기,2호기,1호기,1호기,1호기
양품,2호기,2호기,1호기,1호기,1호기
양품,2호기,2호기,1호기,1호기,1호기
양품,2호기,2호기,1호기,1호기,1호기
양품,2호기,2호기,1호기,1호기,1호기
양품,2호기,2호기,1호기,1호기,1호기
양품,2호기,2호기,1호기,1호기,1호기
양품,2호기,2호기,1호기,1호기,1호기
양품,2호기,2호기,1호기,1호기,1호기
양품,2호기,2호기,1호기,1호기,1호기
양품,2호기,2호기,1호기,1호기,1호기
양품,2호기,2호기,1호기,1호기,1호기
양품,2호기,2호기,1호기,1호기,1호기
양품,2호기,2호기,1호기,1호기,1호기
양품,2호기,2호기,1호기,1호기,1호기
양품,2호기,2호기,1호기,1호기,1호기
양품,2호기,2호기,1호기,1호기,1호기
양품,2호기,2호기,1호기,1호기,1호기
양품,2호기,2호기,1호기,1호기,1호기
양품,2호기,1호기,2호기,2호기,1호기
양품,2호기,1호기,2호기,2호기,1호기
양품,2호기,1호기,2호기,2호기,1호기
양품,2호기,1호기,2호기,2호기,1호기
양품,2호기,1호기,2호기,2호기,1호기
양품,2호기,1호기,2호기,2호기,1호기
양품,2호기,1호기,2호기,2호기,1호기
양품,2호기,1호기,2호기,2호기,1호기
양품,2호기,1호기,2호기,2호기,1호기
명점,2호기,1호기,2호기,2호기,1호기
양품,2호기,1호기,2호기,2호기,1호기
양품,2호기,1호기,2호기,2호기,1호기
양품,2호기,1호기,2호기,2호기,1호기
양품,2호기,1호기,2호기,2호기,1호기
양품,2호기,1호기,2호기,2호기,1호기
양품,2호기,1호기,2호기,2호기,1호기
양품,2호기,1호기,2호기,2호기,1호기
양품,2호기,1호기,2호기,2호기,1호기
양품,2호기,1호기,2호기,2호기,1호기
양품,2호기,1호기,2호기,2호기,1호기
양품,2호기,1호기,2호기,2호기,2호기
양품,2호기,1호기,2호기,2호기,2호기
양품,2호기,1호기,2호기,2호기,2호기
양품,2호기,1호기,2호기,2호기,2호기
양품,2호기,1호기,2호기,2호기,2호기
양품,2호기,1호기,2호기,2호기,2호기
명점,2호기,1호기,2호기,2호기,2호기
명점,2호기,1호기,2호기,2호기,2호기
양품,2호기,1호기,2호기,2호기,2호기
양품,2호기,1호기,2호기,2호기,2호기
양품,2호기,1호기,2호기,2호기,2호기
양품,2호기,1호기,2호기,2호기,2호기
양품,2호기,1호기,2호기,2호기,2호기
양품,2호기,1호기,2호기,2호기,2호기
양품,2호기,1호기,2호기,2호기,2호기
양품,2호기,1호기,2호기,2호기,2호기
양품,2호기,1호기,2호기,2호기,2호기
양품,2호기,1호기,2호기,2호기,2호기
양품,2호기,1호기,2호기,2호기,2호기
양품,2호기,1호기,2호기,2호기,2호기
양품,1호기,2호기,2호기,1호기,1호기
양품,1호기,2호기,2호기,1호기,1호기
양품,1호기,2호기,2호기,1호기,1호기
명점,1호기,2호기,2호기,1호기,1호기
양품,1호기,2호기,2호기,1호기,1호기
양품,1호기,2호기,2호기,1호기,1호기
양품,1호기,2호기,2호기,1호기,1호기
양품,1호기,2호기,2호기,1호기,1호기
양품,1호기,2호기,2호기,1호기,1호기
양품,1호기,2호기,2호기,1호기,1호기
명점,1호기,2호기,2호기,1호기,1호기
양품,1호기,2호기,2호기,1호기,1호기
양품,1호기,2호기,2호기,1호기,1호기
양품,1호기,2호기,2호기,1호기,1호기
양품,1호기,2호기,2호기,1호기,1호기
양품,1호기,2호기,2호기,1호기,1호기
양품,1호기,2호기,2호기,1호기,1호기
양품,1호기,2호기,2호기,1호기,1호기
양품,1호기,2호기,2호기,1호기,1호기
양품,1호기,2호기,2호기,1호기,1호기
양품,1호기,2호기,1호기,2호기,2호기
양품,1호기,2호기,1호기,2호기,2호기
양품,1호기,2호기,1호기,2호기,2호기
양품,1호기,2호기,1호기,2호기,2호기
양품,1호기,2호기,1호기,2호기,2호기
양품,1호기,2호기,1호기,2호기,2호기
양품,1호기,2호기,1호기,2호기,2호기
양품,1호기,2호기,1호기,2호기,2호기
명점,1호기,2호기,1호기,2호기,2호기
양품,1호기,2호기,1호기,2호기,2호기
양품,1호기,2호기,1호기,2호기,2호기
양품,1호기,2호기,1호기,2호기,2호기
양품,1호기,2호기,1호기,2호기,2호기
양품,1호기,2호기,1호기,2호기,2호기
양품,1호기,2호기,1호기,2호기,2호기
양품,1호기,2호기,1호기,2호기,2호기
양품,1호기,2호기,1호기,2호기,2호기
양품,1호기,2호기,1호기,2호기,2호기
양품,1호기,2호기,1호기,2호기,2호기
양품,1호기,2호기,1호기,2호기,2호기
양품,1호기,2호기,1호기,1호기,1호기
양품,1호기,2호기,1호기,1호기,1호기
양품,1호기,2호기,1호기,1호기,1호기
양품,1호기,2호기,1호기,1호기,1호기
양품,1호기,2호기,1호기,1호기,1호기
양품,1호기,2호기,1호기,1호기,1호기
양품,1호기,2호기,1호기,1호기,1호기
양품,1호기,2호기,1호기,1호기,1호기
양품,1호기,2호기,1호기,1호기,1호기
양품,1호기,2호기,1호기,1호기,1호기
양품,1호기,2호기,1호기,1호기,1호기
양품,1호기,2호기,1호기,1호기,1호기
양품,1호기,2호기,1호기,1호기,1호기
양품,1호기,2호기,1호기,1호기,1호기
양품,1호기,2호기,1호기,1호기,1호기
양품,1호기,2호기,1호기,1호기,1호기
양품,1호기,2호기,1호기,1호기,1호기
양품,1호기,2호기,1호기,1호기,1호기
양품,1호기,2호기,1호기,1호기,1호기
양품,1호기,2호기,1호기,1호기,1호기
양품,1호기,1호기,2호기,2호기,2호기
양품,1호기,1호기,2호기,2호기,2호기
양품,1호기,1호기,2호기,2호기,2호기
양품,1호기,1호기,2호기,2호기,2호기
양품,1호기,1호기,2호기,2호기,2호기
양품,1호기,1호기,2호기,2호기,2호기
양품,1호기,1호기,2호기,2호기,2호기
양품,1호기,1호기,2호기,2호기,2호기
양품,1호기,1호기,2호기,2호기,2호기
양품,1호기,1호기,2호기,2호기,2호기
양품,1호기,1호기,2호기,2호기,2호기
양품,1호기,1호기,2호기,2호기,2호기
양품,1호기,1호기,2호기,2호기,2호기
양품,1호기,1호기,2호기,2호기,2호기
양품,1호기,1호기,2호기,2호기,2호기
양품,1호기,1호기,2호기,2호기,2호기
양품,1호기,1호기,2호기,2호기,2호기
양품,1호기,1호기,2호기,2호기,2호기
양품,1호기,1호기,2호기,2호기,2호기
명점,1호기,1호기,2호기,2호기,2호기
양품,2호기,1호기,1호기,2호기,1호기
양품,2호기,1호기,1호기,2호기,1호기
양품,2호기,1호기,1호기,2호기,1호기
양품,2호기,1호기,1호기,2호기,1호기
양품,2호기,1호기,1호기,2호기,1호기
양품,2호기,1호기,1호기,2호기,1호기
양품,2호기,1호기,1호기,2호기,1호기
양품,2호기,1호기,1호기,2호기,1호기
양품,2호기,1호기,1호기,2호기,1호기
양품,2호기,1호기,1호기,2호기,1호기
양품,2호기,1호기,1호기,2호기,1호기
양품,2호기,1호기,1호기,2호기,1호기
명점,2호기,1호기,1호기,2호기,1호기
양품,2호기,1호기,1호기,2호기,1호기
양품,2호기,1호기,1호기,2호기,1호기
양품,2호기,1호기,1호기,2호기,1호기
양품,2호기,1호기,1호기,2호기,1호기
양품,2호기,1호기,1호기,2호기,1호기
양품,2호기,1호기,1호기,2호기,1호기
양품,2호기,1호기,1호기,2호기,1호기
양품,1호기,2호기,2호기,2호기,1호기
양품,1호기,2호기,2호기,2호기,1호기
양품,1호기,2호기,2호기,2호기,1호기
양품,1호기,2호기,2호기,2호기,1호기
양품,1호기,2호기,2호기,2호기,1호기
양품,1호기,2호기,2호기,2호기,1호기
양품,1호기,2호기,2호기,2호기,1호기
양품,1호기,2호기,2호기,2호기,1호기
양품,1호기,2호기,2호기,2호기,1호기
양품,1호기,2호기,2호기,2호기,1호기
양품,1호기,2호기,2호기,2호기,1호기
양품,1호기,2호기,2호기,2호기,1호기
양품,1호기,2호기,2호기,2호기,1호기
양품,1호기,2호기,2호기,2호기,1호기
양품,1호기,2호기,2호기,2호기,1호기
양품,1호기,2호기,2호기,2호기,1호기
양품,1호기,2호기,2호기,2호기,1호기
양품,1호기,2호기,2호기,2호기,1호기
양품,1호기,2호기,2호기,2호기,1호기
양품,1호기,2호기,2호기,2호기,1호기
양품,1호기,1호기,1호기,2호기,2호기
양품,1호기,1호기,1호기,2호기,2호기
양품,1호기,1호기,1호기,2호기,2호기
양품,1호기,1호기,1호기,2호기,2호기
양품,1호기,1호기,1호기,2호기,2호기
양품,1호기,1호기,1호기,2호기,2호기
양품,1호기,1호기,1호기,2호기,2호기
명점,1호기,1호기,1호기,2호기,2호기
양품,1호기,1호기,1호기,2호기,2호기
양품,1호기,1호기,1호기,2호기,2호기
양품,1호기,1호기,1호기,2호기,2호기
양품,1호기,1호기,1호기,2호기,2호기
양품,1호기,1호기,1호기,2호기,2호기
양품,1호기,1호기,1호기,2호기,2호기
양품,1호기,1호기,1호기,2호기,2호기
양품,1호기,1호기,1호기,2호기,2호기
양품,1호기,1호기,1호기,2호기,2호기
양품,1호기,1호기,1호기,2호기,2호기
양품,1호기,1호기,1호기,2호기,2호기
양품,1호기,1호기,1호기,2호기,2호기
양품,1호기,2호기,2호기,1호기,1호기
양품,1호기,2호기,2호기,1호기,1호기
양품,1호기,2호기,2호기,1호기,1호기
명점,1호기,2호기,2호기,1호기,1호기
양품,1호기,2호기,2호기,1호기,1호기
양품,1호기,2호기,2호기,1호기,1호기
양품,1호기,2호기,2호기,1호기,1호기
양품,1호기,2호기,2호기,1호기,1호기
양품,1호기,2호기,2호기,1호기,1호기
양품,1호기,2호기,2호기,1호기,1호기
양품,1호기,2호기,2호기,1호기,1호기
양품,1호기,2호기,2호기,1호기,1호기
양품,1호기,2호기,2호기,1호기,1호기
양품,1호기,2호기,2호기,1호기,1호기
양품,1호기,2호기,2호기,1호기,1호기
양품,1호기,2호기,2호기,1호기,1호기
양품,1호기,2호기,2호기,1호기,1호기
양품,1호기,2호기,2호기,1호기,1호기
양품,1호기,2호기,2호기,1호기,1호기
양품,1호기,2호기,2호기,1호기,1호기
양품,2호기,1호기,1호기,1호기,2호기
양품,2호기,1호기,1호기,1호기,2호기
양품,2호기,1호기,1호기,1호기,2호기
양품,2호기,1호기,1호기,1호기,2호기
양품,2호기,1호기,1호기,1호기,2호기
양품,2호기,1호기,1호기,1호기,2호기
양품,2호기,1호기,1호기,1호기,2호기
양품,2호기,1호기,1호기,1호기,2호기
양품,2호기,1호기,1호기,1호기,2호기
양품,2호기,1호기,1호기,1호기,2호기
양품,2호기,1호기,1호기,1호기,2호기
양품,2호기,1호기,1호기,1호기,2호기
양품,2호기,1호기,1호기,1호기,2호기
양품,2호기,1호기,1호기,1호기,2호기
양품,2호기,1호기,1호기,1호기,2호기
양품,2호기,1호기,1호기,1호기,2호기
양품,2호기,1호기,1호기,1호기,2호기
양품,2호기,1호기,1호기,1호기,2호기
명점,2호기,1호기,1호기,1호기,2호기
양품,2호기,1호기,1호기,1호기,2호기
양품,1호기,2호기,1호기,1호기,2호기
양품,1호기,2호기,1호기,1호기,2호기
양품,1호기,2호기,1호기,1호기,2호기
양품,1호기,2호기,1호기,1호기,2호기
양품,1호기,2호기,1호기,1호기,2호기
양품,1호기,2호기,1호기,1호기,2호기
양품,1호기,2호기,1호기,1호기,2호기
양품,1호기,2호기,1호기,1호기,2호기
양품,1호기,2호기,1호기,1호기,2호기
양품,1호기,2호기,1호기,1호기,2호기
양품,1호기,2호기,1호기,1호기,2호기
양품,1호기,2호기,1호기,1호기,2호기
양품,1호기,2호기,1호기,1호기,2호기
양품,1호기,2호기,1호기,1호기,2호기
명점,1호기,2호기,1호기,1호기,2호기
양품,1호기,2호기,1호기,1호기,2호기
양품,1호기,2호기,1호기,1호기,2호기
명점,1호기,2호기,1호기,1호기,2호기
양품,1호기,2호기,1호기,1호기,2호기
양품,1호기,2호기,1호기,1호기,2호기
양품,1호기,1호기,2호기,2호기,1호기
양품,1호기,1호기,2호기,2호기,1호기
양품,1호기,1호기,2호기,2호기,1호기
양품,1호기,1호기,2호기,2호기,1호기
양품,1호기,1호기,2호기,2호기,1호기
명점,1호기,1호기,2호기,2호기,1호기
양품,1호기,1호기,2호기,2호기,1호기
양품,1호기,1호기,2호기,2호기,1호기
양품,1호기,1호기,2호기,2호기,1호기
양품,1호기,1호기,2호기,2호기,1호기
양품,1호기,1호기,2호기,2호기,1호기
양품,1호기,1호기,2호기,2호기,1호기
양품,1호기,1호기,2호기,2호기,1호기
양품,1호기,1호기,2호기,2호기,1호기
양품,1호기,1호기,2호기,2호기,1호기
양품,1호기,1호기,2호기,2호기,1호기
양품,1호기,1호기,2호기,2호기,1호기
양품,1호기,1호기,2호기,2호기,1호기
양품,1호기,1호기,2호기,2호기,1호기
명점,1호기,1호기,2호기,2호기,1호기
양품,2호기,2호기,1호기,1호기,1호기
양품,2호기,2호기,1호기,1호기,1호기
양품,2호기,2호기,1호기,1호기,1호기
양품,2호기,2호기,1호기,1호기,1호기
양품,2호기,2호기,1호기,1호기,1호기
양품,2호기,2호기,1호기,1호기,1호기
양품,2호기,2호기,1호기,1호기,1호기
양품,2호기,2호기,1호기,1호기,1호기
양품,2호기,2호기,1호기,1호기,1호기
양품,2호기,2호기,1호기,1호기,1호기
양품,2호기,2호기,1호기,1호기,1호기
양품,2호기,2호기,1호기,1호기,1호기
명점,2호기,2호기,1호기,1호기,1호기
양품,2호기,2호기,1호기,1호기,1호기
양품,2호기,2호기,1호기,1호기,1호기
양품,2호기,2호기,1호기,1호기,1호기
양품,2호기,2호기,1호기,1호기,1호기
양품,2호기,2호기,1호기,1호기,1호기
양품,2호기,2호기,1호기,1호기,1호기
양품,2호기,2호기,1호기,1호기,1호기
양품,1호기,2호기,1호기,1호기,2호기
양품,1호기,2호기,1호기,1호기,2호기
양품,1호기,2호기,1호기,1호기,2호기
양품,1호기,2호기,1호기,1호기,2호기
양품,1호기,2호기,1호기,1호기,2호기
양품,1호기,2호기,1호기,1호기,2호기
명점,1호기,2호기,1호기,1호기,2호기
양품,1호기,2호기,1호기,1호기,2호기
양품,1호기,2호기,1호기,1호기,2호기
명점,1호기,2호기,1호기,1호기,2호기
양품,1호기,2호기,1호기,1호기,2호기
양품,1호기,2호기,1호기,1호기,2호기
양품,1호기,2호기,1호기,1호기,2호기
양품,1호기,2호기,1호기,1호기,2호기
양품,1호기,2호기,1호기,1호기,2호기
양품,1호기,2호기,1호기,1호기,2호기
양품,1호기,2호기,1호기,1호기,2호기
양품,1호기,2호기,1호기,1호기,2호기
양품,1호기,2호기,1호기,1호기,2호기
양품,1호기,2호기,1호기,1호기,2호기
양품,1호기,2호기,2호기,2호기,1호기
양품,1호기,2호기,2호기,2호기,1호기
양품,1호기,2호기,2호기,2호기,1호기
양품,1호기,2호기,2호기,2호기,1호기
양품,1호기,2호기,2호기,2호기,1호기
양품,1호기,2호기,2호기,2호기,1호기
양품,1호기,2호기,2호기,2호기,1호기
양품,1호기,2호기,2호기,2호기,1호기
양품,1호기,2호기,2호기,2호기,1호기
양품,1호기,2호기,2호기,2호기,1호기
양품,1호기,2호기,2호기,2호기,1호기
양품,1호기,2호기,2호기,2호기,1호기
양품,1호기,2호기,2호기,2호기,1호기
양품,1호기,2호기,2호기,2호기,1호기
양품,1호기,2호기,2호기,2호기,1호기
양품,1호기,2호기,2호기,2호기,1호기
양품,1호기,2호기,2호기,2호기,1호기
양품,1호기,2호기,2호기,2호기,1호기
양품,1호기,2호기,2호기,2호기,1호기
양품,1호기,2호기,2호기,2호기,1호기
양품,1호기,1호기,2호기,1호기,2호기
양품,1호기,1호기,2호기,1호기,2호기
양품,1호기,1호기,2호기,1호기,2호기
양품,1호기,1호기,2호기,1호기,2호기
양품,1호기,1호기,2호기,1호기,2호기
양품,1호기,1호기,2호기,1호기,2호기
양품,1호기,1호기,2호기,1호기,2호기
양품,1호기,1호기,2호기,1호기,2호기
명점,1호기,1호기,2호기,1호기,2호기
양품,1호기,1호기,2호기,1호기,2호기
양품,1호기,1호기,2호기,1호기,2호기
양품,1호기,1호기,2호기,1호기,2호기
양품,1호기,1호기,2호기,1호기,2호기
양품,1호기,1호기,2호기,1호기,2호기
양품,1호기,1호기,2호기,1호기,2호기
양품,1호기,1호기,2호기,1호기,2호기
양품,1호기,1호기,2호기,1호기,2호기
명점,1호기,1호기,2호기,1호기,2호기
양품,1호기,1호기,2호기,1호기,2호기
양품,1호기,1호기,2호기,1호기,2호기
양품,2호기,1호기,1호기,1호기,2호기
양품,2호기,1호기,1호기,1호기,2호기
양품,2호기,1호기,1호기,1호기,2호기
명점,2호기,1호기,1호기,1호기,2호기
양품,2호기,1호기,1호기,1호기,2호기
양품,2호기,1호기,1호기,1호기,2호기
양품,2호기,1호기,1호기,1호기,2호기
양품,2호기,1호기,1호기,1호기,2호기
양품,2호기,1호기,1호기,1호기,2호기
양품,2호기,1호기,1호기,1호기,2호기
양품,2호기,1호기,1호기,1호기,2호기
양품,2호기,1호기,1호기,1호기,2호기
양품,2호기,1호기,1호기,1호기,2호기
양품,2호기,1호기,1호기,1호기,2호기
양품,2호기,1호기,1호기,1호기,2호기
양품,2호기,1호기,1호기,1호기,2호기
양품,2호기,1호기,1호기,1호기,2호기
양품,2호기,1호기,1호기,1호기,2호기
양품,2호기,1호기,1호기,1호기,2호기
양품,2호기,1호기,1호기,1호기,2호기
양품,1호기,1호기,1호기,2호기,2호기
양품,1호기,1호기,1호기,2호기,2호기
양품,1호기,1호기,1호기,2호기,2호기
양품,1호기,1호기,1호기,2호기,2호기
양품,1호기,1호기,1호기,2호기,2호기
명점,1호기,1호기,1호기,2호기,2호기
양품,1호기,1호기,1호기,2호기,2호기
양품,1호기,1호기,1호기,2호기,2호기
양품,1호기,1호기,1호기,2호기,2호기
양품,1호기,1호기,1호기,2호기,2호기
명점,1호기,1호기,1호기,2호기,2호기
양품,1호기,1호기,1호기,2호기,2호기
명점,1호기,1호기,1호기,2호기,2호기
양품,1호기,1호기,1호기,2호기,2호기
양품,1호기,1호기,1호기,2호기,2호기
양품,1호기,1호기,1호기,2호기,2호기
양품,1호기,1호기,1호기,2호기,2호기
양품,1호기,1호기,1호기,2호기,2호기
양품,1호기,1호기,1호기,2호기,2호기
양품,1호기,1호기,1호기,2호기,2호기
양품,1호기,1호기,2호기,1호기,1호기
양품,1호기,1호기,2호기,1호기,1호기
양품,1호기,1호기,2호기,1호기,1호기
양품,1호기,1호기,2호기,1호기,1호기
명점,1호기,1호기,2호기,1호기,1호기
양품,1호기,1호기,2호기,1호기,1호기
양품,1호기,1호기,2호기,1호기,1호기
양품,1호기,1호기,2호기,1호기,1호기
양품,1호기,1호기,2호기,1호기,1호기
양품,1호기,1호기,2호기,1호기,1호기
양품,1호기,1호기,2호기,1호기,1호기
양품,1호기,1호기,2호기,1호기,1호기
양품,1호기,1호기,2호기,1호기,1호기
양품,1호기,1호기,2호기,1호기,1호기
양품,1호기,1호기,2호기,1호기,1호기
양품,1호기,1호기,2호기,1호기,1호기
양품,1호기,1호기,2호기,1호기,1호기
양품,1호기,1호기,2호기,1호기,1호기
양품,1호기,1호기,2호기,1호기,1호기
양품,1호기,1호기,2호기,1호기,1호기
양품,1호기,2호기,1호기,2호기,1호기
양품,1호기,2호기,1호기,2호기,1호기
양품,1호기,2호기,1호기,2호기,1호기
양품,1호기,2호기,1호기,2호기,1호기
양품,1호기,2호기,1호기,2호기,1호기
양품,1호기,2호기,1호기,2호기,1호기
양품,1호기,2호기,1호기,2호기,1호기
양품,1호기,2호기,1호기,2호기,1호기
양품,1호기,2호기,1호기,2호기,1호기
양품,1호기,2호기,1호기,2호기,1호기
양품,1호기,2호기,1호기,2호기,1호기
양품,1호기,2호기,1호기,2호기,1호기
양품,1호기,2호기,1호기,2호기,1호기
양품,1호기,2호기,1호기,2호기,1호기
양품,1호기,2호기,1호기,2호기,1호기
양품,1호기,2호기,1호기,2호기,1호기
양품,1호기,2호기,1호기,2호기,1호기
양품,1호기,2호기,1호기,2호기,1호기
양품,1호기,2호기,1호기,2호기,1호기
양품,1호기,2호기,1호기,2호기,1호기
양품,1호기,1호기,1호기,1호기,1호기
양품,1호기,1호기,1호기,1호기,1호기
명점,1호기,1호기,1호기,1호기,1호기
양품,1호기,1호기,1호기,1호기,1호기
양품,1호기,1호기,1호기,1호기,1호기
양품,1호기,1호기,1호기,1호기,1호기
양품,1호기,1호기,1호기,1호기,1호기
양품,1호기,1호기,1호기,1호기,1호기
양품,1호기,1호기,1호기,1호기,1호기
명점,1호기,1호기,1호기,1호기,1호기
양품,1호기,1호기,1호기,1호기,1호기
양품,1호기,1호기,1호기,1호기,1호기
명점,1호기,1호기,1호기,1호기,1호기
양품,1호기,1호기,1호기,1호기,1호기
양품,1호기,1호기,1호기,1호기,1호기
양품,1호기,1호기,1호기,1호기,1호기
양품,1호기,1호기,1호기,1호기,1호기
양품,1호기,1호기,1호기,1호기,1호기
양품,1호기,1호기,1호기,1호기,1호기
양품,1호기,1호기,1호기,1호기,1호기
명점,2호기,1호기,1호기,1호기,1호기
양품,2호기,1호기,1호기,1호기,1호기
양품,2호기,1호기,1호기,1호기,1호기
양품,2호기,1호기,1호기,1호기,1호기
명점,2호기,1호기,1호기,1호기,1호기
양품,2호기,1호기,1호기,1호기,1호기
양품,2호기,1호기,1호기,1호기,1호기
양품,2호기,1호기,1호기,1호기,1호기
양품,2호기,1호기,1호기,1호기,1호기
양품,2호기,1호기,1호기,1호기,1호기
양품,2호기,1호기,1호기,1호기,1호기
양품,2호기,1호기,1호기,1호기,1호기
양품,2호기,1호기,1호기,1호기,1호기
양품,2호기,1호기,1호기,1호기,1호기
양품,2호기,1호기,1호기,1호기,1호기
양품,2호기,1호기,1호기,1호기,1호기
양품,2호기,1호기,1호기,1호기,1호기
양품,2호기,1호기,1호기,1호기,1호기
양품,2호기,1호기,1호기,1호기,1호기
양품,2호기,1호기,1호기,1호기,1호기
양품,2호기,1호기,1호기,1호기,2호기
양품,2호기,1호기,1호기,1호기,2호기
명점,2호기,1호기,1호기,1호기,2호기
양품,2호기,1호기,1호기,1호기,2호기
양품,2호기,1호기,1호기,1호기,2호기
양품,2호기,1호기,1호기,1호기,2호기
양품,2호기,1호기,1호기,1호기,2호기
양품,2호기,1호기,1호기,1호기,2호기
양품,2호기,1호기,1호기,1호기,2호기
양품,2호기,1호기,1호기,1호기,2호기
명점,2호기,1호기,1호기,1호기,2호기
양품,2호기,1호기,1호기,1호기,2호기
양품,2호기,1호기,1호기,1호기,2호기
양품,2호기,1호기,1호기,1호기,2호기
양품,2호기,1호기,1호기,1호기,2호기
양품,2호기,1호기,1호기,1호기,2호기
양품,2호기,1호기,1호기,1호기,2호기
양품,2호기,1호기,1호기,1호기,2호기
양품,2호기,1호기,1호기,1호기,2호기
양품,2호기,1호기,1호기,1호기,2호기
명점,1호기,1호기,2호기,2호기,2호기
양품,1호기,1호기,2호기,2호기,2호기
양품,1호기,1호기,2호기,2호기,2호기
양품,1호기,1호기,2호기,2호기,2호기
양품,1호기,1호기,2호기,2호기,2호기
명점,1호기,1호기,2호기,2호기,2호기
양품,1호기,1호기,2호기,2호기,2호기
양품,1호기,1호기,2호기,2호기,2호기
양품,1호기,1호기,2호기,2호기,2호기
양품,1호기,1호기,2호기,2호기,2호기
양품,1호기,1호기,2호기,2호기,2호기
양품,1호기,1호기,2호기,2호기,2호기
양품,1호기,1호기,2호기,2호기,2호기
양품,1호기,1호기,2호기,2호기,2호기
양품,1호기,1호기,2호기,2호기,2호기
양품,1호기,1호기,2호기,2호기,2호기
양품,1호기,1호기,2호기,2호기,2호기
양품,1호기,1호기,2호기,2호기,2호기
양품,1호기,1호기,2호기,2호기,2호기
양품,1호기,1호기,2호기,2호기,2호기
양품,1호기,2호기,1호기,1호기,2호기
양품,1호기,2호기,1호기,1호기,2호기
양품,1호기,2호기,1호기,1호기,2호기
양품,1호기,2호기,1호기,1호기,2호기
양품,1호기,2호기,1호기,1호기,2호기
양품,1호기,2호기,1호기,1호기,2호기
양품,1호기,2호기,1호기,1호기,2호기
명점,1호기,2호기,1호기,1호기,2호기
양품,1호기,2호기,1호기,1호기,2호기
양품,1호기,2호기,1호기,1호기,2호기
양품,1호기,2호기,1호기,1호기,2호기
양품,1호기,2호기,1호기,1호기,2호기
양품,1호기,2호기,1호기,1호기,2호기
양품,1호기,2호기,1호기,1호기,2호기
양품,1호기,2호기,1호기,1호기,2호기
양품,1호기,2호기,1호기,1호기,2호기
양품,1호기,2호기,1호기,1호기,2호기
양품,1호기,2호기,1호기,1호기,2호기
명점,1호기,2호기,1호기,1호기,2호기
양품,1호기,2호기,1호기,1호기,2호기
명점,1호기,2호기,2호기,1호기,2호기
명점,1호기,2호기,2호기,1호기,2호기
양품,1호기,2호기,2호기,1호기,2호기
양품,1호기,2호기,2호기,1호기,2호기
양품,1호기,2호기,2호기,1호기,2호기
양품,1호기,2호기,2호기,1호기,2호기
양품,1호기,2호기,2호기,1호기,2호기
양품,1호기,2호기,2호기,1호기,2호기
양품,1호기,2호기,2호기,1호기,2호기
양품,1호기,2호기,2호기,1호기,2호기
양품,1호기,2호기,2호기,1호기,2호기
양품,1호기,2호기,2호기,1호기,2호기
양품,1호기,2호기,2호기,1호기,2호기
양품,1호기,2호기,2호기,1호기,2호기
양품,1호기,2호기,2호기,1호기,2호기
양품,1호기,2호기,2호기,1호기,2호기
양품,1호기,2호기,2호기,1호기,2호기
명점,1호기,2호기,2호기,1호기,2호기
양품,1호기,2호기,2호기,1호기,2호기
양품,1호기,2호기,2호기,1호기,2호기
양품,2호기,2호기,2호기,1호기,2호기
양품,2호기,2호기,2호기,1호기,2호기
양품,2호기,2호기,2호기,1호기,2호기
양품,2호기,2호기,2호기,1호기,2호기
양품,2호기,2호기,2호기,1호기,2호기
양품,2호기,2호기,2호기,1호기,2호기
양품,2호기,2호기,2호기,1호기,2호기
양품,2호기,2호기,2호기,1호기,2호기
양품,2호기,2호기,2호기,1호기,2호기
양품,2호기,2호기,2호기,1호기,2호기
양품,2호기,2호기,2호기,1호기,2호기
양품,2호기,2호기,2호기,1호기,2호기
양품,2호기,2호기,2호기,1호기,2호기
양품,2호기,2호기,2호기,1호기,2호기
양품,2호기,2호기,2호기,1호기,2호기
양품,2호기,2호기,2호기,1호기,2호기
양품,2호기,2호기,2호기,1호기,2호기
양품,2호기,2호기,2호기,1호기,2호기
양품,2호기,2호기,2호기,1호기,2호기
양품,2호기,2호기,2호기,1호기,2호기
양품,2호기,1호기,1호기,1호기,1호기
양품,2호기,1호기,1호기,1호기,1호기
양품,2호기,1호기,1호기,1호기,1호기
양품,2호기,1호기,1호기,1호기,1호기
양품,2호기,1호기,1호기,1호기,1호기
양품,2호기,1호기,1호기,1호기,1호기
양품,2호기,1호기,1호기,1호기,1호기
명점,2호기,1호기,1호기,1호기,1호기
명점,2호기,1호기,1호기,1호기,1호기
양품,2호기,1호기,1호기,1호기,1호기
양품,2호기,1호기,1호기,1호기,1호기
양품,2호기,1호기,1호기,1호기,1호기
양품,2호기,1호기,1호기,1호기,1호기
양품,2호기,1호기,1호기,1호기,1호기
양품,2호기,1호기,1호기,1호기,1호기
양품,2호기,1호기,1호기,1호기,1호기
양품,2호기,1호기,1호기,1호기,1호기
양품,2호기,1호기,1호기,1호기,1호기
양품,2호기,1호기,1호기,1호기,1호기
양품,2호기,1호기,1호기,1호기,1호기
양품,2호기,2호기,1호기,2호기,1호기
양품,2호기,2호기,1호기,2호기,1호기
양품,2호기,2호기,1호기,2호기,1호기
양품,2호기,2호기,1호기,2호기,1호기
양품,2호기,2호기,1호기,2호기,1호기
양품,2호기,2호기,1호기,2호기,1호기
양품,2호기,2호기,1호기,2호기,1호기
양품,2호기,2호기,1호기,2호기,1호기
양품,2호기,2호기,1호기,2호기,1호기
양품,2호기,2호기,1호기,2호기,1호기
양품,2호기,2호기,1호기,2호기,1호기
양품,2호기,2호기,1호기,2호기,1호기
양품,2호기,2호기,1호기,2호기,1호기
양품,2호기,2호기,1호기,2호기,1호기
양품,2호기,2호기,1호기,2호기,1호기
양품,2호기,2호기,1호기,2호기,1호기
양품,2호기,2호기,1호기,2호기,1호기
양품,2호기,2호기,1호기,2호기,1호기
양품,2호기,2호기,1호기,2호기,1호기
양품,2호기,2호기,1호기,2호기,1호기
명점,2호기,1호기,2호기,1호기,1호기
양품,2호기,1호기,2호기,1호기,1호기
명점,2호기,1호기,2호기,1호기,1호기
양품,2호기,1호기,2호기,1호기,1호기
양품,2호기,1호기,2호기,1호기,1호기
양품,2호기,1호기,2호기,1호기,1호기
양품,2호기,1호기,2호기,1호기,1호기
양품,2호기,1호기,2호기,1호기,1호기
양품,2호기,1호기,2호기,1호기,1호기
양품,2호기,1호기,2호기,1호기,1호기
양품,2호기,1호기,2호기,1호기,1호기
양품,2호기,1호기,2호기,1호기,1호기
양품,2호기,1호기,2호기,1호기,1호기
양품,2호기,1호기,2호기,1호기,1호기
양품,2호기,1호기,2호기,1호기,1호기
양품,2호기,1호기,2호기,1호기,1호기
양품,2호기,1호기,2호기,1호기,1호기
양품,2호기,1호기,2호기,1호기,1호기
양품,2호기,1호기,2호기,1호기,1호기
명점,2호기,1호기,2호기,1호기,1호기
양품,1호기,2호기,2호기,1호기,2호기
양품,1호기,2호기,2호기,1호기,2호기
양품,1호기,2호기,2호기,1호기,2호기
양품,1호기,2호기,2호기,1호기,2호기
양품,1호기,2호기,2호기,1호기,2호기
양품,1호기,2호기,2호기,1호기,2호기
양품,1호기,2호기,2호기,1호기,2호기
양품,1호기,2호기,2호기,1호기,2호기
양품,1호기,2호기,2호기,1호기,2호기
양품,1호기,2호기,2호기,1호기,2호기
양품,1호기,2호기,2호기,1호기,2호기
양품,1호기,2호기,2호기,1호기,2호기
양품,1호기,2호기,2호기,1호기,2호기
양품,1호기,2호기,2호기,1호기,2호기
명점,1호기,2호기,2호기,1호기,2호기
명점,1호기,2호기,2호기,1호기,2호기
양품,1호기,2호기,2호기,1호기,2호기
양품,1호기,2호기,2호기,1호기,2호기
양품,1호기,2호기,2호기,1호기,2호기
양품,1호기,2호기,2호기,1호기,2호기
양품,2호기,2호기,2호기,2호기,2호기
양품,2호기,2호기,2호기,2호기,2호기
양품,2호기,2호기,2호기,2호기,2호기
양품,2호기,2호기,2호기,2호기,2호기
양품,2호기,2호기,2호기,2호기,2호기
양품,2호기,2호기,2호기,2호기,2호기
양품,2호기,2호기,2호기,2호기,2호기
명점,2호기,2호기,2호기,2호기,2호기
양품,2호기,2호기,2호기,2호기,2호기
양품,2호기,2호기,2호기,2호기,2호기
양품,2호기,2호기,2호기,2호기,2호기
양품,2호기,2호기,2호기,2호기,2호기
양품,2호기,2호기,2호기,2호기,2호기
양품,2호기,2호기,2호기,2호기,2호기
양품,2호기,2호기,2호기,2호기,2호기
양품,2호기,2호기,2호기,2호기,2호기
양품,2호기,2호기,2호기,2호기,2호기
양품,2호기,2호기,2호기,2호기,2호기
양품,2호기,2호기,2호기,2호기,2호기
양품,2호기,2호기,2호기,2호기,2호기
양품,1호기,2호기,2호기,2호기,1호기
양품,1호기,2호기,2호기,2호기,1호기
양품,1호기,2호기,2호기,2호기,1호기
양품,1호기,2호기,2호기,2호기,1호기
양품,1호기,2호기,2호기,2호기,1호기
양품,1호기,2호기,2호기,2호기,1호기
양품,1호기,2호기,2호기,2호기,1호기
양품,1호기,2호기,2호기,2호기,1호기
양품,1호기,2호기,2호기,2호기,1호기
양품,1호기,2호기,2호기,2호기,1호기
양품,1호기,2호기,2호기,2호기,1호기
양품,1호기,2호기,2호기,2호기,1호기
양품,1호기,2호기,2호기,2호기,1호기
양품,1호기,2호기,2호기,2호기,1호기
양품,1호기,2호기,2호기,2호기,1호기
양품,1호기,2호기,2호기,2호기,1호기
양품,1호기,2호기,2호기,2호기,1호기
명점,1호기,2호기,2호기,2호기,1호기
양품,1호기,2호기,2호기,2호기,1호기
양품,1호기,2호기,2호기,2호기,1호기
양품,1호기,2호기,1호기,2호기,2호기
양품,1호기,2호기,1호기,2호기,2호기
양품,1호기,2호기,1호기,2호기,2호기
양품,1호기,2호기,1호기,2호기,2호기
양품,1호기,2호기,1호기,2호기,2호기
명점,1호기,2호기,1호기,2호기,2호기
양품,1호기,2호기,1호기,2호기,2호기
양품,1호기,2호기,1호기,2호기,2호기
양품,1호기,2호기,1호기,2호기,2호기
양품,1호기,2호기,1호기,2호기,2호기
양품,1호기,2호기,1호기,2호기,2호기
양품,1호기,2호기,1호기,2호기,2호기
양품,1호기,2호기,1호기,2호기,2호기
양품,1호기,2호기,1호기,2호기,2호기
양품,1호기,2호기,1호기,2호기,2호기
양품,1호기,2호기,1호기,2호기,2호기
양품,1호기,2호기,1호기,2호기,2호기
양품,1호기,2호기,1호기,2호기,2호기
양품,1호기,2호기,1호기,2호기,2호기
양품,1호기,2호기,1호기,2호기,2호기
명점,1호기,2호기,2호기,2호기,1호기
양품,1호기,2호기,2호기,2호기,1호기
양품,1호기,2호기,2호기,2호기,1호기
양품,1호기,2호기,2호기,2호기,1호기
양품,1호기,2호기,2호기,2호기,1호기
양품,1호기,2호기,2호기,2호기,1호기
양품,1호기,2호기,2호기,2호기,1호기
양품,1호기,2호기,2호기,2호기,1호기
양품,1호기,2호기,2호기,2호기,1호기
양품,1호기,2호기,2호기,2호기,1호기
양품,1호기,2호기,2호기,2호기,1호기
양품,1호기,2호기,2호기,2호기,1호기
양품,1호기,2호기,2호기,2호기,1호기
양품,1호기,2호기,2호기,2호기,1호기
명점,1호기,2호기,2호기,2호기,1호기
양품,1호기,2호기,2호기,2호기,1호기
양품,1호기,2호기,2호기,2호기,1호기
양품,1호기,2호기,2호기,2호기,1호기
양품,1호기,2호기,2호기,2호기,1호기
양품,1호기,2호기,2호기,2호기,1호기
양품,1호기,2호기,1호기,1호기,2호기
양품,1호기,2호기,1호기,1호기,2호기
양품,1호기,2호기,1호기,1호기,2호기
양품,1호기,2호기,1호기,1호기,2호기
양품,1호기,2호기,1호기,1호기,2호기
양품,1호기,2호기,1호기,1호기,2호기
양품,1호기,2호기,1호기,1호기,2호기
양품,1호기,2호기,1호기,1호기,2호기
양품,1호기,2호기,1호기,1호기,2호기
양품,1호기,2호기,1호기,1호기,2호기
양품,1호기,2호기,1호기,1호기,2호기
양품,1호기,2호기,1호기,1호기,2호기
양품,1호기,2호기,1호기,1호기,2호기
양품,1호기,2호기,1호기,1호기,2호기
양품,1호기,2호기,1호기,1호기,2호기
양품,1호기,2호기,1호기,1호기,2호기
명점,1호기,2호기,1호기,1호기,2호기
양품,1호기,2호기,1호기,1호기,2호기
양품,1호기,2호기,1호기,1호기,2호기
양품,1호기,2호기,1호기,1호기,2호기
양품,2호기,2호기,2호기,2호기,1호기
양품,2호기,2호기,2호기,2호기,1호기
양품,2호기,2호기,2호기,2호기,1호기
양품,2호기,2호기,2호기,2호기,1호기
양품,2호기,2호기,2호기,2호기,1호기
양품,2호기,2호기,2호기,2호기,1호기
양품,2호기,2호기,2호기,2호기,1호기
양품,2호기,2호기,2호기,2호기,1호기
양품,2호기,2호기,2호기,2호기,1호기
양품,2호기,2호기,2호기,2호기,1호기
양품,2호기,2호기,2호기,2호기,1호기
양품,2호기,2호기,2호기,2호기,1호기
양품,2호기,2호기,2호기,2호기,1호기
양품,2호기,2호기,2호기,2호기,1호기
양품,2호기,2호기,2호기,2호기,1호기
양품,2호기,2호기,2호기,2호기,1호기
양품,2호기,2호기,2호기,2호기,1호기
양품,2호기,2호기,2호기,2호기,1호기
양품,2호기,2호기,2호기,2호기,1호기
양품,2호기,2호기,2호기,2호기,1호기
양품,1호기,2호기,2호기,2호기,1호기
양품,1호기,2호기,2호기,2호기,1호기
양품,1호기,2호기,2호기,2호기,1호기
양품,1호기,2호기,2호기,2호기,1호기
양품,1호기,2호기,2호기,2호기,1호기
양품,1호기,2호기,2호기,2호기,1호기
양품,1호기,2호기,2호기,2호기,1호기
양품,1호기,2호기,2호기,2호기,1호기
양품,1호기,2호기,2호기,2호기,1호기
양품,1호기,2호기,2호기,2호기,1호기
양품,1호기,2호기,2호기,2호기,1호기
양품,1호기,2호기,2호기,2호기,1호기
양품,1호기,2호기,2호기,2호기,1호기
양품,1호기,2호기,2호기,2호기,1호기
양품,1호기,2호기,2호기,2호기,1호기
양품,1호기,2호기,2호기,2호기,1호기
명점,1호기,2호기,2호기,2호기,1호기
양품,1호기,2호기,2호기,2호기,1호기
양품,1호기,2호기,2호기,2호기,1호기
양품,1호기,2호기,2호기,2호기,1호기
양품,2호기,1호기,1호기,1호기,1호기
양품,2호기,1호기,1호기,1호기,1호기
양품,2호기,1호기,1호기,1호기,1호기
양품,2호기,1호기,1호기,1호기,1호기
양품,2호기,1호기,1호기,1호기,1호기
양품,2호기,1호기,1호기,1호기,1호기
양품,2호기,1호기,1호기,1호기,1호기
양품,2호기,1호기,1호기,1호기,1호기
양품,2호기,1호기,1호기,1호기,1호기
양품,2호기,1호기,1호기,1호기,1호기
양품,2호기,1호기,1호기,1호기,1호기
양품,2호기,1호기,1호기,1호기,1호기
명점,2호기,1호기,1호기,1호기,1호기
양품,2호기,1호기,1호기,1호기,1호기
양품,2호기,1호기,1호기,1호기,1호기
양품,2호기,1호기,1호기,1호기,1호기
양품,2호기,1호기,1호기,1호기,1호기
양품,2호기,1호기,1호기,1호기,1호기
양품,2호기,1호기,1호기,1호기,1호기
양품,2호기,1호기,1호기,1호기,1호기
양품,1호기,1호기,1호기,1호기,2호기
양품,1호기,1호기,1호기,1호기,2호기
양품,1호기,1호기,1호기,1호기,2호기
양품,1호기,1호기,1호기,1호기,2호기
양품,1호기,1호기,1호기,1호기,2호기
양품,1호기,1호기,1호기,1호기,2호기
양품,1호기,1호기,1호기,1호기,2호기
양품,1호기,1호기,1호기,1호기,2호기
양품,1호기,1호기,1호기,1호기,2호기
양품,1호기,1호기,1호기,1호기,2호기
양품,1호기,1호기,1호기,1호기,2호기
양품,1호기,1호기,1호기,1호기,2호기
양품,1호기,1호기,1호기,1호기,2호기
양품,1호기,1호기,1호기,1호기,2호기
양품,1호기,1호기,1호기,1호기,2호기
양품,1호기,1호기,1호기,1호기,2호기
양품,1호기,1호기,1호기,1호기,2호기
양품,1호기,1호기,1호기,1호기,2호기
양품,1호기,1호기,1호기,1호기,2호기
양품,1호기,1호기,1호기,1호기,2호기
양품,1호기,1호기,2호기,2호기,2호기
양품,1호기,1호기,2호기,2호기,2호기
양품,1호기,1호기,2호기,2호기,2호기
양품,1호기,1호기,2호기,2호기,2호기
양품,1호기,1호기,2호기,2호기,2호기
양품,1호기,1호기,2호기,2호기,2호기
양품,1호기,1호기,2호기,2호기,2호기
명점,1호기,1호기,2호기,2호기,2호기
양품,1호기,1호기,2호기,2호기,2호기
양품,1호기,1호기,2호기,2호기,2호기
양품,1호기,1호기,2호기,2호기,2호기
명점,1호기,1호기,2호기,2호기,2호기
양품,1호기,1호기,2호기,2호기,2호기
양품,1호기,1호기,2호기,2호기,2호기
명점,1호기,1호기,2호기,2호기,2호기
양품,1호기,1호기,2호기,2호기,2호기
양품,1호기,1호기,2호기,2호기,2호기
양품,1호기,1호기,2호기,2호기,2호기
양품,1호기,1호기,2호기,2호기,2호기
양품,1호기,1호기,2호기,2호기,2호기
양품,2호기,2호기,2호기,2호기,2호기
양품,2호기,2호기,2호기,2호기,2호기
양품,2호기,2호기,2호기,2호기,2호기
양품,2호기,2호기,2호기,2호기,2호기
양품,2호기,2호기,2호기,2호기,2호기
양품,2호기,2호기,2호기,2호기,2호기
양품,2호기,2호기,2호기,2호기,2호기
양품,2호기,2호기,2호기,2호기,2호기
양품,2호기,2호기,2호기,2호기,2호기
양품,2호기,2호기,2호기,2호기,2호기
양품,2호기,2호기,2호기,2호기,2호기
양품,2호기,2호기,2호기,2호기,2호기
양품,2호기,2호기,2호기,2호기,2호기
명점,2호기,2호기,2호기,2호기,2호기
양품,2호기,2호기,2호기,2호기,2호기
양품,2호기,2호기,2호기,2호기,2호기
양품,2호기,2호기,2호기,2호기,2호기
양품,2호기,2호기,2호기,2호기,2호기
양품,2호기,2호기,2호기,2호기,2호기
양품,2호기,2호기,2호기,2호기,2호기
양품,2호기,2호기,1호기,2호기,1호기
양품,2호기,2호기,1호기,2호기,1호기
양품,2호기,2호기,1호기,2호기,1호기
양품,2호기,2호기,1호기,2호기,1호기
양품,2호기,2호기,1호기,2호기,1호기
양품,2호기,2호기,1호기,2호기,1호기
양품,2호기,2호기,1호기,2호기,1호기
양품,2호기,2호기,1호기,2호기,1호기
명점,2호기,2호기,1호기,2호기,1호기
양품,2호기,2호기,1호기,2호기,1호기
양품,2호기,2호기,1호기,2호기,1호기
양품,2호기,2호기,1호기,2호기,1호기
양품,2호기,2호기,1호기,2호기,1호기
양품,2호기,2호기,1호기,2호기,1호기
명점,2호기,2호기,1호기,2호기,1호기
양품,2호기,2호기,1호기,2호기,1호기
양품,2호기,2호기,1호기,2호기,1호기
양품,2호기,2호기,1호기,2호기,1호기
양품,2호기,2호기,1호기,2호기,1호기
양품,2호기,2호기,1호기,2호기,1호기
양품,1호기,1호기,1호기,1호기,1호기
명점,1호기,1호기,1호기,1호기,1호기
양품,1호기,1호기,1호기,1호기,1호기
양품,1호기,1호기,1호기,1호기,1호기
양품,1호기,1호기,1호기,1호기,1호기
양품,1호기,1호기,1호기,1호기,1호기
양품,1호기,1호기,1호기,1호기,1호기
양품,1호기,1호기,1호기,1호기,1호기
명점,1호기,1호기,1호기,1호기,1호기
양품,1호기,1호기,1호기,1호기,1호기
양품,1호기,1호기,1호기,1호기,1호기
양품,1호기,1호기,1호기,1호기,1호기
양품,1호기,1호기,1호기,1호기,1호기
양품,1호기,1호기,1호기,1호기,1호기
양품,1호기,1호기,1호기,1호기,1호기
양품,1호기,1호기,1호기,1호기,1호기
양품,1호기,1호기,1호기,1호기,1호기
양품,1호기,1호기,1호기,1호기,1호기
양품,1호기,1호기,1호기,1호기,1호기
양품,1호기,1호기,1호기,1호기,1호기
양품,1호기,2호기,2호기,1호기,2호기
양품,1호기,2호기,2호기,1호기,2호기
양품,1호기,2호기,2호기,1호기,2호기
양품,1호기,2호기,2호기,1호기,2호기
양품,1호기,2호기,2호기,1호기,2호기
양품,1호기,2호기,2호기,1호기,2호기
양품,1호기,2호기,2호기,1호기,2호기
양품,1호기,2호기,2호기,1호기,2호기
양품,1호기,2호기,2호기,1호기,2호기
양품,1호기,2호기,2호기,1호기,2호기
양품,1호기,2호기,2호기,1호기,2호기
양품,1호기,2호기,2호기,1호기,2호기
양품,1호기,2호기,2호기,1호기,2호기
양품,1호기,2호기,2호기,1호기,2호기
양품,1호기,2호기,2호기,1호기,2호기
양품,1호기,2호기,2호기,1호기,2호기
양품,1호기,2호기,2호기,1호기,2호기
양품,1호기,2호기,2호기,1호기,2호기
양품,1호기,2호기,2호기,1호기,2호기
양품,1호기,2호기,2호기,1호기,2호기
양품,1호기,2호기,1호기,2호기,1호기
양품,1호기,2호기,1호기,2호기,1호기
양품,1호기,2호기,1호기,2호기,1호기
양품,1호기,2호기,1호기,2호기,1호기
양품,1호기,2호기,1호기,2호기,1호기
양품,1호기,2호기,1호기,2호기,1호기
양품,1호기,2호기,1호기,2호기,1호기
양품,1호기,2호기,1호기,2호기,1호기
양품,1호기,2호기,1호기,2호기,1호기
양품,1호기,2호기,1호기,2호기,1호기
양품,1호기,2호기,1호기,2호기,1호기
양품,1호기,2호기,1호기,2호기,1호기
양품,1호기,2호기,1호기,2호기,1호기
양품,1호기,2호기,1호기,2호기,1호기
양품,1호기,2호기,1호기,2호기,1호기
양품,1호기,2호기,1호기,2호기,1호기
양품,1호기,2호기,1호기,2호기,1호기
명점,1호기,2호기,1호기,2호기,1호기
양품,1호기,2호기,1호기,2호기,1호기
양품,1호기,2호기,1호기,2호기,1호기
양품,2호기,1호기,2호기,2호기,2호기
양품,2호기,1호기,2호기,2호기,2호기
양품,2호기,1호기,2호기,2호기,2호기
명점,2호기,1호기,2호기,2호기,2호기
양품,2호기,1호기,2호기,2호기,2호기
양품,2호기,1호기,2호기,2호기,2호기
양품,2호기,1호기,2호기,2호기,2호기
양품,2호기,1호기,2호기,2호기,2호기
양품,2호기,1호기,2호기,2호기,2호기
양품,2호기,1호기,2호기,2호기,2호기
양품,2호기,1호기,2호기,2호기,2호기
양품,2호기,1호기,2호기,2호기,2호기
양품,2호기,1호기,2호기,2호기,2호기
양품,2호기,1호기,2호기,2호기,2호기
양품,2호기,1호기,2호기,2호기,2호기
명점,2호기,1호기,2호기,2호기,2호기
양품,2호기,1호기,2호기,2호기,2호기
양품,2호기,1호기,2호기,2호기,2호기
양품,2호기,1호기,2호기,2호기,2호기
양품,2호기,1호기,2호기,2호기,2호기
양품,1호기,1호기,2호기,1호기,1호기
양품,1호기,1호기,2호기,1호기,1호기
양품,1호기,1호기,2호기,1호기,1호기
양품,1호기,1호기,2호기,1호기,1호기
양품,1호기,1호기,2호기,1호기,1호기
양품,1호기,1호기,2호기,1호기,1호기
양품,1호기,1호기,2호기,1호기,1호기
양품,1호기,1호기,2호기,1호기,1호기
양품,1호기,1호기,2호기,1호기,1호기
양품,1호기,1호기,2호기,1호기,1호기
양품,1호기,1호기,2호기,1호기,1호기
명점,1호기,1호기,2호기,1호기,1호기
양품,1호기,1호기,2호기,1호기,1호기
양품,1호기,1호기,2호기,1호기,1호기
양품,1호기,1호기,2호기,1호기,1호기
양품,1호기,1호기,2호기,1호기,1호기
양품,1호기,1호기,2호기,1호기,1호기
양품,1호기,1호기,2호기,1호기,1호기
명점,1호기,1호기,2호기,1호기,1호기
양품,1호기,1호기,2호기,1호기,1호기
양품,1호기,1호기,2호기,2호기,1호기
양품,1호기,1호기,2호기,2호기,1호기
양품,1호기,1호기,2호기,2호기,1호기
양품,1호기,1호기,2호기,2호기,1호기
양품,1호기,1호기,2호기,2호기,1호기
양품,1호기,1호기,2호기,2호기,1호기
양품,1호기,1호기,2호기,2호기,1호기
양품,1호기,1호기,2호기,2호기,1호기
양품,1호기,1호기,2호기,2호기,1호기
양품,1호기,1호기,2호기,2호기,1호기
양품,1호기,1호기,2호기,2호기,1호기
양품,1호기,1호기,2호기,2호기,1호기
양품,1호기,1호기,2호기,2호기,1호기
양품,1호기,1호기,2호기,2호기,1호기
양품,1호기,1호기,2호기,2호기,1호기
양품,1호기,1호기,2호기,2호기,1호기
양품,1호기,1호기,2호기,2호기,1호기
명점,1호기,1호기,2호기,2호기,1호기
명점,1호기,1호기,2호기,2호기,1호기
양품,1호기,1호기,2호기,2호기,1호기
명점,2호기,2호기,1호기,2호기,2호기
양품,2호기,2호기,1호기,2호기,2호기
양품,2호기,2호기,1호기,2호기,2호기
양품,2호기,2호기,1호기,2호기,2호기
명점,2호기,2호기,1호기,2호기,2호기
양품,2호기,2호기,1호기,2호기,2호기
양품,2호기,2호기,1호기,2호기,2호기
양품,2호기,2호기,1호기,2호기,2호기
양품,2호기,2호기,1호기,2호기,2호기
양품,2호기,2호기,1호기,2호기,2호기
양품,2호기,2호기,1호기,2호기,2호기
양품,2호기,2호기,1호기,2호기,2호기
양품,2호기,2호기,1호기,2호기,2호기
양품,2호기,2호기,1호기,2호기,2호기
양품,2호기,2호기,1호기,2호기,2호기
양품,2호기,2호기,1호기,2호기,2호기
양품,2호기,2호기,1호기,2호기,2호기
양품,2호기,2호기,1호기,2호기,2호기
양품,2호기,2호기,1호기,2호기,2호기
양품,2호기,2호기,1호기,2호기,2호기
양품,2호기,2호기,2호기,2호기,1호기
양품,2호기,2호기,2호기,2호기,1호기
양품,2호기,2호기,2호기,2호기,1호기
양품,2호기,2호기,2호기,2호기,1호기
양품,2호기,2호기,2호기,2호기,1호기
양품,2호기,2호기,2호기,2호기,1호기
양품,2호기,2호기,2호기,2호기,1호기
양품,2호기,2호기,2호기,2호기,1호기
양품,2호기,2호기,2호기,2호기,1호기
양품,2호기,2호기,2호기,2호기,1호기
양품,2호기,2호기,2호기,2호기,1호기
양품,2호기,2호기,2호기,2호기,1호기
양품,2호기,2호기,2호기,2호기,1호기
양품,2호기,2호기,2호기,2호기,1호기
양품,2호기,2호기,2호기,2호기,1호기
양품,2호기,2호기,2호기,2호기,1호기
양품,2호기,2호기,2호기,2호기,1호기
명점,2호기,2호기,2호기,2호기,1호기
양품,2호기,2호기,2호기,2호기,1호기
양품,2호기,2호기,2호기,2호기,1호기
양품,1호기,2호기,2호기,2호기,2호기
양품,1호기,2호기,2호기,2호기,2호기
양품,1호기,2호기,2호기,2호기,2호기
양품,1호기,2호기,2호기,2호기,2호기
양품,1호기,2호기,2호기,2호기,2호기
양품,1호기,2호기,2호기,2호기,2호기
양품,1호기,2호기,2호기,2호기,2호기
양품,1호기,2호기,2호기,2호기,2호기
명점,1호기,2호기,2호기,2호기,2호기
명점,1호기,2호기,2호기,2호기,2호기
양품,1호기,2호기,2호기,2호기,2호기
양품,1호기,2호기,2호기,2호기,2호기
양품,1호기,2호기,2호기,2호기,2호기
양품,1호기,2호기,2호기,2호기,2호기
양품,1호기,2호기,2호기,2호기,2호기
양품,1호기,2호기,2호기,2호기,2호기
양품,1호기,2호기,2호기,2호기,2호기
양품,1호기,2호기,2호기,2호기,2호기
양품,1호기,2호기,2호기,2호기,2호기
양품,1호기,2호기,2호기,2호기,2호기
명점,1호기,2호기,2호기,1호기,1호기
양품,1호기,2호기,2호기,1호기,1호기
양품,1호기,2호기,2호기,1호기,1호기
양품,1호기,2호기,2호기,1호기,1호기
양품,1호기,2호기,2호기,1호기,1호기
명점,1호기,2호기,2호기,1호기,1호기
양품,1호기,2호기,2호기,1호기,1호기
양품,1호기,2호기,2호기,1호기,1호기
양품,1호기,2호기,2호기,1호기,1호기
양품,1호기,2호기,2호기,1호기,1호기
양품,1호기,2호기,2호기,1호기,1호기
명점,1호기,2호기,2호기,1호기,1호기
양품,1호기,2호기,2호기,1호기,1호기
양품,1호기,2호기,2호기,1호기,1호기
양품,1호기,2호기,2호기,1호기,1호기
양품,1호기,2호기,2호기,1호기,1호기
양품,1호기,2호기,2호기,1호기,1호기
양품,1호기,2호기,2호기,1호기,1호기
양품,1호기,2호기,2호기,1호기,1호기
양품,1호기,2호기,2호기,1호기,1호기
양품,2호기,1호기,2호기,1호기,1호기
양품,2호기,1호기,2호기,1호기,1호기
양품,2호기,1호기,2호기,1호기,1호기
양품,2호기,1호기,2호기,1호기,1호기
양품,2호기,1호기,2호기,1호기,1호기
양품,2호기,1호기,2호기,1호기,1호기
양품,2호기,1호기,2호기,1호기,1호기
양품,2호기,1호기,2호기,1호기,1호기
양품,2호기,1호기,2호기,1호기,1호기
명점,2호기,1호기,2호기,1호기,1호기
명점,2호기,1호기,2호기,1호기,1호기
양품,2호기,1호기,2호기,1호기,1호기
양품,2호기,1호기,2호기,1호기,1호기
명점,2호기,1호기,2호기,1호기,1호기
양품,2호기,1호기,2호기,1호기,1호기
양품,2호기,1호기,2호기,1호기,1호기
양품,2호기,1호기,2호기,1호기,1호기
양품,2호기,1호기,2호기,1호기,1호기
양품,2호기,1호기,2호기,1호기,1호기
양품,2호기,1호기,2호기,1호기,1호기
양품,1호기,1호기,2호기,2호기,1호기
양품,1호기,1호기,2호기,2호기,1호기
양품,1호기,1호기,2호기,2호기,1호기
양품,1호기,1호기,2호기,2호기,1호기
양품,1호기,1호기,2호기,2호기,1호기
양품,1호기,1호기,2호기,2호기,1호기
양품,1호기,1호기,2호기,2호기,1호기
양품,1호기,1호기,2호기,2호기,1호기
양품,1호기,1호기,2호기,2호기,1호기
양품,1호기,1호기,2호기,2호기,1호기
양품,1호기,1호기,2호기,2호기,1호기
양품,1호기,1호기,2호기,2호기,1호기
양품,1호기,1호기,2호기,2호기,1호기
명점,1호기,1호기,2호기,2호기,1호기
양품,1호기,1호기,2호기,2호기,1호기
양품,1호기,1호기,2호기,2호기,1호기
양품,1호기,1호기,2호기,2호기,1호기
양품,1호기,1호기,2호기,2호기,1호기
양품,1호기,1호기,2호기,2호기,1호기
양품,1호기,1호기,2호기,2호기,1호기
양품,2호기,1호기,1호기,2호기,1호기
양품,2호기,1호기,1호기,2호기,1호기
양품,2호기,1호기,1호기,2호기,1호기
양품,2호기,1호기,1호기,2호기,1호기
명점,2호기,1호기,1호기,2호기,1호기
양품,2호기,1호기,1호기,2호기,1호기
양품,2호기,1호기,1호기,2호기,1호기
양품,2호기,1호기,1호기,2호기,1호기
양품,2호기,1호기,1호기,2호기,1호기
양품,2호기,1호기,1호기,2호기,1호기
양품,2호기,1호기,1호기,2호기,1호기
양품,2호기,1호기,1호기,2호기,1호기
양품,2호기,1호기,1호기,2호기,1호기
양품,2호기,1호기,1호기,2호기,1호기
양품,2호기,1호기,1호기,2호기,1호기
양품,2호기,1호기,1호기,2호기,1호기
양품,2호기,1호기,1호기,2호기,1호기
명점,2호기,1호기,1호기,2호기,1호기
양품,2호기,1호기,1호기,2호기,1호기
양품,2호기,1호기,1호기,2호기,1호기
양품,1호기,2호기,2호기,1호기,1호기
양품,1호기,2호기,2호기,1호기,1호기
양품,1호기,2호기,2호기,1호기,1호기
양품,1호기,2호기,2호기,1호기,1호기
양품,1호기,2호기,2호기,1호기,1호기
양품,1호기,2호기,2호기,1호기,1호기
양품,1호기,2호기,2호기,1호기,1호기
양품,1호기,2호기,2호기,1호기,1호기
양품,1호기,2호기,2호기,1호기,1호기
양품,1호기,2호기,2호기,1호기,1호기
양품,1호기,2호기,2호기,1호기,1호기
양품,1호기,2호기,2호기,1호기,1호기
양품,1호기,2호기,2호기,1호기,1호기
양품,1호기,2호기,2호기,1호기,1호기
양품,1호기,2호기,2호기,1호기,1호기
양품,1호기,2호기,2호기,1호기,1호기
양품,1호기,2호기,2호기,1호기,1호기
양품,1호기,2호기,2호기,1호기,1호기
양품,1호기,2호기,2호기,1호기,1호기
명점,1호기,2호기,2호기,1호기,1호기
양품,2호기,1호기,2호기,1호기,2호기
양품,2호기,1호기,2호기,1호기,2호기
양품,2호기,1호기,2호기,1호기,2호기
양품,2호기,1호기,2호기,1호기,2호기
양품,2호기,1호기,2호기,1호기,2호기
양품,2호기,1호기,2호기,1호기,2호기
양품,2호기,1호기,2호기,1호기,2호기
양품,2호기,1호기,2호기,1호기,2호기
양품,2호기,1호기,2호기,1호기,2호기
양품,2호기,1호기,2호기,1호기,2호기
양품,2호기,1호기,2호기,1호기,2호기
명점,2호기,1호기,2호기,1호기,2호기
양품,2호기,1호기,2호기,1호기,2호기
양품,2호기,1호기,2호기,1호기,2호기
양품,2호기,1호기,2호기,1호기,2호기
양품,2호기,1호기,2호기,1호기,2호기
양품,2호기,1호기,2호기,1호기,2호기
양품,2호기,1호기,2호기,1호기,2호기
양품,2호기,1호기,2호기,1호기,2호기
양품,2호기,1호기,2호기,1호기,2호기
양품,2호기,2호기,1호기,1호기,1호기
명점,2호기,2호기,1호기,1호기,1호기
양품,2호기,2호기,1호기,1호기,1호기
양품,2호기,2호기,1호기,1호기,1호기
양품,2호기,2호기,1호기,1호기,1호기
명점,2호기,2호기,1호기,1호기,1호기
양품,2호기,2호기,1호기,1호기,1호기
양품,2호기,2호기,1호기,1호기,1호기
양품,2호기,2호기,1호기,1호기,1호기
양품,2호기,2호기,1호기,1호기,1호기
양품,2호기,2호기,1호기,1호기,1호기
양품,2호기,2호기,1호기,1호기,1호기
양품,2호기,2호기,1호기,1호기,1호기
양품,2호기,2호기,1호기,1호기,1호기
양품,2호기,2호기,1호기,1호기,1호기
양품,2호기,2호기,1호기,1호기,1호기
양품,2호기,2호기,1호기,1호기,1호기
양품,2호기,2호기,1호기,1호기,1호기
양품,2호기,2호기,1호기,1호기,1호기
명점,2호기,2호기,1호기,1호기,1호기
양품,1호기,1호기,2호기,2호기,2호기
양품,1호기,1호기,2호기,2호기,2호기
양품,1호기,1호기,2호기,2호기,2호기
양품,1호기,1호기,2호기,2호기,2호기
양품,1호기,1호기,2호기,2호기,2호기
양품,1호기,1호기,2호기,2호기,2호기
양품,1호기,1호기,2호기,2호기,2호기
양품,1호기,1호기,2호기,2호기,2호기
양품,1호기,1호기,2호기,2호기,2호기
양품,1호기,1호기,2호기,2호기,2호기
양품,1호기,1호기,2호기,2호기,2호기
양품,1호기,1호기,2호기,2호기,2호기
양품,1호기,1호기,2호기,2호기,2호기
양품,1호기,1호기,2호기,2호기,2호기
양품,1호기,1호기,2호기,2호기,2호기
양품,1호기,1호기,2호기,2호기,2호기
양품,1호기,1호기,2호기,2호기,2호기
양품,1호기,1호기,2호기,2호기,2호기
양품,1호기,1호기,2호기,2호기,2호기
양품,1호기,1호기,2호기,2호기,2호기
양품,1호기,1호기,2호기,1호기,1호기
양품,1호기,1호기,2호기,1호기,1호기
양품,1호기,1호기,2호기,1호기,1호기
양품,1호기,1호기,2호기,1호기,1호기
양품,1호기,1호기,2호기,1호기,1호기
양품,1호기,1호기,2호기,1호기,1호기
양품,1호기,1호기,2호기,1호기,1호기
양품,1호기,1호기,2호기,1호기,1호기
양품,1호기,1호기,2호기,1호기,1호기
양품,1호기,1호기,2호기,1호기,1호기
양품,1호기,1호기,2호기,1호기,1호기
양품,1호기,1호기,2호기,1호기,1호기
양품,1호기,1호기,2호기,1호기,1호기
양품,1호기,1호기,2호기,1호기,1호기
양품,1호기,1호기,2호기,1호기,1호기
양품,1호기,1호기,2호기,1호기,1호기
명점,1호기,1호기,2호기,1호기,1호기
양품,1호기,1호기,2호기,1호기,1호기
양품,1호기,1호기,2호기,1호기,1호기
양품,1호기,1호기,2호기,1호기,1호기
양품,2호기,2호기,2호기,1호기,1호기
양품,2호기,2호기,2호기,1호기,1호기
양품,2호기,2호기,2호기,1호기,1호기
명점,2호기,2호기,2호기,1호기,1호기
양품,2호기,2호기,2호기,1호기,1호기
양품,2호기,2호기,2호기,1호기,1호기
양품,2호기,2호기,2호기,1호기,1호기
양품,2호기,2호기,2호기,1호기,1호기
양품,2호기,2호기,2호기,1호기,1호기
양품,2호기,2호기,2호기,1호기,1호기
양품,2호기,2호기,2호기,1호기,1호기
양품,2호기,2호기,2호기,1호기,1호기
양품,2호기,2호기,2호기,1호기,1호기
양품,2호기,2호기,2호기,1호기,1호기
양품,2호기,2호기,2호기,1호기,1호기
양품,2호기,2호기,2호기,1호기,1호기
양품,2호기,2호기,2호기,1호기,1호기
양품,2호기,2호기,2호기,1호기,1호기
양품,2호기,2호기,2호기,1호기,1호기
양품,2호기,2호기,2호기,1호기,1호기
명점,1호기,2호기,2호기,2호기,1호기
양품,1호기,2호기,2호기,2호기,1호기
양품,1호기,2호기,2호기,2호기,1호기
양품,1호기,2호기,2호기,2호기,1호기
양품,1호기,2호기,2호기,2호기,1호기
양품,1호기,2호기,2호기,2호기,1호기
양품,1호기,2호기,2호기,2호기,1호기
양품,1호기,2호기,2호기,2호기,1호기
양품,1호기,2호기,2호기,2호기,1호기
양품,1호기,2호기,2호기,2호기,1호기
양품,1호기,2호기,2호기,2호기,1호기
양품,1호기,2호기,2호기,2호기,1호기
양품,1호기,2호기,2호기,2호기,1호기
양품,1호기,2호기,2호기,2호기,1호기
양품,1호기,2호기,2호기,2호기,1호기
양품,1호기,2호기,2호기,2호기,1호기
양품,1호기,2호기,2호기,2호기,1호기
양품,1호기,2호기,2호기,2호기,1호기
양품,1호기,2호기,2호기,2호기,1호기
양품,1호기,2호기,2호기,2호기,1호기
양품,2호기,1호기,1호기,1호기,2호기
양품,2호기,1호기,1호기,1호기,2호기
양품,2호기,1호기,1호기,1호기,2호기
명점,2호기,1호기,1호기,1호기,2호기
양품,2호기,1호기,1호기,1호기,2호기
양품,2호기,1호기,1호기,1호기,2호기
양품,2호기,1호기,1호기,1호기,2호기
양품,2호기,1호기,1호기,1호기,2호기
양품,2호기,1호기,1호기,1호기,2호기
양품,2호기,1호기,1호기,1호기,2호기
양품,2호기,1호기,1호기,1호기,2호기
양품,2호기,1호기,1호기,1호기,2호기
양품,2호기,1호기,1호기,1호기,2호기
양품,2호기,1호기,1호기,1호기,2호기
양품,2호기,1호기,1호기,1호기,2호기
명점,2호기,1호기,1호기,1호기,2호기
양품,2호기,1호기,1호기,1호기,2호기
양품,2호기,1호기,1호기,1호기,2호기
양품,2호기,1호기,1호기,1호기,2호기
양품,2호기,1호기,1호기,1호기,2호기
양품,1호기,2호기,1호기,2호기,1호기
양품,1호기,2호기,1호기,2호기,1호기
양품,1호기,2호기,1호기,2호기,1호기
양품,1호기,2호기,1호기,2호기,1호기
양품,1호기,2호기,1호기,2호기,1호기
양품,1호기,2호기,1호기,2호기,1호기
명점,1호기,2호기,1호기,2호기,1호기
양품,1호기,2호기,1호기,2호기,1호기
양품,1호기,2호기,1호기,2호기,1호기
양품,1호기,2호기,1호기,2호기,1호기
양품,1호기,2호기,1호기,2호기,1호기
양품,1호기,2호기,1호기,2호기,1호기
양품,1호기,2호기,1호기,2호기,1호기
명점,1호기,2호기,1호기,2호기,1호기
양품,1호기,2호기,1호기,2호기,1호기
양품,1호기,2호기,1호기,2호기,1호기
양품,1호기,2호기,1호기,2호기,1호기
명점,1호기,2호기,1호기,2호기,1호기
양품,1호기,2호기,1호기,2호기,1호기
양품,1호기,2호기,1호기,2호기,1호기
양품,1호기,2호기,1호기,1호기,1호기
양품,1호기,2호기,1호기,1호기,1호기
양품,1호기,2호기,1호기,1호기,1호기
양품,1호기,2호기,1호기,1호기,1호기
양품,1호기,2호기,1호기,1호기,1호기
양품,1호기,2호기,1호기,1호기,1호기
양품,1호기,2호기,1호기,1호기,1호기
양품,1호기,2호기,1호기,1호기,1호기
양품,1호기,2호기,1호기,1호기,1호기
양품,1호기,2호기,1호기,1호기,1호기
양품,1호기,2호기,1호기,1호기,1호기
양품,1호기,2호기,1호기,1호기,1호기
명점,1호기,2호기,1호기,1호기,1호기
명점,1호기,2호기,1호기,1호기,1호기
양품,1호기,2호기,1호기,1호기,1호기
양품,1호기,2호기,1호기,1호기,1호기
양품,1호기,2호기,1호기,1호기,1호기
양품,1호기,2호기,1호기,1호기,1호기
양품,1호기,2호기,1호기,1호기,1호기
양품,1호기,2호기,1호기,1호기,1호기
양품,1호기,1호기,2호기,2호기,1호기
양품,1호기,1호기,2호기,2호기,1호기
양품,1호기,1호기,2호기,2호기,1호기
양품,1호기,1호기,2호기,2호기,1호기
양품,1호기,1호기,2호기,2호기,1호기
양품,1호기,1호기,2호기,2호기,1호기
양품,1호기,1호기,2호기,2호기,1호기
명점,1호기,1호기,2호기,2호기,1호기
양품,1호기,1호기,2호기,2호기,1호기
양품,1호기,1호기,2호기,2호기,1호기
양품,1호기,1호기,2호기,2호기,1호기
양품,1호기,1호기,2호기,2호기,1호기
양품,1호기,1호기,2호기,2호기,1호기
양품,1호기,1호기,2호기,2호기,1호기
양품,1호기,1호기,2호기,2호기,1호기
명점,1호기,1호기,2호기,2호기,1호기
양품,1호기,1호기,2호기,2호기,1호기
양품,1호기,1호기,2호기,2호기,1호기
양품,1호기,1호기,2호기,2호기,1호기
양품,1호기,1호기,2호기,2호기,1호기
양품,2호기,2호기,1호기,2호기,1호기
양품,2호기,2호기,1호기,2호기,1호기
양품,2호기,2호기,1호기,2호기,1호기
양품,2호기,2호기,1호기,2호기,1호기
양품,2호기,2호기,1호기,2호기,1호기
양품,2호기,2호기,1호기,2호기,1호기
양품,2호기,2호기,1호기,2호기,1호기
양품,2호기,2호기,1호기,2호기,1호기
양품,2호기,2호기,1호기,2호기,1호기
양품,2호기,2호기,1호기,2호기,1호기
명점,2호기,2호기,1호기,2호기,1호기
양품,2호기,2호기,1호기,2호기,1호기
명점,2호기,2호기,1호기,2호기,1호기
양품,2호기,2호기,1호기,2호기,1호기
양품,2호기,2호기,1호기,2호기,1호기
양품,2호기,2호기,1호기,2호기,1호기
양품,2호기,2호기,1호기,2호기,1호기
양품,2호기,2호기,1호기,2호기,1호기
양품,2호기,2호기,1호기,2호기,1호기
양품,2호기,2호기,1호기,2호기,1호기
명점,2호기,1호기,2호기,2호기,2호기
양품,2호기,1호기,2호기,2호기,2호기
양품,2호기,1호기,2호기,2호기,2호기
양품,2호기,1호기,2호기,2호기,2호기
양품,2호기,1호기,2호기,2호기,2호기
양품,2호기,1호기,2호기,2호기,2호기
양품,2호기,1호기,2호기,2호기,2호기
양품,2호기,1호기,2호기,2호기,2호기
양품,2호기,1호기,2호기,2호기,2호기
양품,2호기,1호기,2호기,2호기,2호기
양품,2호기,1호기,2호기,2호기,2호기
양품,2호기,1호기,2호기,2호기,2호기
양품,2호기,1호기,2호기,2호기,2호기
양품,2호기,1호기,2호기,2호기,2호기
양품,2호기,1호기,2호기,2호기,2호기
양품,2호기,1호기,2호기,2호기,2호기
양품,2호기,1호기,2호기,2호기,2호기
양품,2호기,1호기,2호기,2호기,2호기
양품,2호기,1호기,2호기,2호기,2호기
양품,2호기,1호기,2호기,2호기,2호기
양품,1호기,2호기,2호기,2호기,2호기
양품,1호기,2호기,2호기,2호기,2호기
명점,1호기,2호기,2호기,2호기,2호기
양품,1호기,2호기,2호기,2호기,2호기
양품,1호기,2호기,2호기,2호기,2호기
양품,1호기,2호기,2호기,2호기,2호기
양품,1호기,2호기,2호기,2호기,2호기
양품,1호기,2호기,2호기,2호기,2호기
명점,1호기,2호기,2호기,2호기,2호기
양품,1호기,2호기,2호기,2호기,2호기
양품,1호기,2호기,2호기,2호기,2호기
양품,1호기,2호기,2호기,2호기,2호기
양품,1호기,2호기,2호기,2호기,2호기
양품,1호기,2호기,2호기,2호기,2호기
양품,1호기,2호기,2호기,2호기,2호기
양품,1호기,2호기,2호기,2호기,2호기
양품,1호기,2호기,2호기,2호기,2호기
양품,1호기,2호기,2호기,2호기,2호기
양품,1호기,2호기,2호기,2호기,2호기
양품,1호기,2호기,2호기,2호기,2호기
양품,1호기,1호기,2호기,2호기,2호기
양품,1호기,1호기,2호기,2호기,2호기
양품,1호기,1호기,2호기,2호기,2호기
양품,1호기,1호기,2호기,2호기,2호기
명점,1호기,1호기,2호기,2호기,2호기
양품,1호기,1호기,2호기,2호기,2호기
양품,1호기,1호기,2호기,2호기,2호기
양품,1호기,1호기,2호기,2호기,2호기
양품,1호기,1호기,2호기,2호기,2호기
양품,1호기,1호기,2호기,2호기,2호기
양품,1호기,1호기,2호기,2호기,2호기
양품,1호기,1호기,2호기,2호기,2호기
양품,1호기,1호기,2호기,2호기,2호기
양품,1호기,1호기,2호기,2호기,2호기
양품,1호기,1호기,2호기,2호기,2호기
양품,1호기,1호기,2호기,2호기,2호기
양품,1호기,1호기,2호기,2호기,2호기
양품,1호기,1호기,2호기,2호기,2호기
양품,1호기,1호기,2호기,2호기,2호기
양품,1호기,1호기,2호기,2호기,2호기
양품,1호기,2호기,2호기,1호기,1호기
양품,1호기,2호기,2호기,1호기,1호기
양품,1호기,2호기,2호기,1호기,1호기
명점,1호기,2호기,2호기,1호기,1호기
명점,1호기,2호기,2호기,1호기,1호기
양품,1호기,2호기,2호기,1호기,1호기
양품,1호기,2호기,2호기,1호기,1호기
양품,1호기,2호기,2호기,1호기,1호기
명점,1호기,2호기,2호기,1호기,1호기
양품,1호기,2호기,2호기,1호기,1호기
양품,1호기,2호기,2호기,1호기,1호기
양품,1호기,2호기,2호기,1호기,1호기
양품,1호기,2호기,2호기,1호기,1호기
양품,1호기,2호기,2호기,1호기,1호기
양품,1호기,2호기,2호기,1호기,1호기
양품,1호기,2호기,2호기,1호기,1호기
양품,1호기,2호기,2호기,1호기,1호기
양품,1호기,2호기,2호기,1호기,1호기
양품,1호기,2호기,2호기,1호기,1호기
양품,1호기,2호기,2호기,1호기,1호기
양품,2호기,2호기,2호기,2호기,2호기
양품,2호기,2호기,2호기,2호기,2호기
양품,2호기,2호기,2호기,2호기,2호기
양품,2호기,2호기,2호기,2호기,2호기
양품,2호기,2호기,2호기,2호기,2호기
양품,2호기,2호기,2호기,2호기,2호기
양품,2호기,2호기,2호기,2호기,2호기
양품,2호기,2호기,2호기,2호기,2호기
명점,2호기,2호기,2호기,2호기,2호기
양품,2호기,2호기,2호기,2호기,2호기
양품,2호기,2호기,2호기,2호기,2호기
양품,2호기,2호기,2호기,2호기,2호기
양품,2호기,2호기,2호기,2호기,2호기
양품,2호기,2호기,2호기,2호기,2호기
양품,2호기,2호기,2호기,2호기,2호기
양품,2호기,2호기,2호기,2호기,2호기
양품,2호기,2호기,2호기,2호기,2호기
양품,2호기,2호기,2호기,2호기,2호기
양품,2호기,2호기,2호기,2호기,2호기
양품,2호기,2호기,2호기,2호기,2호기
양품,1호기,1호기,2호기,1호기,1호기
양품,1호기,1호기,2호기,1호기,1호기
양품,1호기,1호기,2호기,1호기,1호기
양품,1호기,1호기,2호기,1호기,1호기
양품,1호기,1호기,2호기,1호기,1호기
양품,1호기,1호기,2호기,1호기,1호기
양품,1호기,1호기,2호기,1호기,1호기
양품,1호기,1호기,2호기,1호기,1호기
명점,1호기,1호기,2호기,1호기,1호기
양품,1호기,1호기,2호기,1호기,1호기
양품,1호기,1호기,2호기,1호기,1호기
명점,1호기,1호기,2호기,1호기,1호기
양품,1호기,1호기,2호기,1호기,1호기
양품,1호기,1호기,2호기,1호기,1호기
양품,1호기,1호기,2호기,1호기,1호기
양품,1호기,1호기,2호기,1호기,1호기
양품,1호기,1호기,2호기,1호기,1호기
양품,1호기,1호기,2호기,1호기,1호기
양품,1호기,1호기,2호기,1호기,1호기
양품,1호기,1호기,2호기,1호기,1호기
양품,2호기,2호기,2호기,2호기,1호기
양품,2호기,2호기,2호기,2호기,1호기
양품,2호기,2호기,2호기,2호기,1호기
명점,2호기,2호기,2호기,2호기,1호기
양품,2호기,2호기,2호기,2호기,1호기
양품,2호기,2호기,2호기,2호기,1호기
명점,2호기,2호기,2호기,2호기,1호기
양품,2호기,2호기,2호기,2호기,1호기
양품,2호기,2호기,2호기,2호기,1호기
양품,2호기,2호기,2호기,2호기,1호기
양품,2호기,2호기,2호기,2호기,1호기
양품,2호기,2호기,2호기,2호기,1호기
양품,2호기,2호기,2호기,2호기,1호기
양품,2호기,2호기,2호기,2호기,1호기
양품,2호기,2호기,2호기,2호기,1호기
양품,2호기,2호기,2호기,2호기,1호기
양품,2호기,2호기,2호기,2호기,1호기
양품,2호기,2호기,2호기,2호기,1호기
양품,2호기,2호기,2호기,2호기,1호기
명점,2호기,2호기,2호기,2호기,1호기
명점,1호기,1호기,2호기,1호기,2호기
양품,1호기,1호기,2호기,1호기,2호기
양품,1호기,1호기,2호기,1호기,2호기
양품,1호기,1호기,2호기,1호기,2호기
양품,1호기,1호기,2호기,1호기,2호기
명점,1호기,1호기,2호기,1호기,2호기
양품,1호기,1호기,2호기,1호기,2호기
양품,1호기,1호기,2호기,1호기,2호기
양품,1호기,1호기,2호기,1호기,2호기
양품,1호기,1호기,2호기,1호기,2호기
양품,1호기,1호기,2호기,1호기,2호기
명점,1호기,1호기,2호기,1호기,2호기
양품,1호기,1호기,2호기,1호기,2호기
양품,1호기,1호기,2호기,1호기,2호기
양품,1호기,1호기,2호기,1호기,2호기
양품,1호기,1호기,2호기,1호기,2호기
양품,1호기,1호기,2호기,1호기,2호기
명점,1호기,1호기,2호기,1호기,2호기
양품,1호기,1호기,2호기,1호기,2호기
양품,1호기,1호기,2호기,1호기,2호기
양품,1호기,1호기,2호기,2호기,2호기
양품,1호기,1호기,2호기,2호기,2호기
양품,1호기,1호기,2호기,2호기,2호기
양품,1호기,1호기,2호기,2호기,2호기
명점,1호기,1호기,2호기,2호기,2호기
양품,1호기,1호기,2호기,2호기,2호기
명점,1호기,1호기,2호기,2호기,2호기
양품,1호기,1호기,2호기,2호기,2호기
양품,1호기,1호기,2호기,2호기,2호기
양품,1호기,1호기,2호기,2호기,2호기
양품,1호기,1호기,2호기,2호기,2호기
양품,1호기,1호기,2호기,2호기,2호기
양품,1호기,1호기,2호기,2호기,2호기
양품,1호기,1호기,2호기,2호기,2호기
양품,1호기,1호기,2호기,2호기,2호기
양품,1호기,1호기,2호기,2호기,2호기
양품,1호기,1호기,2호기,2호기,2호기
양품,1호기,1호기,2호기,2호기,2호기
양품,1호기,1호기,2호기,2호기,2호기
양품,1호기,1호기,2호기,2호기,2호기
양품,2호기,1호기,1호기,1호기,1호기
양품,2호기,1호기,1호기,1호기,1호기
명점,2호기,1호기,1호기,1호기,1호기
양품,2호기,1호기,1호기,1호기,1호기
양품,2호기,1호기,1호기,1호기,1호기
양품,2호기,1호기,1호기,1호기,1호기
양품,2호기,1호기,1호기,1호기,1호기
양품,2호기,1호기,1호기,1호기,1호기
양품,2호기,1호기,1호기,1호기,1호기
명점,2호기,1호기,1호기,1호기,1호기
양품,2호기,1호기,1호기,1호기,1호기
양품,2호기,1호기,1호기,1호기,1호기
양품,2호기,1호기,1호기,1호기,1호기
양품,2호기,1호기,1호기,1호기,1호기
양품,2호기,1호기,1호기,1호기,1호기
양품,2호기,1호기,1호기,1호기,1호기
양품,2호기,1호기,1호기,1호기,1호기
명점,2호기,1호기,1호기,1호기,1호기
양품,2호기,1호기,1호기,1호기,1호기
양품,2호기,1호기,1호기,1호기,1호기
양품,2호기,1호기,2호기,1호기,2호기
명점,2호기,1호기,2호기,1호기,2호기
양품,2호기,1호기,2호기,1호기,2호기
양품,2호기,1호기,2호기,1호기,2호기
양품,2호기,1호기,2호기,1호기,2호기
양품,2호기,1호기,2호기,1호기,2호기
양품,2호기,1호기,2호기,1호기,2호기
양품,2호기,1호기,2호기,1호기,2호기
양품,2호기,1호기,2호기,1호기,2호기
양품,2호기,1호기,2호기,1호기,2호기
명점,2호기,1호기,2호기,1호기,2호기
양품,2호기,1호기,2호기,1호기,2호기
양품,2호기,1호기,2호기,1호기,2호기
양품,2호기,1호기,2호기,1호기,2호기
명점,2호기,1호기,2호기,1호기,2호기
양품,2호기,1호기,2호기,1호기,2호기
양품,2호기,1호기,2호기,1호기,2호기
양품,2호기,1호기,2호기,1호기,2호기
양품,2호기,1호기,2호기,1호기,2호기
명점,2호기,1호기,2호기,1호기,2호기
양품,1호기,1호기,1호기,2호기,1호기
양품,1호기,1호기,1호기,2호기,1호기
양품,1호기,1호기,1호기,2호기,1호기
양품,1호기,1호기,1호기,2호기,1호기
양품,1호기,1호기,1호기,2호기,1호기
양품,1호기,1호기,1호기,2호기,1호기
양품,1호기,1호기,1호기,2호기,1호기
양품,1호기,1호기,1호기,2호기,1호기
양품,1호기,1호기,1호기,2호기,1호기
양품,1호기,1호기,1호기,2호기,1호기
양품,1호기,1호기,1호기,2호기,1호기
양품,1호기,1호기,1호기,2호기,1호기
명점,1호기,1호기,1호기,2호기,1호기
양품,1호기,1호기,1호기,2호기,1호기
양품,1호기,1호기,1호기,2호기,1호기
양품,1호기,1호기,1호기,2호기,1호기
양품,1호기,1호기,1호기,2호기,1호기
명점,1호기,1호기,1호기,2호기,1호기
양품,1호기,1호기,1호기,2호기,1호기
양품,1호기,1호기,1호기,2호기,1호기
명점,1호기,2호기,1호기,1호기,1호기
양품,1호기,2호기,1호기,1호기,1호기
명점,1호기,2호기,1호기,1호기,1호기
양품,1호기,2호기,1호기,1호기,1호기
양품,1호기,2호기,1호기,1호기,1호기
명점,1호기,2호기,1호기,1호기,1호기
양품,1호기,2호기,1호기,1호기,1호기
양품,1호기,2호기,1호기,1호기,1호기
양품,1호기,2호기,1호기,1호기,1호기
양품,1호기,2호기,1호기,1호기,1호기
명점,1호기,2호기,1호기,1호기,1호기
양품,1호기,2호기,1호기,1호기,1호기
양품,1호기,2호기,1호기,1호기,1호기
양품,1호기,2호기,1호기,1호기,1호기
양품,1호기,2호기,1호기,1호기,1호기
양품,1호기,2호기,1호기,1호기,1호기
양품,1호기,2호기,1호기,1호기,1호기
양품,1호기,2호기,1호기,1호기,1호기
양품,1호기,2호기,1호기,1호기,1호기
양품,1호기,2호기,1호기,1호기,1호기
양품,2호기,2호기,1호기,1호기,1호기
양품,2호기,2호기,1호기,1호기,1호기
양품,2호기,2호기,1호기,1호기,1호기
양품,2호기,2호기,1호기,1호기,1호기
양품,2호기,2호기,1호기,1호기,1호기
양품,2호기,2호기,1호기,1호기,1호기
양품,2호기,2호기,1호기,1호기,1호기
양품,2호기,2호기,1호기,1호기,1호기
양품,2호기,2호기,1호기,1호기,1호기
양품,2호기,2호기,1호기,1호기,1호기
명점,2호기,2호기,1호기,1호기,1호기
양품,2호기,2호기,1호기,1호기,1호기
양품,2호기,2호기,1호기,1호기,1호기
양품,2호기,2호기,1호기,1호기,1호기
명점,2호기,2호기,1호기,1호기,1호기
양품,2호기,2호기,1호기,1호기,1호기
양품,2호기,2호기,1호기,1호기,1호기
양품,2호기,2호기,1호기,1호기,1호기
양품,2호기,2호기,1호기,1호기,1호기
양품,2호기,2호기,1호기,1호기,1호기
양품,2호기,1호기,1호기,1호기,1호기
양품,2호기,1호기,1호기,1호기,1호기
양품,2호기,1호기,1호기,1호기,1호기
양품,2호기,1호기,1호기,1호기,1호기
양품,2호기,1호기,1호기,1호기,1호기
양품,2호기,1호기,1호기,1호기,1호기
양품,2호기,1호기,1호기,1호기,1호기
양품,2호기,1호기,1호기,1호기,1호기
양품,2호기,1호기,1호기,1호기,1호기
양품,2호기,1호기,1호기,1호기,1호기
양품,2호기,1호기,1호기,1호기,1호기
명점,2호기,1호기,1호기,1호기,1호기
양품,2호기,1호기,1호기,1호기,1호기
양품,2호기,1호기,1호기,1호기,1호기
양품,2호기,1호기,1호기,1호기,1호기
양품,2호기,1호기,1호기,1호기,1호기
양품,2호기,1호기,1호기,1호기,1호기
양품,2호기,1호기,1호기,1호기,1호기
양품,2호기,1호기,1호기,1호기,1호기
양품,2호기,1호기,1호기,1호기,1호기
양품,2호기,1호기,2호기,2호기,2호기
명점,2호기,1호기,2호기,2호기,2호기
양품,2호기,1호기,2호기,2호기,2호기
양품,2호기,1호기,2호기,2호기,2호기
양품,2호기,1호기,2호기,2호기,2호기
양품,2호기,1호기,2호기,2호기,2호기
명점,2호기,1호기,2호기,2호기,2호기
양품,2호기,1호기,2호기,2호기,2호기
양품,2호기,1호기,2호기,2호기,2호기
양품,2호기,1호기,2호기,2호기,2호기
양품,2호기,1호기,2호기,2호기,2호기
양품,2호기,1호기,2호기,2호기,2호기
양품,2호기,1호기,2호기,2호기,2호기
양품,2호기,1호기,2호기,2호기,2호기
양품,2호기,1호기,2호기,2호기,2호기
양품,2호기,1호기,2호기,2호기,2호기
명점,2호기,1호기,2호기,2호기,2호기
양품,2호기,1호기,2호기,2호기,2호기
양품,2호기,1호기,2호기,2호기,2호기
양품,2호기,1호기,2호기,2호기,2호기
양품,2호기,1호기,2호기,2호기,2호기
양품,2호기,1호기,2호기,2호기,2호기
양품,2호기,1호기,2호기,2호기,2호기
양품,2호기,1호기,2호기,2호기,2호기
양품,2호기,1호기,2호기,2호기,2호기
양품,2호기,1호기,2호기,2호기,2호기
양품,2호기,1호기,2호기,2호기,2호기
명점,2호기,1호기,2호기,2호기,2호기
양품,2호기,1호기,2호기,2호기,2호기
양품,2호기,1호기,2호기,2호기,2호기
양품,2호기,1호기,2호기,2호기,2호기
양품,2호기,1호기,2호기,2호기,2호기
양품,2호기,1호기,2호기,2호기,2호기
양품,2호기,1호기,2호기,2호기,2호기
양품,2호기,1호기,2호기,2호기,2호기
양품,2호기,1호기,2호기,2호기,2호기
양품,2호기,1호기,2호기,2호기,2호기
양품,2호기,1호기,2호기,2호기,2호기
양품,2호기,1호기,2호기,2호기,2호기
양품,2호기,1호기,2호기,2호기,2호기
양품,1호기,1호기,1호기,1호기,1호기
양품,1호기,1호기,1호기,1호기,1호기
양품,1호기,1호기,1호기,1호기,1호기
양품,1호기,1호기,1호기,1호기,1호기
양품,1호기,1호기,1호기,1호기,1호기
명점,1호기,1호기,1호기,1호기,1호기
양품,1호기,1호기,1호기,1호기,1호기
양품,1호기,1호기,1호기,1호기,1호기
양품,1호기,1호기,1호기,1호기,1호기
양품,1호기,1호기,1호기,1호기,1호기
양품,1호기,1호기,1호기,1호기,1호기
양품,1호기,1호기,1호기,1호기,1호기
양품,1호기,1호기,1호기,1호기,1호기
양품,1호기,1호기,1호기,1호기,1호기
양품,1호기,1호기,1호기,1호기,1호기
양품,1호기,1호기,1호기,1호기,1호기
양품,1호기,1호기,1호기,1호기,1호기
양품,1호기,1호기,1호기,1호기,1호기
양품,1호기,1호기,1호기,1호기,1호기
명점,1호기,1호기,1호기,1호기,1호기
양품,2호기,2호기,2호기,2호기,2호기
양품,2호기,2호기,2호기,2호기,2호기
양품,2호기,2호기,2호기,2호기,2호기
양품,2호기,2호기,2호기,2호기,2호기
양품,2호기,2호기,2호기,2호기,2호기
양품,2호기,2호기,2호기,2호기,2호기
명점,2호기,2호기,2호기,2호기,2호기
양품,2호기,2호기,2호기,2호기,2호기
양품,2호기,2호기,2호기,2호기,2호기
양품,2호기,2호기,2호기,2호기,2호기
양품,2호기,2호기,2호기,2호기,2호기
양품,2호기,2호기,2호기,2호기,2호기
양품,2호기,2호기,2호기,2호기,2호기
양품,2호기,2호기,2호기,2호기,2호기
명점,2호기,2호기,2호기,2호기,2호기
양품,2호기,2호기,2호기,2호기,2호기
양품,2호기,2호기,2호기,2호기,2호기
양품,2호기,2호기,2호기,2호기,2호기
명점,2호기,2호기,2호기,2호기,2호기
양품,2호기,2호기,2호기,2호기,2호기
양품,2호기,2호기,1호기,2호기,1호기
양품,2호기,2호기,1호기,2호기,1호기
명점,2호기,2호기,1호기,2호기,1호기
양품,2호기,2호기,1호기,2호기,1호기
양품,2호기,2호기,1호기,2호기,1호기
양품,2호기,2호기,1호기,2호기,1호기
양품,2호기,2호기,1호기,2호기,1호기
양품,2호기,2호기,1호기,2호기,1호기
양품,2호기,2호기,1호기,2호기,1호기
양품,2호기,2호기,1호기,2호기,1호기
명점,2호기,2호기,1호기,2호기,1호기
양품,2호기,2호기,1호기,2호기,1호기
양품,2호기,2호기,1호기,2호기,1호기
양품,2호기,2호기,1호기,2호기,1호기
양품,2호기,2호기,1호기,2호기,1호기
양품,2호기,2호기,1호기,2호기,1호기
양품,2호기,2호기,1호기,2호기,1호기
양품,2호기,2호기,1호기,2호기,1호기
양품,2호기,2호기,1호기,2호기,1호기
양품,2호기,2호기,1호기,2호기,1호기
명점,2호기,1호기,1호기,1호기,1호기
양품,2호기,1호기,1호기,1호기,1호기
양품,2호기,1호기,1호기,1호기,1호기
양품,2호기,1호기,1호기,1호기,1호기
양품,2호기,1호기,1호기,1호기,1호기
양품,2호기,1호기,1호기,1호기,1호기
양품,2호기,1호기,1호기,1호기,1호기
양품,2호기,1호기,1호기,1호기,1호기
양품,2호기,1호기,1호기,1호기,1호기
양품,2호기,1호기,1호기,1호기,1호기
명점,2호기,1호기,1호기,1호기,1호기
명점,2호기,1호기,1호기,1호기,1호기
양품,2호기,1호기,1호기,1호기,1호기
양품,2호기,1호기,1호기,1호기,1호기
양품,2호기,1호기,1호기,1호기,1호기
양품,2호기,1호기,1호기,1호기,1호기
양품,2호기,1호기,1호기,1호기,1호기
양품,2호기,1호기,1호기,1호기,1호기
양품,2호기,1호기,1호기,1호기,1호기
양품,2호기,1호기,1호기,1호기,1호기
명점,1호기,1호기,2호기,1호기,1호기
양품,1호기,1호기,2호기,1호기,1호기
양품,1호기,1호기,2호기,1호기,1호기
양품,1호기,1호기,2호기,1호기,1호기
양품,1호기,1호기,2호기,1호기,1호기
양품,1호기,1호기,2호기,1호기,1호기
양품,1호기,1호기,2호기,1호기,1호기
양품,1호기,1호기,2호기,1호기,1호기
양품,1호기,1호기,2호기,1호기,1호기
양품,1호기,1호기,2호기,1호기,1호기
양품,1호기,1호기,2호기,1호기,1호기
양품,1호기,1호기,2호기,1호기,1호기
명점,1호기,1호기,2호기,1호기,1호기
양품,1호기,1호기,2호기,1호기,1호기
양품,1호기,1호기,2호기,1호기,1호기
양품,1호기,1호기,2호기,1호기,1호기
양품,1호기,1호기,2호기,1호기,1호기
양품,1호기,1호기,2호기,1호기,1호기
양품,1호기,1호기,2호기,1호기,1호기
양품,1호기,1호기,2호기,1호기,1호기
양품,2호기,2호기,1호기,2호기,1호기
양품,2호기,2호기,1호기,2호기,1호기
양품,2호기,2호기,1호기,2호기,1호기
양품,2호기,2호기,1호기,2호기,1호기
양품,2호기,2호기,1호기,2호기,1호기
양품,2호기,2호기,1호기,2호기,1호기
양품,2호기,2호기,1호기,2호기,1호기
양품,2호기,2호기,1호기,2호기,1호기
명점,2호기,2호기,1호기,2호기,1호기
양품,2호기,2호기,1호기,2호기,1호기
양품,2호기,2호기,1호기,2호기,1호기
양품,2호기,2호기,1호기,2호기,1호기
양품,2호기,2호기,1호기,2호기,1호기
양품,2호기,2호기,1호기,2호기,1호기
양품,2호기,2호기,1호기,2호기,1호기
양품,2호기,2호기,1호기,2호기,1호기
양품,2호기,2호기,1호기,2호기,1호기
양품,2호기,2호기,1호기,2호기,1호기
양품,2호기,2호기,1호기,2호기,1호기
양품,2호기,2호기,1호기,2호기,1호기
양품,2호기,2호기,1호기,2호기,1호기
양품,2호기,2호기,1호기,2호기,1호기
양품,2호기,2호기,1호기,2호기,1호기
양품,2호기,2호기,1호기,2호기,1호기
양품,2호기,2호기,1호기,2호기,1호기
양품,2호기,2호기,1호기,2호기,1호기
양품,2호기,2호기,1호기,2호기,1호기
양품,2호기,2호기,1호기,2호기,1호기
양품,2호기,2호기,1호기,2호기,1호기
양품,2호기,2호기,1호기,2호기,1호기
명점,2호기,2호기,1호기,2호기,1호기
명점,2호기,2호기,1호기,2호기,1호기
양품,2호기,2호기,1호기,2호기,1호기
명점,2호기,2호기,1호기,2호기,1호기
양품,2호기,2호기,1호기,2호기,1호기
양품,2호기,2호기,1호기,2호기,1호기
양품,2호기,2호기,1호기,2호기,1호기
양품,2호기,2호기,1호기,2호기,1호기
명점,2호기,2호기,1호기,2호기,1호기
양품,2호기,2호기,1호기,2호기,1호기
명점,1호기,2호기,1호기,2호기,2호기
양품,1호기,2호기,1호기,2호기,2호기
양품,1호기,2호기,1호기,2호기,2호기
양품,1호기,2호기,1호기,2호기,2호기
양품,1호기,2호기,1호기,2호기,2호기
양품,1호기,2호기,1호기,2호기,2호기
양품,1호기,2호기,1호기,2호기,2호기
양품,1호기,2호기,1호기,2호기,2호기
양품,1호기,2호기,1호기,2호기,2호기
양품,1호기,2호기,1호기,2호기,2호기
양품,1호기,2호기,1호기,2호기,2호기
양품,1호기,2호기,1호기,2호기,2호기
명점,1호기,2호기,1호기,2호기,2호기
양품,1호기,2호기,1호기,2호기,2호기
양품,1호기,2호기,1호기,2호기,2호기
양품,1호기,2호기,1호기,2호기,2호기
양품,1호기,2호기,1호기,2호기,2호기
양품,1호기,2호기,1호기,2호기,2호기
명점,1호기,2호기,1호기,2호기,2호기
양품,1호기,2호기,1호기,2호기,2호기
양품,2호기,1호기,1호기,2호기,1호기
명점,2호기,1호기,1호기,2호기,1호기
양품,2호기,1호기,1호기,2호기,1호기
양품,2호기,1호기,1호기,2호기,1호기
양품,2호기,1호기,1호기,2호기,1호기
양품,2호기,1호기,1호기,2호기,1호기
양품,2호기,1호기,1호기,2호기,1호기
양품,2호기,1호기,1호기,2호기,1호기
양품,2호기,1호기,1호기,2호기,1호기
양품,2호기,1호기,1호기,2호기,1호기
양품,2호기,1호기,1호기,2호기,1호기
양품,2호기,1호기,1호기,2호기,1호기
양품,2호기,1호기,1호기,2호기,1호기
양품,2호기,1호기,1호기,2호기,1호기
양품,2호기,1호기,1호기,2호기,1호기
양품,2호기,1호기,1호기,2호기,1호기
양품,2호기,1호기,1호기,2호기,1호기
양품,2호기,1호기,1호기,2호기,1호기
양품,2호기,1호기,1호기,2호기,1호기
양품,2호기,1호기,1호기,2호기,1호기
양품,2호기,1호기,2호기,1호기,1호기
명점,2호기,1호기,2호기,1호기,1호기
양품,2호기,1호기,2호기,1호기,1호기
양품,2호기,1호기,2호기,1호기,1호기
양품,2호기,1호기,2호기,1호기,1호기
양품,2호기,1호기,2호기,1호기,1호기
명점,2호기,1호기,2호기,1호기,1호기
양품,2호기,1호기,2호기,1호기,1호기
양품,2호기,1호기,2호기,1호기,1호기
양품,2호기,1호기,2호기,1호기,1호기
양품,2호기,1호기,2호기,1호기,1호기
명점,2호기,1호기,2호기,1호기,1호기
명점,2호기,1호기,2호기,1호기,1호기
양품,2호기,1호기,2호기,1호기,1호기
양품,2호기,1호기,2호기,1호기,1호기
양품,2호기,1호기,2호기,1호기,1호기
양품,2호기,1호기,2호기,1호기,1호기
양품,2호기,1호기,2호기,1호기,1호기
양품,2호기,1호기,2호기,1호기,1호기
양품,2호기,1호기,2호기,1호기,1호기
양품,1호기,1호기,1호기,2호기,1호기
양품,1호기,1호기,1호기,2호기,1호기
양품,1호기,1호기,1호기,2호기,1호기
양품,1호기,1호기,1호기,2호기,1호기
양품,1호기,1호기,1호기,2호기,1호기
양품,1호기,1호기,1호기,2호기,1호기
양품,1호기,1호기,1호기,2호기,1호기
양품,1호기,1호기,1호기,2호기,1호기
양품,1호기,1호기,1호기,2호기,1호기
양품,1호기,1호기,1호기,2호기,1호기
양품,1호기,1호기,1호기,2호기,1호기
양품,1호기,1호기,1호기,2호기,1호기
양품,1호기,1호기,1호기,2호기,1호기
양품,1호기,1호기,1호기,2호기,1호기
양품,1호기,1호기,1호기,2호기,1호기
양품,1호기,1호기,1호기,2호기,1호기
양품,1호기,1호기,1호기,2호기,1호기
명점,1호기,1호기,1호기,2호기,1호기
양품,1호기,1호기,1호기,2호기,1호기
양품,1호기,1호기,1호기,2호기,1호기
양품,1호기,1호기,1호기,1호기,2호기
양품,1호기,1호기,1호기,1호기,2호기
양품,1호기,1호기,1호기,1호기,2호기
양품,1호기,1호기,1호기,1호기,2호기
양품,1호기,1호기,1호기,1호기,2호기
양품,1호기,1호기,1호기,1호기,2호기
양품,1호기,1호기,1호기,1호기,2호기
양품,1호기,1호기,1호기,1호기,2호기
양품,1호기,1호기,1호기,1호기,2호기
양품,1호기,1호기,1호기,1호기,2호기
양품,1호기,1호기,1호기,1호기,2호기
양품,1호기,1호기,1호기,1호기,2호기
양품,1호기,1호기,1호기,1호기,2호기
양품,1호기,1호기,1호기,1호기,2호기
명점,1호기,1호기,1호기,1호기,2호기
양품,1호기,1호기,1호기,1호기,2호기
양품,1호기,1호기,1호기,1호기,2호기
양품,1호기,1호기,1호기,1호기,2호기
양품,1호기,1호기,1호기,1호기,2호기
명점,1호기,1호기,1호기,1호기,2호기
양품,2호기,2호기,1호기,2호기,1호기
양품,2호기,2호기,1호기,2호기,1호기
양품,2호기,2호기,1호기,2호기,1호기
양품,2호기,2호기,1호기,2호기,1호기
양품,2호기,2호기,1호기,2호기,1호기
양품,2호기,2호기,1호기,2호기,1호기
양품,2호기,2호기,1호기,2호기,1호기
양품,2호기,2호기,1호기,2호기,1호기
양품,2호기,2호기,1호기,2호기,1호기
양품,2호기,2호기,1호기,2호기,1호기
양품,2호기,2호기,1호기,2호기,1호기
양품,2호기,2호기,1호기,2호기,1호기
양품,2호기,2호기,1호기,2호기,1호기
양품,2호기,2호기,1호기,2호기,1호기
양품,2호기,2호기,1호기,2호기,1호기
양품,2호기,2호기,1호기,2호기,1호기
명점,2호기,2호기,1호기,2호기,1호기
양품,2호기,2호기,1호기,2호기,1호기
양품,2호기,2호기,1호기,2호기,1호기
양품,2호기,2호기,1호기,2호기,1호기
양품,2호기,1호기,2호기,2호기,1호기
양품,2호기,1호기,2호기,2호기,1호기
양품,2호기,1호기,2호기,2호기,1호기
양품,2호기,1호기,2호기,2호기,1호기
양품,2호기,1호기,2호기,2호기,1호기
양품,2호기,1호기,2호기,2호기,1호기
양품,2호기,1호기,2호기,2호기,1호기
명점,2호기,1호기,2호기,2호기,1호기
양품,2호기,1호기,2호기,2호기,1호기
명점,2호기,1호기,2호기,2호기,1호기
명점,2호기,1호기,2호기,2호기,1호기
양품,2호기,1호기,2호기,2호기,1호기
양품,2호기,1호기,2호기,2호기,1호기
양품,2호기,1호기,2호기,2호기,1호기
명점,2호기,1호기,2호기,2호기,1호기
양품,2호기,1호기,2호기,2호기,1호기
양품,2호기,1호기,2호기,2호기,1호기
양품,2호기,1호기,2호기,2호기,1호기
양품,2호기,1호기,2호기,2호기,1호기
양품,2호기,1호기,2호기,2호기,1호기
양품,1호기,2호기,2호기,1호기,2호기
양품,1호기,2호기,2호기,1호기,2호기
양품,1호기,2호기,2호기,1호기,2호기
양품,1호기,2호기,2호기,1호기,2호기
양품,1호기,2호기,2호기,1호기,2호기
양품,1호기,2호기,2호기,1호기,2호기
양품,1호기,2호기,2호기,1호기,2호기
명점,1호기,2호기,2호기,1호기,2호기
양품,1호기,2호기,2호기,1호기,2호기
양품,1호기,2호기,2호기,1호기,2호기
양품,1호기,2호기,2호기,1호기,2호기
양품,1호기,2호기,2호기,1호기,2호기
양품,1호기,2호기,2호기,1호기,2호기
명점,1호기,2호기,2호기,1호기,2호기
양품,1호기,2호기,2호기,1호기,2호기
명점,1호기,2호기,2호기,1호기,2호기
양품,1호기,2호기,2호기,1호기,2호기
양품,1호기,2호기,2호기,1호기,2호기
양품,1호기,2호기,2호기,1호기,2호기
양품,1호기,2호기,2호기,1호기,2호기
양품,1호기,2호기,1호기,2호기,1호기
양품,1호기,2호기,1호기,2호기,1호기
양품,1호기,2호기,1호기,2호기,1호기
양품,1호기,2호기,1호기,2호기,1호기
양품,1호기,2호기,1호기,2호기,1호기
양품,1호기,2호기,1호기,2호기,1호기
양품,1호기,2호기,1호기,2호기,1호기
양품,1호기,2호기,1호기,2호기,1호기
양품,1호기,2호기,1호기,2호기,1호기
양품,1호기,2호기,1호기,2호기,1호기
양품,1호기,2호기,1호기,2호기,1호기
양품,1호기,2호기,1호기,2호기,1호기
명점,1호기,2호기,1호기,2호기,1호기
양품,1호기,2호기,1호기,2호기,1호기
양품,1호기,2호기,1호기,2호기,1호기
양품,1호기,2호기,1호기,2호기,1호기
양품,1호기,2호기,1호기,2호기,1호기
양품,1호기,2호기,1호기,2호기,1호기
양품,1호기,2호기,1호기,2호기,1호기
양품,1호기,2호기,1호기,2호기,1호기
양품,1호기,2호기,2호기,2호기,2호기
양품,1호기,2호기,2호기,2호기,2호기
양품,1호기,2호기,2호기,2호기,2호기
양품,1호기,2호기,2호기,2호기,2호기
양품,1호기,2호기,2호기,2호기,2호기
양품,1호기,2호기,2호기,2호기,2호기
양품,1호기,2호기,2호기,2호기,2호기
명점,1호기,2호기,2호기,2호기,2호기
양품,1호기,2호기,2호기,2호기,2호기
양품,1호기,2호기,2호기,2호기,2호기
양품,1호기,2호기,2호기,2호기,2호기
양품,1호기,2호기,2호기,2호기,2호기
양품,1호기,2호기,2호기,2호기,2호기
양품,1호기,2호기,2호기,2호기,2호기
명점,1호기,2호기,2호기,2호기,2호기
양품,1호기,2호기,2호기,2호기,2호기
양품,1호기,2호기,2호기,2호기,2호기
양품,1호기,2호기,2호기,2호기,2호기
양품,1호기,2호기,2호기,2호기,2호기
명점,1호기,2호기,2호기,2호기,2호기
양품,1호기,2호기,1호기,2호기,1호기
양품,1호기,2호기,1호기,2호기,1호기
양품,1호기,2호기,1호기,2호기,1호기
양품,1호기,2호기,1호기,2호기,1호기
양품,1호기,2호기,1호기,2호기,1호기
양품,1호기,2호기,1호기,2호기,1호기
양품,1호기,2호기,1호기,2호기,1호기
양품,1호기,2호기,1호기,2호기,1호기
양품,1호기,2호기,1호기,2호기,1호기
양품,1호기,2호기,1호기,2호기,1호기
양품,1호기,2호기,1호기,2호기,1호기
양품,1호기,2호기,1호기,2호기,1호기
양품,1호기,2호기,1호기,2호기,1호기
양품,1호기,2호기,1호기,2호기,1호기
양품,1호기,2호기,1호기,2호기,1호기
양품,1호기,2호기,1호기,2호기,1호기
양품,1호기,2호기,1호기,2호기,1호기
양품,1호기,2호기,1호기,2호기,1호기
양품,1호기,2호기,1호기,2호기,1호기
양품,1호기,2호기,1호기,2호기,1호기
양품,2호기,1호기,2호기,2호기,1호기
명점,2호기,1호기,2호기,2호기,1호기
양품,2호기,1호기,2호기,2호기,1호기
양품,2호기,1호기,2호기,2호기,1호기
양품,2호기,1호기,2호기,2호기,1호기
양품,2호기,1호기,2호기,2호기,1호기
양품,2호기,1호기,2호기,2호기,1호기
명점,2호기,1호기,2호기,2호기,1호기
양품,2호기,1호기,2호기,2호기,1호기
양품,2호기,1호기,2호기,2호기,1호기
양품,2호기,1호기,2호기,2호기,1호기
양품,2호기,1호기,2호기,2호기,1호기
명점,2호기,1호기,2호기,2호기,1호기
양품,2호기,1호기,2호기,2호기,1호기
양품,2호기,1호기,2호기,2호기,1호기
양품,2호기,1호기,2호기,2호기,1호기
양품,2호기,1호기,2호기,2호기,1호기
양품,2호기,1호기,2호기,2호기,1호기
양품,2호기,1호기,2호기,2호기,1호기
명점,2호기,1호기,2호기,2호기,1호기
양품,1호기,1호기,2호기,1호기,2호기
양품,1호기,1호기,2호기,1호기,2호기
양품,1호기,1호기,2호기,1호기,2호기
양품,1호기,1호기,2호기,1호기,2호기
양품,1호기,1호기,2호기,1호기,2호기
양품,1호기,1호기,2호기,1호기,2호기
양품,1호기,1호기,2호기,1호기,2호기
명점,1호기,1호기,2호기,1호기,2호기
양품,1호기,1호기,2호기,1호기,2호기
양품,1호기,1호기,2호기,1호기,2호기
양품,1호기,1호기,2호기,1호기,2호기
양품,1호기,1호기,2호기,1호기,2호기
양품,1호기,1호기,2호기,1호기,2호기
명점,1호기,1호기,2호기,1호기,2호기
양품,1호기,1호기,2호기,1호기,2호기
양품,1호기,1호기,2호기,1호기,2호기
양품,1호기,1호기,2호기,1호기,2호기
양품,1호기,1호기,2호기,1호기,2호기
양품,1호기,1호기,2호기,1호기,2호기
양품,1호기,1호기,2호기,1호기,2호기
양품,1호기,2호기,1호기,1호기,1호기
양품,1호기,2호기,1호기,1호기,1호기
양품,1호기,2호기,1호기,1호기,1호기
양품,1호기,2호기,1호기,1호기,1호기
양품,1호기,2호기,1호기,1호기,1호기
명점,1호기,2호기,1호기,1호기,1호기
양품,1호기,2호기,1호기,1호기,1호기
양품,1호기,2호기,1호기,1호기,1호기
양품,1호기,2호기,1호기,1호기,1호기
양품,1호기,2호기,1호기,1호기,1호기
양품,1호기,2호기,1호기,1호기,1호기
양품,1호기,2호기,1호기,1호기,1호기
양품,1호기,2호기,1호기,1호기,1호기
명점,1호기,2호기,1호기,1호기,1호기
양품,1호기,2호기,1호기,1호기,1호기
양품,1호기,2호기,1호기,1호기,1호기
양품,1호기,2호기,1호기,1호기,1호기
양품,1호기,2호기,1호기,1호기,1호기
양품,1호기,2호기,1호기,1호기,1호기
양품,1호기,2호기,1호기,1호기,1호기
양품,2호기,2호기,1호기,2호기,1호기
양품,2호기,2호기,1호기,2호기,1호기
양품,2호기,2호기,1호기,2호기,1호기
명점,2호기,2호기,1호기,2호기,1호기
양품,2호기,2호기,1호기,2호기,1호기
양품,2호기,2호기,1호기,2호기,1호기
양품,2호기,2호기,1호기,2호기,1호기
양품,2호기,2호기,1호기,2호기,1호기
양품,2호기,2호기,1호기,2호기,1호기
양품,2호기,2호기,1호기,2호기,1호기
양품,2호기,2호기,1호기,2호기,1호기
양품,2호기,2호기,1호기,2호기,1호기
양품,2호기,2호기,1호기,2호기,1호기
양품,2호기,2호기,1호기,2호기,1호기
양품,2호기,2호기,1호기,2호기,1호기
양품,2호기,2호기,1호기,2호기,1호기
양품,2호기,2호기,1호기,2호기,1호기
명점,2호기,2호기,1호기,2호기,1호기
양품,2호기,2호기,1호기,2호기,1호기
양품,2호기,2호기,1호기,2호기,1호기
양품,1호기,1호기,2호기,1호기,1호기
양품,1호기,1호기,2호기,1호기,1호기
양품,1호기,1호기,2호기,1호기,1호기
명점,1호기,1호기,2호기,1호기,1호기
양품,1호기,1호기,2호기,1호기,1호기
양품,1호기,1호기,2호기,1호기,1호기
양품,1호기,1호기,2호기,1호기,1호기
명점,1호기,1호기,2호기,1호기,1호기
양품,1호기,1호기,2호기,1호기,1호기
양품,1호기,1호기,2호기,1호기,1호기
양품,1호기,1호기,2호기,1호기,1호기
양품,1호기,1호기,2호기,1호기,1호기
양품,1호기,1호기,2호기,1호기,1호기
명점,1호기,1호기,2호기,1호기,1호기
양품,1호기,1호기,2호기,1호기,1호기
양품,1호기,1호기,2호기,1호기,1호기
양품,1호기,1호기,2호기,1호기,1호기
양품,1호기,1호기,2호기,1호기,1호기
양품,1호기,1호기,2호기,1호기,1호기
양품,1호기,1호기,2호기,1호기,1호기
양품,2호기,2호기,2호기,2호기,1호기
양품,2호기,2호기,2호기,2호기,1호기
명점,2호기,2호기,2호기,2호기,1호기
양품,2호기,2호기,2호기,2호기,1호기
양품,2호기,2호기,2호기,2호기,1호기
양품,2호기,2호기,2호기,2호기,1호기
양품,2호기,2호기,2호기,2호기,1호기
양품,2호기,2호기,2호기,2호기,1호기
명점,2호기,2호기,2호기,2호기,1호기
양품,2호기,2호기,2호기,2호기,1호기
양품,2호기,2호기,2호기,2호기,1호기
양품,2호기,2호기,2호기,2호기,1호기
양품,2호기,2호기,2호기,2호기,1호기
양품,2호기,2호기,2호기,2호기,1호기
양품,2호기,2호기,2호기,2호기,1호기
양품,2호기,2호기,2호기,2호기,1호기
명점,2호기,2호기,2호기,2호기,1호기
양품,2호기,2호기,2호기,2호기,1호기
양품,2호기,2호기,2호기,2호기,1호기
양품,2호기,2호기,2호기,2호기,1호기
양품,2호기,2호기,1호기,1호기,1호기
명점,2호기,2호기,1호기,1호기,1호기
양품,2호기,2호기,1호기,1호기,1호기
양품,2호기,2호기,1호기,1호기,1호기
양품,2호기,2호기,1호기,1호기,1호기
명점,2호기,2호기,1호기,1호기,1호기
명점,2호기,2호기,1호기,1호기,1호기
양품,2호기,2호기,1호기,1호기,1호기
양품,2호기,2호기,1호기,1호기,1호기
양품,2호기,2호기,1호기,1호기,1호기
명점,2호기,2호기,1호기,1호기,1호기
양품,2호기,2호기,1호기,1호기,1호기
양품,2호기,2호기,1호기,1호기,1호기
양품,2호기,2호기,1호기,1호기,1호기
양품,2호기,2호기,1호기,1호기,1호기
양품,2호기,2호기,1호기,1호기,1호기
양품,2호기,2호기,1호기,1호기,1호기
양품,2호기,2호기,1호기,1호기,1호기
양품,2호기,2호기,1호기,1호기,1호기
양품,2호기,2호기,1호기,1호기,1호기
양품,1호기,1호기,1호기,2호기,1호기
명점,1호기,1호기,1호기,2호기,1호기
양품,1호기,1호기,1호기,2호기,1호기
양품,1호기,1호기,1호기,2호기,1호기
양품,1호기,1호기,1호기,2호기,1호기
양품,1호기,1호기,1호기,2호기,1호기
명점,1호기,1호기,1호기,2호기,1호기
양품,1호기,1호기,1호기,2호기,1호기
명점,1호기,1호기,1호기,2호기,1호기
양품,1호기,1호기,1호기,2호기,1호기
양품,1호기,1호기,1호기,2호기,1호기
양품,1호기,1호기,1호기,2호기,1호기
양품,1호기,1호기,1호기,2호기,1호기
양품,1호기,1호기,1호기,2호기,1호기
양품,1호기,1호기,1호기,2호기,1호기
양품,1호기,1호기,1호기,2호기,1호기
양품,1호기,1호기,1호기,2호기,1호기
양품,1호기,1호기,1호기,2호기,1호기
양품,1호기,1호기,1호기,2호기,1호기
양품,1호기,1호기,1호기,2호기,1호기
양품,2호기,1호기,1호기,2호기,1호기
양품,2호기,1호기,1호기,2호기,1호기
양품,2호기,1호기,1호기,2호기,1호기
양품,2호기,1호기,1호기,2호기,1호기
양품,2호기,1호기,1호기,2호기,1호기
명점,2호기,1호기,1호기,2호기,1호기
양품,2호기,1호기,1호기,2호기,1호기
양품,2호기,1호기,1호기,2호기,1호기
양품,2호기,1호기,1호기,2호기,1호기
양품,2호기,1호기,1호기,2호기,1호기
양품,2호기,1호기,1호기,2호기,1호기
명점,2호기,1호기,1호기,2호기,1호기
양품,2호기,1호기,1호기,2호기,1호기
양품,2호기,1호기,1호기,2호기,1호기
양품,2호기,1호기,1호기,2호기,1호기
양품,2호기,1호기,1호기,2호기,1호기
명점,2호기,1호기,1호기,2호기,1호기
양품,2호기,1호기,1호기,2호기,1호기
양품,2호기,1호기,1호기,2호기,1호기
양품,2호기,1호기,1호기,2호기,1호기
양품,2호기,1호기,2호기,1호기,2호기
양품,2호기,1호기,2호기,1호기,2호기
명점,2호기,1호기,2호기,1호기,2호기
양품,2호기,1호기,2호기,1호기,2호기
양품,2호기,1호기,2호기,1호기,2호기
양품,2호기,1호기,2호기,1호기,2호기
양품,2호기,1호기,2호기,1호기,2호기
양품,2호기,1호기,2호기,1호기,2호기
양품,2호기,1호기,2호기,1호기,2호기
양품,2호기,1호기,2호기,1호기,2호기
양품,2호기,1호기,2호기,1호기,2호기
양품,2호기,1호기,2호기,1호기,2호기
양품,2호기,1호기,2호기,1호기,2호기
명점,2호기,1호기,2호기,1호기,2호기
양품,2호기,1호기,2호기,1호기,2호기
양품,2호기,1호기,2호기,1호기,2호기
양품,2호기,1호기,2호기,1호기,2호기
양품,2호기,1호기,2호기,1호기,2호기
양품,2호기,1호기,2호기,1호기,2호기
양품,2호기,1호기,2호기,1호기,2호기
양품,1호기,1호기,1호기,1호기,2호기
양품,1호기,1호기,1호기,1호기,2호기
양품,1호기,1호기,1호기,1호기,2호기
양품,1호기,1호기,1호기,1호기,2호기
양품,1호기,1호기,1호기,1호기,2호기
양품,1호기,1호기,1호기,1호기,2호기
양품,1호기,1호기,1호기,1호기,2호기
명점,1호기,1호기,1호기,1호기,2호기
양품,1호기,1호기,1호기,1호기,2호기
양품,1호기,1호기,1호기,1호기,2호기
양품,1호기,1호기,1호기,1호기,2호기
양품,1호기,1호기,1호기,1호기,2호기
명점,1호기,1호기,1호기,1호기,2호기
양품,1호기,1호기,1호기,1호기,2호기
양품,1호기,1호기,1호기,1호기,2호기
양품,1호기,1호기,1호기,1호기,2호기
양품,1호기,1호기,1호기,1호기,2호기
양품,1호기,1호기,1호기,1호기,2호기
양품,1호기,1호기,1호기,1호기,2호기
양품,1호기,1호기,1호기,1호기,2호기
양품,1호기,1호기,2호기,2호기,2호기
양품,1호기,1호기,2호기,2호기,2호기
양품,1호기,1호기,2호기,2호기,2호기
양품,1호기,1호기,2호기,2호기,2호기
양품,1호기,1호기,2호기,2호기,2호기
양품,1호기,1호기,2호기,2호기,2호기
명점,1호기,1호기,2호기,2호기,2호기
양품,1호기,1호기,2호기,2호기,2호기
양품,1호기,1호기,2호기,2호기,2호기
양품,1호기,1호기,2호기,2호기,2호기
명점,1호기,1호기,2호기,2호기,2호기
양품,1호기,1호기,2호기,2호기,2호기
명점,1호기,1호기,2호기,2호기,2호기
양품,1호기,1호기,2호기,2호기,2호기
양품,1호기,1호기,2호기,2호기,2호기
양품,1호기,1호기,2호기,2호기,2호기
양품,1호기,1호기,2호기,2호기,2호기
양품,1호기,1호기,2호기,2호기,2호기
양품,1호기,1호기,2호기,2호기,2호기
명점,1호기,1호기,2호기,2호기,2호기
양품,1호기,1호기,2호기,1호기,1호기
양품,1호기,1호기,2호기,1호기,1호기
양품,1호기,1호기,2호기,1호기,1호기
양품,1호기,1호기,2호기,1호기,1호기
양품,1호기,1호기,2호기,1호기,1호기
양품,1호기,1호기,2호기,1호기,1호기
명점,1호기,1호기,2호기,1호기,1호기
양품,1호기,1호기,2호기,1호기,1호기
양품,1호기,1호기,2호기,1호기,1호기
양품,1호기,1호기,2호기,1호기,1호기
양품,1호기,1호기,2호기,1호기,1호기
양품,1호기,1호기,2호기,1호기,1호기
양품,1호기,1호기,2호기,1호기,1호기
양품,1호기,1호기,2호기,1호기,1호기
양품,1호기,1호기,2호기,1호기,1호기
양품,1호기,1호기,2호기,1호기,1호기
양품,1호기,1호기,2호기,1호기,1호기
양품,1호기,1호기,2호기,1호기,1호기
양품,1호기,1호기,2호기,1호기,1호기
양품,1호기,1호기,2호기,1호기,1호기
양품,1호기,2호기,1호기,1호기,1호기
양품,1호기,2호기,1호기,1호기,1호기
명점,1호기,2호기,1호기,1호기,1호기
양품,1호기,2호기,1호기,1호기,1호기
양품,1호기,2호기,1호기,1호기,1호기
양품,1호기,2호기,1호기,1호기,1호기
명점,1호기,2호기,1호기,1호기,1호기
양품,1호기,2호기,1호기,1호기,1호기
양품,1호기,2호기,1호기,1호기,1호기
명점,1호기,2호기,1호기,1호기,1호기
양품,1호기,2호기,1호기,1호기,1호기
명점,1호기,2호기,1호기,1호기,1호기
양품,1호기,2호기,1호기,1호기,1호기
양품,1호기,2호기,1호기,1호기,1호기
명점,1호기,2호기,1호기,1호기,1호기
양품,1호기,2호기,1호기,1호기,1호기
양품,1호기,2호기,1호기,1호기,1호기
양품,1호기,2호기,1호기,1호기,1호기
양품,1호기,2호기,1호기,1호기,1호기
양품,1호기,2호기,1호기,1호기,1호기
양품,1호기,2호기,1호기,1호기,2호기
명점,1호기,2호기,1호기,1호기,2호기
양품,1호기,2호기,1호기,1호기,2호기
양품,1호기,2호기,1호기,1호기,2호기
명점,1호기,2호기,1호기,1호기,2호기
양품,1호기,2호기,1호기,1호기,2호기
양품,1호기,2호기,1호기,1호기,2호기
양품,1호기,2호기,1호기,1호기,2호기
양품,1호기,2호기,1호기,1호기,2호기
양품,1호기,2호기,1호기,1호기,2호기
양품,1호기,2호기,1호기,1호기,2호기
양품,1호기,2호기,1호기,1호기,2호기
양품,1호기,2호기,1호기,1호기,2호기
양품,1호기,2호기,1호기,1호기,2호기
양품,1호기,2호기,1호기,1호기,2호기
명점,1호기,2호기,1호기,1호기,2호기
양품,1호기,2호기,1호기,1호기,2호기
양품,1호기,2호기,1호기,1호기,2호기
양품,1호기,2호기,1호기,1호기,2호기
양품,1호기,2호기,1호기,1호기,2호기
명점,2호기,1호기,2호기,1호기,2호기
양품,2호기,1호기,2호기,1호기,2호기
양품,2호기,1호기,2호기,1호기,2호기
양품,2호기,1호기,2호기,1호기,2호기
양품,2호기,1호기,2호기,1호기,2호기
양품,2호기,1호기,2호기,1호기,2호기
양품,2호기,1호기,2호기,1호기,2호기
명점,2호기,1호기,2호기,1호기,2호기
양품,2호기,1호기,2호기,1호기,2호기
양품,2호기,1호기,2호기,1호기,2호기
양품,2호기,1호기,2호기,1호기,2호기
양품,2호기,1호기,2호기,1호기,2호기
양품,2호기,1호기,2호기,1호기,2호기
양품,2호기,1호기,2호기,1호기,2호기
양품,2호기,1호기,2호기,1호기,2호기
양품,2호기,1호기,2호기,1호기,2호기
양품,2호기,1호기,2호기,1호기,2호기
양품,2호기,1호기,2호기,1호기,2호기
양품,2호기,1호기,2호기,1호기,2호기
양품,2호기,1호기,2호기,1호기,2호기
양품,2호기,1호기,1호기,2호기,2호기
양품,2호기,1호기,1호기,2호기,2호기
양품,2호기,1호기,1호기,2호기,2호기
양품,2호기,1호기,1호기,2호기,2호기
명점,2호기,1호기,1호기,2호기,2호기
양품,2호기,1호기,1호기,2호기,2호기
양품,2호기,1호기,1호기,2호기,2호기
명점,2호기,1호기,1호기,2호기,2호기
양품,2호기,1호기,1호기,2호기,2호기
양품,2호기,1호기,1호기,2호기,2호기
명점,2호기,1호기,1호기,2호기,2호기
양품,2호기,1호기,1호기,2호기,2호기
양품,2호기,1호기,1호기,2호기,2호기
양품,2호기,1호기,1호기,2호기,2호기
양품,2호기,1호기,1호기,2호기,2호기
양품,2호기,1호기,1호기,2호기,2호기
명점,2호기,1호기,1호기,2호기,2호기
양품,2호기,1호기,1호기,2호기,2호기
양품,2호기,1호기,1호기,2호기,2호기
양품,2호기,1호기,1호기,2호기,2호기
양품,1호기,2호기,2호기,2호기,2호기
양품,1호기,2호기,2호기,2호기,2호기
양품,1호기,2호기,2호기,2호기,2호기
양품,1호기,2호기,2호기,2호기,2호기
양품,1호기,2호기,2호기,2호기,2호기
양품,1호기,2호기,2호기,2호기,2호기
양품,1호기,2호기,2호기,2호기,2호기
양품,1호기,2호기,2호기,2호기,2호기
양품,1호기,2호기,2호기,2호기,2호기
양품,1호기,2호기,2호기,2호기,2호기
양품,1호기,2호기,2호기,2호기,2호기
양품,1호기,2호기,2호기,2호기,2호기
양품,1호기,2호기,2호기,2호기,2호기
양품,1호기,2호기,2호기,2호기,2호기
양품,1호기,2호기,2호기,2호기,2호기
양품,1호기,2호기,2호기,2호기,2호기
양품,1호기,2호기,2호기,2호기,2호기
양품,1호기,2호기,2호기,2호기,2호기
양품,1호기,2호기,2호기,2호기,2호기
양품,1호기,2호기,2호기,2호기,2호기
양품,1호기,1호기,2호기,1호기,1호기
양품,1호기,1호기,2호기,1호기,1호기
명점,1호기,1호기,2호기,1호기,1호기
양품,1호기,1호기,2호기,1호기,1호기
양품,1호기,1호기,2호기,1호기,1호기
명점,1호기,1호기,2호기,1호기,1호기
양품,1호기,1호기,2호기,1호기,1호기
명점,1호기,1호기,2호기,1호기,1호기
양품,1호기,1호기,2호기,1호기,1호기
양품,1호기,1호기,2호기,1호기,1호기
양품,1호기,1호기,2호기,1호기,1호기
양품,1호기,1호기,2호기,1호기,1호기
양품,1호기,1호기,2호기,1호기,1호기
양품,1호기,1호기,2호기,1호기,1호기
양품,1호기,1호기,2호기,1호기,1호기
양품,1호기,1호기,2호기,1호기,1호기
양품,1호기,1호기,2호기,1호기,1호기
양품,1호기,1호기,2호기,1호기,1호기
양품,1호기,1호기,2호기,1호기,1호기
양품,1호기,1호기,2호기,1호기,1호기
양품,1호기,2호기,2호기,2호기,1호기
양품,1호기,2호기,2호기,2호기,1호기
양품,1호기,2호기,2호기,2호기,1호기
양품,1호기,2호기,2호기,2호기,1호기
양품,1호기,2호기,2호기,2호기,1호기
명점,1호기,2호기,2호기,2호기,1호기
양품,1호기,2호기,2호기,2호기,1호기
양품,1호기,2호기,2호기,2호기,1호기
양품,1호기,2호기,2호기,2호기,1호기
양품,1호기,2호기,2호기,2호기,1호기
양품,1호기,2호기,2호기,2호기,1호기
양품,1호기,2호기,2호기,2호기,1호기
명점,1호기,2호기,2호기,2호기,1호기
양품,1호기,2호기,2호기,2호기,1호기
양품,1호기,2호기,2호기,2호기,1호기
양품,1호기,2호기,2호기,2호기,1호기
양품,1호기,2호기,2호기,2호기,1호기
양품,1호기,2호기,2호기,2호기,1호기
양품,1호기,2호기,2호기,2호기,1호기
양품,1호기,2호기,2호기,2호기,1호기
양품,2호기,2호기,2호기,2호기,1호기
양품,2호기,2호기,2호기,2호기,1호기
양품,2호기,2호기,2호기,2호기,1호기
양품,2호기,2호기,2호기,2호기,1호기
양품,2호기,2호기,2호기,2호기,1호기
양품,2호기,2호기,2호기,2호기,1호기
양품,2호기,2호기,2호기,2호기,1호기
양품,2호기,2호기,2호기,2호기,1호기
양품,2호기,2호기,2호기,2호기,1호기
명점,2호기,2호기,2호기,2호기,1호기
양품,2호기,2호기,2호기,2호기,1호기
양품,2호기,2호기,2호기,2호기,1호기
양품,2호기,2호기,2호기,2호기,1호기
양품,2호기,2호기,2호기,2호기,1호기
양품,2호기,2호기,2호기,2호기,1호기
양품,2호기,2호기,2호기,2호기,1호기
양품,2호기,2호기,2호기,2호기,1호기
양품,2호기,2호기,2호기,2호기,1호기
양품,2호기,2호기,2호기,2호기,1호기
양품,2호기,2호기,2호기,2호기,1호기
양품,2호기,1호기,2호기,1호기,1호기
양품,2호기,1호기,2호기,1호기,1호기
양품,2호기,1호기,2호기,1호기,1호기
양품,2호기,1호기,2호기,1호기,1호기
양품,2호기,1호기,2호기,1호기,1호기
양품,2호기,1호기,2호기,1호기,1호기
양품,2호기,1호기,2호기,1호기,1호기
양품,2호기,1호기,2호기,1호기,1호기
명점,2호기,1호기,2호기,1호기,1호기
양품,2호기,1호기,2호기,1호기,1호기
양품,2호기,1호기,2호기,1호기,1호기
양품,2호기,1호기,2호기,1호기,1호기
양품,2호기,1호기,2호기,1호기,1호기
양품,2호기,1호기,2호기,1호기,1호기
명점,2호기,1호기,2호기,1호기,1호기
양품,2호기,1호기,2호기,1호기,1호기
양품,2호기,1호기,2호기,1호기,1호기
양품,2호기,1호기,2호기,1호기,1호기
양품,2호기,1호기,2호기,1호기,1호기
양품,2호기,1호기,2호기,1호기,1호기
양품,2호기,2호기,2호기,2호기,2호기
명점,2호기,2호기,2호기,2호기,2호기
양품,2호기,2호기,2호기,2호기,2호기
양품,2호기,2호기,2호기,2호기,2호기
양품,2호기,2호기,2호기,2호기,2호기
양품,2호기,2호기,2호기,2호기,2호기
양품,2호기,2호기,2호기,2호기,2호기
양품,2호기,2호기,2호기,2호기,2호기
양품,2호기,2호기,2호기,2호기,2호기
양품,2호기,2호기,2호기,2호기,2호기
양품,2호기,2호기,2호기,2호기,2호기
명점,2호기,2호기,2호기,2호기,2호기
양품,2호기,2호기,2호기,2호기,2호기
양품,2호기,2호기,2호기,2호기,2호기
양품,2호기,2호기,2호기,2호기,2호기
양품,2호기,2호기,2호기,2호기,2호기
양품,2호기,2호기,2호기,2호기,2호기
양품,2호기,2호기,2호기,2호기,2호기
양품,2호기,2호기,2호기,2호기,2호기
양품,2호기,2호기,2호기,2호기,2호기
양품,2호기,1호기,1호기,2호기,1호기
명점,2호기,1호기,1호기,2호기,1호기
양품,2호기,1호기,1호기,2호기,1호기
양품,2호기,1호기,1호기,2호기,1호기
양품,2호기,1호기,1호기,2호기,1호기
명점,2호기,1호기,1호기,2호기,1호기
양품,2호기,1호기,1호기,2호기,1호기
양품,2호기,1호기,1호기,2호기,1호기
양품,2호기,1호기,1호기,2호기,1호기
명점,2호기,1호기,1호기,2호기,1호기
양품,2호기,1호기,1호기,2호기,1호기
양품,2호기,1호기,1호기,2호기,1호기
양품,2호기,1호기,1호기,2호기,1호기
양품,2호기,1호기,1호기,2호기,1호기
양품,2호기,1호기,1호기,2호기,1호기
양품,2호기,1호기,1호기,2호기,1호기
양품,2호기,1호기,1호기,2호기,1호기
양품,2호기,1호기,1호기,2호기,1호기
양품,2호기,1호기,1호기,2호기,1호기
양품,2호기,1호기,1호기,2호기,1호기
양품,2호기,1호기,1호기,1호기,2호기
양품,2호기,1호기,1호기,1호기,2호기
명점,2호기,1호기,1호기,1호기,2호기
명점,2호기,1호기,1호기,1호기,2호기
양품,2호기,1호기,1호기,1호기,2호기
양품,2호기,1호기,1호기,1호기,2호기
양품,2호기,1호기,1호기,1호기,2호기
양품,2호기,1호기,1호기,1호기,2호기
양품,2호기,1호기,1호기,1호기,2호기
양품,2호기,1호기,1호기,1호기,2호기
양품,2호기,1호기,1호기,1호기,2호기
양품,2호기,1호기,1호기,1호기,2호기
양품,2호기,1호기,1호기,1호기,2호기
양품,2호기,1호기,1호기,1호기,2호기
양품,2호기,1호기,1호기,1호기,2호기
양품,2호기,1호기,1호기,1호기,2호기
양품,2호기,1호기,1호기,1호기,2호기
양품,2호기,1호기,1호기,1호기,2호기
명점,2호기,1호기,1호기,1호기,2호기
양품,2호기,1호기,1호기,1호기,2호기
양품,2호기,1호기,1호기,2호기,2호기
양품,2호기,1호기,1호기,2호기,2호기
명점,2호기,1호기,1호기,2호기,2호기
양품,2호기,1호기,1호기,2호기,2호기
양품,2호기,1호기,1호기,2호기,2호기
양품,2호기,1호기,1호기,2호기,2호기
양품,2호기,1호기,1호기,2호기,2호기
양품,2호기,1호기,1호기,2호기,2호기
양품,2호기,1호기,1호기,2호기,2호기
양품,2호기,1호기,1호기,2호기,2호기
양품,2호기,1호기,1호기,2호기,2호기
양품,2호기,1호기,1호기,2호기,2호기
양품,2호기,1호기,1호기,2호기,2호기
양품,2호기,1호기,1호기,2호기,2호기
명점,2호기,1호기,1호기,2호기,2호기
명점,2호기,1호기,1호기,2호기,2호기
양품,2호기,1호기,1호기,2호기,2호기
양품,2호기,1호기,1호기,2호기,2호기
명점,2호기,1호기,1호기,2호기,2호기
양품,2호기,1호기,1호기,2호기,2호기
양품,1호기,2호기,2호기,1호기,2호기
양품,1호기,2호기,2호기,1호기,2호기
양품,1호기,2호기,2호기,1호기,2호기
명점,1호기,2호기,2호기,1호기,2호기
양품,1호기,2호기,2호기,1호기,2호기
양품,1호기,2호기,2호기,1호기,2호기
양품,1호기,2호기,2호기,1호기,2호기
양품,1호기,2호기,2호기,1호기,2호기
양품,1호기,2호기,2호기,1호기,2호기
명점,1호기,2호기,2호기,1호기,2호기
양품,1호기,2호기,2호기,1호기,2호기
양품,1호기,2호기,2호기,1호기,2호기
양품,1호기,2호기,2호기,1호기,2호기
양품,1호기,2호기,2호기,1호기,2호기
양품,1호기,2호기,2호기,1호기,2호기
양품,1호기,2호기,2호기,1호기,2호기
명점,1호기,2호기,2호기,1호기,2호기
양품,1호기,2호기,2호기,1호기,2호기
양품,1호기,2호기,2호기,1호기,2호기
양품,1호기,2호기,2호기,1호기,2호기
명점,1호기,1호기,2호기,2호기,2호기
양품,1호기,1호기,2호기,2호기,2호기
양품,1호기,1호기,2호기,2호기,2호기
양품,1호기,1호기,2호기,2호기,2호기
양품,1호기,1호기,2호기,2호기,2호기
양품,1호기,1호기,2호기,2호기,2호기
양품,1호기,1호기,2호기,2호기,2호기
양품,1호기,1호기,2호기,2호기,2호기
양품,1호기,1호기,2호기,2호기,2호기
명점,1호기,1호기,2호기,2호기,2호기
양품,1호기,1호기,2호기,2호기,2호기
양품,1호기,1호기,2호기,2호기,2호기
양품,1호기,1호기,2호기,2호기,2호기
양품,1호기,1호기,2호기,2호기,2호기
양품,1호기,1호기,2호기,2호기,2호기
양품,1호기,1호기,2호기,2호기,2호기
양품,1호기,1호기,2호기,2호기,2호기
양품,1호기,1호기,2호기,2호기,2호기
양품,1호기,1호기,2호기,2호기,2호기
양품,1호기,1호기,2호기,2호기,2호기
양품,2호기,1호기,1호기,1호기,2호기
양품,2호기,1호기,1호기,1호기,2호기
양품,2호기,1호기,1호기,1호기,2호기
양품,2호기,1호기,1호기,1호기,2호기
양품,2호기,1호기,1호기,1호기,2호기
양품,2호기,1호기,1호기,1호기,2호기
양품,2호기,1호기,1호기,1호기,2호기
양품,2호기,1호기,1호기,1호기,2호기
명점,2호기,1호기,1호기,1호기,2호기
양품,2호기,1호기,1호기,1호기,2호기
양품,2호기,1호기,1호기,1호기,2호기
양품,2호기,1호기,1호기,1호기,2호기
양품,2호기,1호기,1호기,1호기,2호기
양품,2호기,1호기,1호기,1호기,2호기
양품,2호기,1호기,1호기,1호기,2호기
양품,2호기,1호기,1호기,1호기,2호기
양품,2호기,1호기,1호기,1호기,2호기
양품,2호기,1호기,1호기,1호기,2호기
양품,2호기,1호기,1호기,1호기,2호기
양품,2호기,1호기,1호기,1호기,2호기
양품,2호기,1호기,1호기,2호기,2호기
양품,2호기,1호기,1호기,2호기,2호기
양품,2호기,1호기,1호기,2호기,2호기
양품,2호기,1호기,1호기,2호기,2호기
양품,2호기,1호기,1호기,2호기,2호기
양품,2호기,1호기,1호기,2호기,2호기
명점,2호기,1호기,1호기,2호기,2호기
양품,2호기,1호기,1호기,2호기,2호기
양품,2호기,1호기,1호기,2호기,2호기
양품,2호기,1호기,1호기,2호기,2호기
양품,2호기,1호기,1호기,2호기,2호기
양품,2호기,1호기,1호기,2호기,2호기
양품,2호기,1호기,1호기,2호기,2호기
양품,2호기,1호기,1호기,2호기,2호기
양품,2호기,1호기,1호기,2호기,2호기
명점,2호기,1호기,1호기,2호기,2호기
양품,2호기,1호기,1호기,2호기,2호기
양품,2호기,1호기,1호기,2호기,2호기
양품,2호기,1호기,1호기,2호기,2호기
명점,2호기,1호기,1호기,2호기,2호기
양품,2호기,1호기,1호기,2호기,1호기
양품,2호기,1호기,1호기,2호기,1호기
양품,2호기,1호기,1호기,2호기,1호기
양품,2호기,1호기,1호기,2호기,1호기
양품,2호기,1호기,1호기,2호기,1호기
양품,2호기,1호기,1호기,2호기,1호기
양품,2호기,1호기,1호기,2호기,1호기
양품,2호기,1호기,1호기,2호기,1호기
양품,2호기,1호기,1호기,2호기,1호기
양품,2호기,1호기,1호기,2호기,1호기
양품,2호기,1호기,1호기,2호기,1호기
양품,2호기,1호기,1호기,2호기,1호기
양품,2호기,1호기,1호기,2호기,1호기
양품,2호기,1호기,1호기,2호기,1호기
양품,2호기,1호기,1호기,2호기,1호기
양품,2호기,1호기,1호기,2호기,1호기
양품,2호기,1호기,1호기,2호기,1호기
명점,2호기,1호기,1호기,2호기,1호기
양품,2호기,1호기,1호기,2호기,1호기
명점,2호기,1호기,1호기,2호기,1호기
양품,1호기,2호기,1호기,1호기,2호기
명점,1호기,2호기,1호기,1호기,2호기
양품,1호기,2호기,1호기,1호기,2호기
양품,1호기,2호기,1호기,1호기,2호기
명점,1호기,2호기,1호기,1호기,2호기
양품,1호기,2호기,1호기,1호기,2호기
양품,1호기,2호기,1호기,1호기,2호기
양품,1호기,2호기,1호기,1호기,2호기
양품,1호기,2호기,1호기,1호기,2호기
명점,1호기,2호기,1호기,1호기,2호기
양품,1호기,2호기,1호기,1호기,2호기
양품,1호기,2호기,1호기,1호기,2호기
양품,1호기,2호기,1호기,1호기,2호기
양품,1호기,2호기,1호기,1호기,2호기
양품,1호기,2호기,1호기,1호기,2호기
양품,1호기,2호기,1호기,1호기,2호기
양품,1호기,2호기,1호기,1호기,2호기
양품,1호기,2호기,1호기,1호기,2호기
명점,1호기,2호기,1호기,1호기,2호기
양품,1호기,2호기,1호기,1호기,2호기
양품,2호기,1호기,2호기,1호기,2호기
양품,2호기,1호기,2호기,1호기,2호기
명점,2호기,1호기,2호기,1호기,2호기
양품,2호기,1호기,2호기,1호기,2호기
양품,2호기,1호기,2호기,1호기,2호기
양품,2호기,1호기,2호기,1호기,2호기
양품,2호기,1호기,2호기,1호기,2호기
양품,2호기,1호기,2호기,1호기,2호기
명점,2호기,1호기,2호기,1호기,2호기
양품,2호기,1호기,2호기,1호기,2호기
양품,2호기,1호기,2호기,1호기,2호기
양품,2호기,1호기,2호기,1호기,2호기
양품,2호기,1호기,2호기,1호기,2호기
양품,2호기,1호기,2호기,1호기,2호기
양품,2호기,1호기,2호기,1호기,2호기
양품,2호기,1호기,2호기,1호기,2호기
양품,2호기,1호기,2호기,1호기,2호기
양품,2호기,1호기,2호기,1호기,2호기
양품,2호기,1호기,2호기,1호기,2호기
양품,2호기,1호기,2호기,1호기,2호기
양품,2호기,2호기,1호기,1호기,1호기
양품,2호기,2호기,1호기,1호기,1호기
양품,2호기,2호기,1호기,1호기,1호기
양품,2호기,2호기,1호기,1호기,1호기
양품,2호기,2호기,1호기,1호기,1호기
양품,2호기,2호기,1호기,1호기,1호기
양품,2호기,2호기,1호기,1호기,1호기
양품,2호기,2호기,1호기,1호기,1호기
양품,2호기,2호기,1호기,1호기,1호기
양품,2호기,2호기,1호기,1호기,1호기
양품,2호기,2호기,1호기,1호기,1호기
양품,2호기,2호기,1호기,1호기,1호기
양품,2호기,2호기,1호기,1호기,1호기
명점,2호기,2호기,1호기,1호기,1호기
양품,2호기,2호기,1호기,1호기,1호기
양품,2호기,2호기,1호기,1호기,1호기
양품,2호기,2호기,1호기,1호기,1호기
명점,2호기,2호기,1호기,1호기,1호기
양품,2호기,2호기,1호기,1호기,1호기
양품,2호기,2호기,1호기,1호기,1호기
양품,2호기,2호기,1호기,1호기,1호기
양품,2호기,2호기,1호기,1호기,1호기
양품,2호기,2호기,1호기,1호기,1호기
양품,2호기,2호기,1호기,1호기,1호기
양품,2호기,2호기,1호기,1호기,1호기
양품,2호기,2호기,1호기,1호기,1호기
양품,2호기,2호기,1호기,1호기,1호기
양품,2호기,2호기,1호기,1호기,1호기
양품,2호기,2호기,1호기,1호기,1호기
양품,2호기,2호기,1호기,1호기,1호기
양품,2호기,2호기,1호기,1호기,1호기
양품,2호기,2호기,1호기,1호기,1호기
명점,2호기,2호기,1호기,1호기,1호기
양품,2호기,2호기,1호기,1호기,1호기
양품,2호기,2호기,1호기,1호기,1호기
양품,2호기,2호기,1호기,1호기,1호기
양품,2호기,2호기,1호기,1호기,1호기
양품,2호기,2호기,1호기,1호기,1호기
양품,2호기,2호기,1호기,1호기,1호기
양품,2호기,2호기,1호기,1호기,1호기
양품,1호기,2호기,2호기,2호기,1호기
양품,1호기,2호기,2호기,2호기,1호기
양품,1호기,2호기,2호기,2호기,1호기
양품,1호기,2호기,2호기,2호기,1호기
양품,1호기,2호기,2호기,2호기,1호기
양품,1호기,2호기,2호기,2호기,1호기
양품,1호기,2호기,2호기,2호기,1호기
양품,1호기,2호기,2호기,2호기,1호기
양품,1호기,2호기,2호기,2호기,1호기
양품,1호기,2호기,2호기,2호기,1호기
양품,1호기,2호기,2호기,2호기,1호기
양품,1호기,2호기,2호기,2호기,1호기
양품,1호기,2호기,2호기,2호기,1호기
양품,1호기,2호기,2호기,2호기,1호기
양품,1호기,2호기,2호기,2호기,1호기
양품,1호기,2호기,2호기,2호기,1호기
명점,1호기,2호기,2호기,2호기,1호기
양품,1호기,2호기,2호기,2호기,1호기
양품,1호기,2호기,2호기,2호기,1호기
명점,1호기,2호기,2호기,2호기,1호기
양품,1호기,1호기,2호기,2호기,2호기
양품,1호기,1호기,2호기,2호기,2호기
양품,1호기,1호기,2호기,2호기,2호기
양품,1호기,1호기,2호기,2호기,2호기
양품,1호기,1호기,2호기,2호기,2호기
명점,1호기,1호기,2호기,2호기,2호기
양품,1호기,1호기,2호기,2호기,2호기
명점,1호기,1호기,2호기,2호기,2호기
양품,1호기,1호기,2호기,2호기,2호기
양품,1호기,1호기,2호기,2호기,2호기
명점,1호기,1호기,2호기,2호기,2호기
양품,1호기,1호기,2호기,2호기,2호기
양품,1호기,1호기,2호기,2호기,2호기
명점,1호기,1호기,2호기,2호기,2호기
양품,1호기,1호기,2호기,2호기,2호기
명점,1호기,1호기,2호기,2호기,2호기
양품,1호기,1호기,2호기,2호기,2호기
양품,1호기,1호기,2호기,2호기,2호기
양품,1호기,1호기,2호기,2호기,2호기
양품,1호기,1호기,2호기,2호기,2호기
양품,1호기,1호기,1호기,1호기,1호기
양품,1호기,1호기,1호기,1호기,1호기
양품,1호기,1호기,1호기,1호기,1호기
양품,1호기,1호기,1호기,1호기,1호기
명점,1호기,1호기,1호기,1호기,1호기
양품,1호기,1호기,1호기,1호기,1호기
양품,1호기,1호기,1호기,1호기,1호기
양품,1호기,1호기,1호기,1호기,1호기
양품,1호기,1호기,1호기,1호기,1호기
양품,1호기,1호기,1호기,1호기,1호기
양품,1호기,1호기,1호기,1호기,1호기
명점,1호기,1호기,1호기,1호기,1호기
양품,1호기,1호기,1호기,1호기,1호기
양품,1호기,1호기,1호기,1호기,1호기
양품,1호기,1호기,1호기,1호기,1호기
양품,1호기,1호기,1호기,1호기,1호기
양품,1호기,1호기,1호기,1호기,1호기
양품,1호기,1호기,1호기,1호기,1호기
양품,1호기,1호기,1호기,1호기,1호기
명점,1호기,1호기,1호기,1호기,1호기
명점,1호기,2호기,2호기,2호기,2호기
양품,1호기,2호기,2호기,2호기,2호기
양품,1호기,2호기,2호기,2호기,2호기
양품,1호기,2호기,2호기,2호기,2호기
양품,1호기,2호기,2호기,2호기,2호기
양품,1호기,2호기,2호기,2호기,2호기
명점,1호기,2호기,2호기,2호기,2호기
양품,1호기,2호기,2호기,2호기,2호기
양품,1호기,2호기,2호기,2호기,2호기
양품,1호기,2호기,2호기,2호기,2호기
양품,1호기,2호기,2호기,2호기,2호기
명점,1호기,2호기,2호기,2호기,2호기
양품,1호기,2호기,2호기,2호기,2호기
양품,1호기,2호기,2호기,2호기,2호기
양품,1호기,2호기,2호기,2호기,2호기
양품,1호기,2호기,2호기,2호기,2호기
명점,1호기,2호기,2호기,2호기,2호기
양품,1호기,2호기,2호기,2호기,2호기
양품,1호기,2호기,2호기,2호기,2호기
양품,1호기,2호기,2호기,2호기,2호기
양품,2호기,2호기,1호기,2호기,1호기
양품,2호기,2호기,1호기,2호기,1호기
양품,2호기,2호기,1호기,2호기,1호기
양품,2호기,2호기,1호기,2호기,1호기
명점,2호기,2호기,1호기,2호기,1호기
양품,2호기,2호기,1호기,2호기,1호기
양품,2호기,2호기,1호기,2호기,1호기
양품,2호기,2호기,1호기,2호기,1호기
양품,2호기,2호기,1호기,2호기,1호기
양품,2호기,2호기,1호기,2호기,1호기
양품,2호기,2호기,1호기,2호기,1호기
양품,2호기,2호기,1호기,2호기,1호기
양품,2호기,2호기,1호기,2호기,1호기
양품,2호기,2호기,1호기,2호기,1호기
양품,2호기,2호기,1호기,2호기,1호기
양품,2호기,2호기,1호기,2호기,1호기
양품,2호기,2호기,1호기,2호기,1호기
양품,2호기,2호기,1호기,2호기,1호기
양품,2호기,2호기,1호기,2호기,1호기
양품,2호기,2호기,1호기,2호기,1호기
양품,1호기,2호기,2호기,2호기,2호기
양품,1호기,2호기,2호기,2호기,2호기
양품,1호기,2호기,2호기,2호기,2호기
양품,1호기,2호기,2호기,2호기,2호기
양품,1호기,2호기,2호기,2호기,2호기
양품,1호기,2호기,2호기,2호기,2호기
양품,1호기,2호기,2호기,2호기,2호기
양품,1호기,2호기,2호기,2호기,2호기
양품,1호기,2호기,2호기,2호기,2호기
양품,1호기,2호기,2호기,2호기,2호기
양품,1호기,2호기,2호기,2호기,2호기
명점,1호기,2호기,2호기,2호기,2호기
양품,1호기,2호기,2호기,2호기,2호기
양품,1호기,2호기,2호기,2호기,2호기
양품,1호기,2호기,2호기,2호기,2호기
양품,1호기,2호기,2호기,2호기,2호기
양품,1호기,2호기,2호기,2호기,2호기
양품,1호기,2호기,2호기,2호기,2호기
양품,1호기,2호기,2호기,2호기,2호기
명점,1호기,2호기,2호기,2호기,2호기
양품,2호기,2호기,2호기,1호기,1호기
양품,2호기,2호기,2호기,1호기,1호기
명점,2호기,2호기,2호기,1호기,1호기
양품,2호기,2호기,2호기,1호기,1호기
명점,2호기,2호기,2호기,1호기,1호기
양품,2호기,2호기,2호기,1호기,1호기
양품,2호기,2호기,2호기,1호기,1호기
양품,2호기,2호기,2호기,1호기,1호기
양품,2호기,2호기,2호기,1호기,1호기
양품,2호기,2호기,2호기,1호기,1호기
명점,2호기,2호기,2호기,1호기,1호기
양품,2호기,2호기,2호기,1호기,1호기
양품,2호기,2호기,2호기,1호기,1호기
양품,2호기,2호기,2호기,1호기,1호기
양품,2호기,2호기,2호기,1호기,1호기
양품,2호기,2호기,2호기,1호기,1호기
양품,2호기,2호기,2호기,1호기,1호기
명점,2호기,2호기,2호기,1호기,1호기
양품,2호기,2호기,2호기,1호기,1호기
양품,2호기,2호기,2호기,1호기,1호기
양품,1호기,1호기,2호기,1호기,1호기
양품,1호기,1호기,2호기,1호기,1호기
양품,1호기,1호기,2호기,1호기,1호기
양품,1호기,1호기,2호기,1호기,1호기
양품,1호기,1호기,2호기,1호기,1호기
양품,1호기,1호기,2호기,1호기,1호기
양품,1호기,1호기,2호기,1호기,1호기
양품,1호기,1호기,2호기,1호기,1호기
양품,1호기,1호기,2호기,1호기,1호기
양품,1호기,1호기,2호기,1호기,1호기
명점,1호기,1호기,2호기,1호기,1호기
양품,1호기,1호기,2호기,1호기,1호기
양품,1호기,1호기,2호기,1호기,1호기
양품,1호기,1호기,2호기,1호기,1호기
양품,1호기,1호기,2호기,1호기,1호기
양품,1호기,1호기,2호기,1호기,1호기
양품,1호기,1호기,2호기,1호기,1호기
양품,1호기,1호기,2호기,1호기,1호기
명점,1호기,1호기,2호기,1호기,1호기
양품,1호기,1호기,2호기,1호기,1호기
양품,1호기,1호기,1호기,2호기,2호기
양품,1호기,1호기,1호기,2호기,2호기
양품,1호기,1호기,1호기,2호기,2호기
양품,1호기,1호기,1호기,2호기,2호기
양품,1호기,1호기,1호기,2호기,2호기
양품,1호기,1호기,1호기,2호기,2호기
명점,1호기,1호기,1호기,2호기,2호기
양품,1호기,1호기,1호기,2호기,2호기
양품,1호기,1호기,1호기,2호기,2호기
양품,1호기,1호기,1호기,2호기,2호기
양품,1호기,1호기,1호기,2호기,2호기
양품,1호기,1호기,1호기,2호기,2호기
양품,1호기,1호기,1호기,2호기,2호기
양품,1호기,1호기,1호기,2호기,2호기
양품,1호기,1호기,1호기,2호기,2호기
명점,1호기,1호기,1호기,2호기,2호기
양품,1호기,1호기,1호기,2호기,2호기
양품,1호기,1호기,1호기,2호기,2호기
양품,1호기,1호기,1호기,2호기,2호기
양품,1호기,1호기,1호기,2호기,2호기
양품,2호기,1호기,1호기,1호기,2호기
양품,2호기,1호기,1호기,1호기,2호기
양품,2호기,1호기,1호기,1호기,2호기
양품,2호기,1호기,1호기,1호기,2호기
양품,2호기,1호기,1호기,1호기,2호기
양품,2호기,1호기,1호기,1호기,2호기
양품,2호기,1호기,1호기,1호기,2호기
명점,2호기,1호기,1호기,1호기,2호기
양품,2호기,1호기,1호기,1호기,2호기
양품,2호기,1호기,1호기,1호기,2호기
양품,2호기,1호기,1호기,1호기,2호기
양품,2호기,1호기,1호기,1호기,2호기
양품,2호기,1호기,1호기,1호기,2호기
양품,2호기,1호기,1호기,1호기,2호기
명점,2호기,1호기,1호기,1호기,2호기
양품,2호기,1호기,1호기,1호기,2호기
양품,2호기,1호기,1호기,1호기,2호기
양품,2호기,1호기,1호기,1호기,2호기
양품,2호기,1호기,1호기,1호기,2호기
명점,2호기,1호기,1호기,1호기,2호기
양품,1호기,1호기,1호기,2호기,2호기
양품,1호기,1호기,1호기,2호기,2호기
양품,1호기,1호기,1호기,2호기,2호기
양품,1호기,1호기,1호기,2호기,2호기
양품,1호기,1호기,1호기,2호기,2호기
양품,1호기,1호기,1호기,2호기,2호기
양품,1호기,1호기,1호기,2호기,2호기
명점,1호기,1호기,1호기,2호기,2호기
양품,1호기,1호기,1호기,2호기,2호기
양품,1호기,1호기,1호기,2호기,2호기
양품,1호기,1호기,1호기,2호기,2호기
양품,1호기,1호기,1호기,2호기,2호기
명점,1호기,1호기,1호기,2호기,2호기
양품,1호기,1호기,1호기,2호기,2호기
양품,1호기,1호기,1호기,2호기,2호기
양품,1호기,1호기,1호기,2호기,2호기
양품,1호기,1호기,1호기,2호기,2호기
명점,1호기,1호기,1호기,2호기,2호기
양품,1호기,1호기,1호기,2호기,2호기
양품,1호기,1호기,1호기,2호기,2호기
명점,1호기,1호기,2호기,2호기,1호기
양품,1호기,1호기,2호기,2호기,1호기
양품,1호기,1호기,2호기,2호기,1호기
양품,1호기,1호기,2호기,2호기,1호기
양품,1호기,1호기,2호기,2호기,1호기
양품,1호기,1호기,2호기,2호기,1호기
양품,1호기,1호기,2호기,2호기,1호기
양품,1호기,1호기,2호기,2호기,1호기
명점,1호기,1호기,2호기,2호기,1호기
양품,1호기,1호기,2호기,2호기,1호기
양품,1호기,1호기,2호기,2호기,1호기
양품,1호기,1호기,2호기,2호기,1호기
양품,1호기,1호기,2호기,2호기,1호기
양품,1호기,1호기,2호기,2호기,1호기
명점,1호기,1호기,2호기,2호기,1호기
양품,1호기,1호기,2호기,2호기,1호기
양품,1호기,1호기,2호기,2호기,1호기
양품,1호기,1호기,2호기,2호기,1호기
양품,1호기,1호기,2호기,2호기,1호기
양품,1호기,1호기,2호기,2호기,1호기
양품,2호기,2호기,1호기,2호기,2호기
양품,2호기,2호기,1호기,2호기,2호기
양품,2호기,2호기,1호기,2호기,2호기
양품,2호기,2호기,1호기,2호기,2호기
양품,2호기,2호기,1호기,2호기,2호기
명점,2호기,2호기,1호기,2호기,2호기
양품,2호기,2호기,1호기,2호기,2호기
양품,2호기,2호기,1호기,2호기,2호기
양품,2호기,2호기,1호기,2호기,2호기
양품,2호기,2호기,1호기,2호기,2호기
양품,2호기,2호기,1호기,2호기,2호기
양품,2호기,2호기,1호기,2호기,2호기
양품,2호기,2호기,1호기,2호기,2호기
양품,2호기,2호기,1호기,2호기,2호기
양품,2호기,2호기,1호기,2호기,2호기
양품,2호기,2호기,1호기,2호기,2호기
양품,2호기,2호기,1호기,2호기,2호기
양품,2호기,2호기,1호기,2호기,2호기
양품,2호기,2호기,1호기,2호기,2호기
양품,2호기,2호기,1호기,2호기,2호기
양품,1호기,2호기,1호기,2호기,1호기
양품,1호기,2호기,1호기,2호기,1호기
양품,1호기,2호기,1호기,2호기,1호기
양품,1호기,2호기,1호기,2호기,1호기
명점,1호기,2호기,1호기,2호기,1호기
양품,1호기,2호기,1호기,2호기,1호기
양품,1호기,2호기,1호기,2호기,1호기
양품,1호기,2호기,1호기,2호기,1호기
양품,1호기,2호기,1호기,2호기,1호기
양품,1호기,2호기,1호기,2호기,1호기
명점,1호기,2호기,1호기,2호기,1호기
양품,1호기,2호기,1호기,2호기,1호기
양품,1호기,2호기,1호기,2호기,1호기
양품,1호기,2호기,1호기,2호기,1호기
양품,1호기,2호기,1호기,2호기,1호기
양품,1호기,2호기,1호기,2호기,1호기
양품,1호기,2호기,1호기,2호기,1호기
양품,1호기,2호기,1호기,2호기,1호기
명점,1호기,2호기,1호기,2호기,1호기
양품,1호기,2호기,1호기,2호기,1호기
양품,1호기,1호기,1호기,1호기,1호기
양품,1호기,1호기,1호기,1호기,1호기
양품,1호기,1호기,1호기,1호기,1호기
명점,1호기,1호기,1호기,1호기,1호기
양품,1호기,1호기,1호기,1호기,1호기
양품,1호기,1호기,1호기,1호기,1호기
양품,1호기,1호기,1호기,1호기,1호기
명점,1호기,1호기,1호기,1호기,1호기
명점,1호기,1호기,1호기,1호기,1호기
양품,1호기,1호기,1호기,1호기,1호기
양품,1호기,1호기,1호기,1호기,1호기
양품,1호기,1호기,1호기,1호기,1호기
명점,1호기,1호기,1호기,1호기,1호기
양품,1호기,1호기,1호기,1호기,1호기
양품,1호기,1호기,1호기,1호기,1호기
양품,1호기,1호기,1호기,1호기,1호기
양품,1호기,1호기,1호기,1호기,1호기
양품,1호기,1호기,1호기,1호기,1호기
양품,1호기,1호기,1호기,1호기,1호기
양품,1호기,1호기,1호기,1호기,1호기
양품,1호기,1호기,1호기,1호기,1호기
양품,1호기,1호기,1호기,1호기,1호기
양품,1호기,1호기,1호기,1호기,1호기
명점,1호기,1호기,1호기,1호기,1호기
양품,1호기,1호기,1호기,1호기,1호기
양품,1호기,1호기,1호기,1호기,1호기
양품,1호기,1호기,1호기,1호기,1호기
양품,1호기,1호기,1호기,1호기,1호기
양품,1호기,1호기,1호기,1호기,1호기
양품,1호기,1호기,1호기,1호기,1호기
명점,1호기,1호기,1호기,1호기,1호기
양품,1호기,1호기,1호기,1호기,1호기
양품,1호기,1호기,1호기,1호기,1호기
양품,1호기,1호기,1호기,1호기,1호기
양품,1호기,1호기,1호기,1호기,1호기
양품,1호기,1호기,1호기,1호기,1호기
양품,1호기,1호기,1호기,1호기,1호기
양품,1호기,1호기,1호기,1호기,1호기
양품,1호기,1호기,1호기,1호기,1호기
양품,1호기,1호기,1호기,1호기,1호기
양품,1호기,1호기,2호기,1호기,2호기
양품,1호기,1호기,2호기,1호기,2호기
양품,1호기,1호기,2호기,1호기,2호기
양품,1호기,1호기,2호기,1호기,2호기
명점,1호기,1호기,2호기,1호기,2호기
양품,1호기,1호기,2호기,1호기,2호기
양품,1호기,1호기,2호기,1호기,2호기
양품,1호기,1호기,2호기,1호기,2호기
양품,1호기,1호기,2호기,1호기,2호기
양품,1호기,1호기,2호기,1호기,2호기
양품,1호기,1호기,2호기,1호기,2호기
양품,1호기,1호기,2호기,1호기,2호기
양품,1호기,1호기,2호기,1호기,2호기
명점,1호기,1호기,2호기,1호기,2호기
양품,1호기,1호기,2호기,1호기,2호기
양품,1호기,1호기,2호기,1호기,2호기
양품,1호기,1호기,2호기,1호기,2호기
양품,1호기,1호기,2호기,1호기,2호기
양품,1호기,1호기,2호기,1호기,2호기
양품,1호기,1호기,2호기,1호기,2호기
양품,2호기,2호기,1호기,2호기,1호기
양품,2호기,2호기,1호기,2호기,1호기
양품,2호기,2호기,1호기,2호기,1호기
양품,2호기,2호기,1호기,2호기,1호기
명점,2호기,2호기,1호기,2호기,1호기
양품,2호기,2호기,1호기,2호기,1호기
양품,2호기,2호기,1호기,2호기,1호기
양품,2호기,2호기,1호기,2호기,1호기
양품,2호기,2호기,1호기,2호기,1호기
양품,2호기,2호기,1호기,2호기,1호기
양품,2호기,2호기,1호기,2호기,1호기
양품,2호기,2호기,1호기,2호기,1호기
양품,2호기,2호기,1호기,2호기,1호기
양품,2호기,2호기,1호기,2호기,1호기
양품,2호기,2호기,1호기,2호기,1호기
양품,2호기,2호기,1호기,2호기,1호기
양품,2호기,2호기,1호기,2호기,1호기
양품,2호기,2호기,1호기,2호기,1호기
양품,2호기,2호기,1호기,2호기,1호기
양품,2호기,2호기,1호기,2호기,1호기
양품,2호기,1호기,1호기,2호기,1호기
양품,2호기,1호기,1호기,2호기,1호기
양품,2호기,1호기,1호기,2호기,1호기
양품,2호기,1호기,1호기,2호기,1호기
양품,2호기,1호기,1호기,2호기,1호기
양품,2호기,1호기,1호기,2호기,1호기
양품,2호기,1호기,1호기,2호기,1호기
양품,2호기,1호기,1호기,2호기,1호기
양품,2호기,1호기,1호기,2호기,1호기
양품,2호기,1호기,1호기,2호기,1호기
양품,2호기,1호기,1호기,2호기,1호기
양품,2호기,1호기,1호기,2호기,1호기
양품,2호기,1호기,1호기,2호기,1호기
양품,2호기,1호기,1호기,2호기,1호기
명점,2호기,1호기,1호기,2호기,1호기
양품,2호기,1호기,1호기,2호기,1호기
양품,2호기,1호기,1호기,2호기,1호기
양품,2호기,1호기,1호기,2호기,1호기
양품,2호기,1호기,1호기,2호기,1호기
명점,2호기,1호기,1호기,2호기,1호기
양품,1호기,2호기,2호기,1호기,2호기
양품,1호기,2호기,2호기,1호기,2호기
양품,1호기,2호기,2호기,1호기,2호기
양품,1호기,2호기,2호기,1호기,2호기
양품,1호기,2호기,2호기,1호기,2호기
명점,1호기,2호기,2호기,1호기,2호기
양품,1호기,2호기,2호기,1호기,2호기
양품,1호기,2호기,2호기,1호기,2호기
명점,1호기,2호기,2호기,1호기,2호기
양품,1호기,2호기,2호기,1호기,2호기
양품,1호기,2호기,2호기,1호기,2호기
양품,1호기,2호기,2호기,1호기,2호기
명점,1호기,2호기,2호기,1호기,2호기
양품,1호기,2호기,2호기,1호기,2호기
명점,1호기,2호기,2호기,1호기,2호기
양품,1호기,2호기,2호기,1호기,2호기
양품,1호기,2호기,2호기,1호기,2호기
양품,1호기,2호기,2호기,1호기,2호기
양품,1호기,2호기,2호기,1호기,2호기
양품,1호기,2호기,2호기,1호기,2호기
양품,2호기,1호기,1호기,1호기,1호기
명점,2호기,1호기,1호기,1호기,1호기
양품,2호기,1호기,1호기,1호기,1호기
양품,2호기,1호기,1호기,1호기,1호기
양품,2호기,1호기,1호기,1호기,1호기
양품,2호기,1호기,1호기,1호기,1호기
양품,2호기,1호기,1호기,1호기,1호기
양품,2호기,1호기,1호기,1호기,1호기
명점,2호기,1호기,1호기,1호기,1호기
양품,2호기,1호기,1호기,1호기,1호기
양품,2호기,1호기,1호기,1호기,1호기
양품,2호기,1호기,1호기,1호기,1호기
양품,2호기,1호기,1호기,1호기,1호기
양품,2호기,1호기,1호기,1호기,1호기
양품,2호기,1호기,1호기,1호기,1호기
양품,2호기,1호기,1호기,1호기,1호기
양품,2호기,1호기,1호기,1호기,1호기
양품,2호기,1호기,1호기,1호기,1호기
양품,2호기,1호기,1호기,1호기,1호기
양품,2호기,1호기,1호기,1호기,1호기
양품,1호기,1호기,1호기,1호기,1호기
양품,1호기,1호기,1호기,1호기,1호기
양품,1호기,1호기,1호기,1호기,1호기
양품,1호기,1호기,1호기,1호기,1호기
양품,1호기,1호기,1호기,1호기,1호기
양품,1호기,1호기,1호기,1호기,1호기
양품,1호기,1호기,1호기,1호기,1호기
양품,1호기,1호기,1호기,1호기,1호기
양품,1호기,1호기,1호기,1호기,1호기
양품,1호기,1호기,1호기,1호기,1호기
양품,1호기,1호기,1호기,1호기,1호기
명점,1호기,1호기,1호기,1호기,1호기
양품,1호기,1호기,1호기,1호기,1호기
명점,1호기,1호기,1호기,1호기,1호기
양품,1호기,1호기,1호기,1호기,1호기
양품,1호기,1호기,1호기,1호기,1호기
양품,1호기,1호기,1호기,1호기,1호기
양품,1호기,1호기,1호기,1호기,1호기
양품,1호기,1호기,1호기,1호기,1호기
양품,1호기,1호기,1호기,1호기,1호기
양품,1호기,1호기,2호기,2호기,1호기
양품,1호기,1호기,2호기,2호기,1호기
양품,1호기,1호기,2호기,2호기,1호기
명점,1호기,1호기,2호기,2호기,1호기
양품,1호기,1호기,2호기,2호기,1호기
양품,1호기,1호기,2호기,2호기,1호기
명점,1호기,1호기,2호기,2호기,1호기
양품,1호기,1호기,2호기,2호기,1호기
양품,1호기,1호기,2호기,2호기,1호기
양품,1호기,1호기,2호기,2호기,1호기
양품,1호기,1호기,2호기,2호기,1호기
양품,1호기,1호기,2호기,2호기,1호기
양품,1호기,1호기,2호기,2호기,1호기
양품,1호기,1호기,2호기,2호기,1호기
양품,1호기,1호기,2호기,2호기,1호기
양품,1호기,1호기,2호기,2호기,1호기
양품,1호기,1호기,2호기,2호기,1호기
명점,1호기,1호기,2호기,2호기,1호기
양품,1호기,1호기,2호기,2호기,1호기
양품,1호기,1호기,2호기,2호기,1호기
양품,2호기,2호기,1호기,1호기,2호기
양품,2호기,2호기,1호기,1호기,2호기
명점,2호기,2호기,1호기,1호기,2호기
양품,2호기,2호기,1호기,1호기,2호기
양품,2호기,2호기,1호기,1호기,2호기
양품,2호기,2호기,1호기,1호기,2호기
양품,2호기,2호기,1호기,1호기,2호기
양품,2호기,2호기,1호기,1호기,2호기
양품,2호기,2호기,1호기,1호기,2호기
명점,2호기,2호기,1호기,1호기,2호기
양품,2호기,2호기,1호기,1호기,2호기
양품,2호기,2호기,1호기,1호기,2호기
양품,2호기,2호기,1호기,1호기,2호기
양품,2호기,2호기,1호기,1호기,2호기
양품,2호기,2호기,1호기,1호기,2호기
양품,2호기,2호기,1호기,1호기,2호기
양품,2호기,2호기,1호기,1호기,2호기
양품,2호기,2호기,1호기,1호기,2호기
양품,2호기,2호기,1호기,1호기,2호기
양품,2호기,2호기,1호기,1호기,2호기
양품,2호기,1호기,2호기,2호기,2호기
양품,2호기,1호기,2호기,2호기,2호기
양품,2호기,1호기,2호기,2호기,2호기
양품,2호기,1호기,2호기,2호기,2호기
양품,2호기,1호기,2호기,2호기,2호기
양품,2호기,1호기,2호기,2호기,2호기
명점,2호기,1호기,2호기,2호기,2호기
양품,2호기,1호기,2호기,2호기,2호기
양품,2호기,1호기,2호기,2호기,2호기
명점,2호기,1호기,2호기,2호기,2호기
양품,2호기,1호기,2호기,2호기,2호기
양품,2호기,1호기,2호기,2호기,2호기
양품,2호기,1호기,2호기,2호기,2호기
양품,2호기,1호기,2호기,2호기,2호기
양품,2호기,1호기,2호기,2호기,2호기
양품,2호기,1호기,2호기,2호기,2호기
양품,2호기,1호기,2호기,2호기,2호기
양품,2호기,1호기,2호기,2호기,2호기
양품,2호기,1호기,2호기,2호기,2호기
양품,2호기,1호기,2호기,2호기,2호기
양품,1호기,1호기,1호기,1호기,2호기
양품,1호기,1호기,1호기,1호기,2호기
양품,1호기,1호기,1호기,1호기,2호기
명점,1호기,1호기,1호기,1호기,2호기
양품,1호기,1호기,1호기,1호기,2호기
양품,1호기,1호기,1호기,1호기,2호기
양품,1호기,1호기,1호기,1호기,2호기
명점,1호기,1호기,1호기,1호기,2호기
양품,1호기,1호기,1호기,1호기,2호기
양품,1호기,1호기,1호기,1호기,2호기
양품,1호기,1호기,1호기,1호기,2호기
양품,1호기,1호기,1호기,1호기,2호기
양품,1호기,1호기,1호기,1호기,2호기
명점,1호기,1호기,1호기,1호기,2호기
양품,1호기,1호기,1호기,1호기,2호기
양품,1호기,1호기,1호기,1호기,2호기
양품,1호기,1호기,1호기,1호기,2호기
양품,1호기,1호기,1호기,1호기,2호기
양품,1호기,1호기,1호기,1호기,2호기
양품,1호기,1호기,1호기,1호기,2호기
양품,1호기,1호기,1호기,1호기,1호기
양품,1호기,1호기,1호기,1호기,1호기
양품,1호기,1호기,1호기,1호기,1호기
양품,1호기,1호기,1호기,1호기,1호기
명점,1호기,1호기,1호기,1호기,1호기
양품,1호기,1호기,1호기,1호기,1호기
양품,1호기,1호기,1호기,1호기,1호기
명점,1호기,1호기,1호기,1호기,1호기
양품,1호기,1호기,1호기,1호기,1호기
명점,1호기,1호기,1호기,1호기,1호기
양품,1호기,1호기,1호기,1호기,1호기
양품,1호기,1호기,1호기,1호기,1호기
양품,1호기,1호기,1호기,1호기,1호기
양품,1호기,1호기,1호기,1호기,1호기
양품,1호기,1호기,1호기,1호기,1호기
양품,1호기,1호기,1호기,1호기,1호기
양품,1호기,1호기,1호기,1호기,1호기
양품,1호기,1호기,1호기,1호기,1호기
양품,1호기,1호기,1호기,1호기,1호기
양품,1호기,1호기,1호기,1호기,1호기
양품,2호기,1호기,2호기,1호기,2호기
양품,2호기,1호기,2호기,1호기,2호기
양품,2호기,1호기,2호기,1호기,2호기
양품,2호기,1호기,2호기,1호기,2호기
양품,2호기,1호기,2호기,1호기,2호기
명점,2호기,1호기,2호기,1호기,2호기
양품,2호기,1호기,2호기,1호기,2호기
명점,2호기,1호기,2호기,1호기,2호기
양품,2호기,1호기,2호기,1호기,2호기
양품,2호기,1호기,2호기,1호기,2호기
양품,2호기,1호기,2호기,1호기,2호기
양품,2호기,1호기,2호기,1호기,2호기
양품,2호기,1호기,2호기,1호기,2호기
양품,2호기,1호기,2호기,1호기,2호기
명점,2호기,1호기,2호기,1호기,2호기
양품,2호기,1호기,2호기,1호기,2호기
양품,2호기,1호기,2호기,1호기,2호기
명점,2호기,1호기,2호기,1호기,2호기
양품,2호기,1호기,2호기,1호기,2호기
양품,2호기,1호기,2호기,1호기,2호기
양품,1호기,2호기,2호기,2호기,2호기
양품,1호기,2호기,2호기,2호기,2호기
양품,1호기,2호기,2호기,2호기,2호기
양품,1호기,2호기,2호기,2호기,2호기
양품,1호기,2호기,2호기,2호기,2호기
양품,1호기,2호기,2호기,2호기,2호기
양품,1호기,2호기,2호기,2호기,2호기
양품,1호기,2호기,2호기,2호기,2호기
양품,1호기,2호기,2호기,2호기,2호기
양품,1호기,2호기,2호기,2호기,2호기
양품,1호기,2호기,2호기,2호기,2호기
명점,1호기,2호기,2호기,2호기,2호기
양품,1호기,2호기,2호기,2호기,2호기
양품,1호기,2호기,2호기,2호기,2호기
양품,1호기,2호기,2호기,2호기,2호기
양품,1호기,2호기,2호기,2호기,2호기
양품,1호기,2호기,2호기,2호기,2호기
양품,1호기,2호기,2호기,2호기,2호기
양품,1호기,2호기,2호기,2호기,2호기
양품,1호기,2호기,2호기,2호기,2호기
양품,1호기,1호기,1호기,1호기,2호기
명점,1호기,1호기,1호기,1호기,2호기
양품,1호기,1호기,1호기,1호기,2호기
양품,1호기,1호기,1호기,1호기,2호기
양품,1호기,1호기,1호기,1호기,2호기
양품,1호기,1호기,1호기,1호기,2호기
양품,1호기,1호기,1호기,1호기,2호기
양품,1호기,1호기,1호기,1호기,2호기
양품,1호기,1호기,1호기,1호기,2호기
양품,1호기,1호기,1호기,1호기,2호기
명점,1호기,1호기,1호기,1호기,2호기
양품,1호기,1호기,1호기,1호기,2호기
양품,1호기,1호기,1호기,1호기,2호기
양품,1호기,1호기,1호기,1호기,2호기
양품,1호기,1호기,1호기,1호기,2호기
양품,1호기,1호기,1호기,1호기,2호기
양품,1호기,1호기,1호기,1호기,2호기
양품,1호기,1호기,1호기,1호기,2호기
양품,1호기,1호기,1호기,1호기,2호기
양품,1호기,1호기,1호기,1호기,2호기
양품,1호기,1호기,2호기,2호기,2호기
명점,1호기,1호기,2호기,2호기,2호기
양품,1호기,1호기,2호기,2호기,2호기
양품,1호기,1호기,2호기,2호기,2호기
명점,1호기,1호기,2호기,2호기,2호기
양품,1호기,1호기,2호기,2호기,2호기
양품,1호기,1호기,2호기,2호기,2호기
양품,1호기,1호기,2호기,2호기,2호기
양품,1호기,1호기,2호기,2호기,2호기
양품,1호기,1호기,2호기,2호기,2호기
양품,1호기,1호기,2호기,2호기,2호기
양품,1호기,1호기,2호기,2호기,2호기
양품,1호기,1호기,2호기,2호기,2호기
명점,1호기,1호기,2호기,2호기,2호기
양품,1호기,1호기,2호기,2호기,2호기
양품,1호기,1호기,2호기,2호기,2호기
양품,1호기,1호기,2호기,2호기,2호기
양품,1호기,1호기,2호기,2호기,2호기
양품,1호기,1호기,2호기,2호기,2호기
양품,1호기,1호기,2호기,2호기,2호기
양품,2호기,1호기,2호기,2호기,1호기
양품,2호기,1호기,2호기,2호기,1호기
양품,2호기,1호기,2호기,2호기,1호기
명점,2호기,1호기,2호기,2호기,1호기
양품,2호기,1호기,2호기,2호기,1호기
양품,2호기,1호기,2호기,2호기,1호기
양품,2호기,1호기,2호기,2호기,1호기
명점,2호기,1호기,2호기,2호기,1호기
양품,2호기,1호기,2호기,2호기,1호기
양품,2호기,1호기,2호기,2호기,1호기
양품,2호기,1호기,2호기,2호기,1호기
명점,2호기,1호기,2호기,2호기,1호기
양품,2호기,1호기,2호기,2호기,1호기
양품,2호기,1호기,2호기,2호기,1호기
양품,2호기,1호기,2호기,2호기,1호기
명점,2호기,1호기,2호기,2호기,1호기
양품,2호기,1호기,2호기,2호기,1호기
양품,2호기,1호기,2호기,2호기,1호기
양품,2호기,1호기,2호기,2호기,1호기
양품,2호기,1호기,2호기,2호기,1호기
양품,2호기,1호기,1호기,2호기,1호기
양품,2호기,1호기,1호기,2호기,1호기
양품,2호기,1호기,1호기,2호기,1호기
양품,2호기,1호기,1호기,2호기,1호기
명점,2호기,1호기,1호기,2호기,1호기
명점,2호기,1호기,1호기,2호기,1호기
양품,2호기,1호기,1호기,2호기,1호기
양품,2호기,1호기,1호기,2호기,1호기
양품,2호기,1호기,1호기,2호기,1호기
양품,2호기,1호기,1호기,2호기,1호기
양품,2호기,1호기,1호기,2호기,1호기
양품,2호기,1호기,1호기,2호기,1호기
양품,2호기,1호기,1호기,2호기,1호기
양품,2호기,1호기,1호기,2호기,1호기
양품,2호기,1호기,1호기,2호기,1호기
양품,2호기,1호기,1호기,2호기,1호기
양품,2호기,1호기,1호기,2호기,1호기
양품,2호기,1호기,1호기,2호기,1호기
양품,2호기,1호기,1호기,2호기,1호기
양품,2호기,1호기,1호기,2호기,1호기
양품,1호기,2호기,1호기,1호기,1호기
명점,1호기,2호기,1호기,1호기,1호기
양품,1호기,2호기,1호기,1호기,1호기
양품,1호기,2호기,1호기,1호기,1호기
명점,1호기,2호기,1호기,1호기,1호기
양품,1호기,2호기,1호기,1호기,1호기
양품,1호기,2호기,1호기,1호기,1호기
양품,1호기,2호기,1호기,1호기,1호기
양품,1호기,2호기,1호기,1호기,1호기
양품,1호기,2호기,1호기,1호기,1호기
양품,1호기,2호기,1호기,1호기,1호기
양품,1호기,2호기,1호기,1호기,1호기
양품,1호기,2호기,1호기,1호기,1호기
양품,1호기,2호기,1호기,1호기,1호기
양품,1호기,2호기,1호기,1호기,1호기
양품,1호기,2호기,1호기,1호기,1호기
명점,1호기,2호기,1호기,1호기,1호기
명점,1호기,2호기,1호기,1호기,1호기
양품,1호기,2호기,1호기,1호기,1호기
양품,1호기,2호기,1호기,1호기,1호기
명점,2호기,2호기,1호기,2호기,2호기
양품,2호기,2호기,1호기,2호기,2호기
양품,2호기,2호기,1호기,2호기,2호기
양품,2호기,2호기,1호기,2호기,2호기
양품,2호기,2호기,1호기,2호기,2호기
명점,2호기,2호기,1호기,2호기,2호기
양품,2호기,2호기,1호기,2호기,2호기
양품,2호기,2호기,1호기,2호기,2호기
양품,2호기,2호기,1호기,2호기,2호기
명점,2호기,2호기,1호기,2호기,2호기
양품,2호기,2호기,1호기,2호기,2호기
양품,2호기,2호기,1호기,2호기,2호기
양품,2호기,2호기,1호기,2호기,2호기
양품,2호기,2호기,1호기,2호기,2호기
양품,2호기,2호기,1호기,2호기,2호기
명점,2호기,2호기,1호기,2호기,2호기
양품,2호기,2호기,1호기,2호기,2호기
양품,2호기,2호기,1호기,2호기,2호기
양품,2호기,2호기,1호기,2호기,2호기
양품,2호기,2호기,1호기,2호기,2호기
양품,1호기,2호기,1호기,1호기,2호기
명점,1호기,2호기,1호기,1호기,2호기
양품,1호기,2호기,1호기,1호기,2호기
양품,1호기,2호기,1호기,1호기,2호기
양품,1호기,2호기,1호기,1호기,2호기
양품,1호기,2호기,1호기,1호기,2호기
양품,1호기,2호기,1호기,1호기,2호기
양품,1호기,2호기,1호기,1호기,2호기
명점,1호기,2호기,1호기,1호기,2호기
양품,1호기,2호기,1호기,1호기,2호기
양품,1호기,2호기,1호기,1호기,2호기
명점,1호기,2호기,1호기,1호기,2호기
양품,1호기,2호기,1호기,1호기,2호기
양품,1호기,2호기,1호기,1호기,2호기
양품,1호기,2호기,1호기,1호기,2호기
양품,1호기,2호기,1호기,1호기,2호기
양품,1호기,2호기,1호기,1호기,2호기
양품,1호기,2호기,1호기,1호기,2호기
양품,1호기,2호기,1호기,1호기,2호기
양품,1호기,2호기,1호기,1호기,2호기
명점,2호기,1호기,1호기,2호기,1호기
양품,2호기,1호기,1호기,2호기,1호기
양품,2호기,1호기,1호기,2호기,1호기
양품,2호기,1호기,1호기,2호기,1호기
양품,2호기,1호기,1호기,2호기,1호기
양품,2호기,1호기,1호기,2호기,1호기
명점,2호기,1호기,1호기,2호기,1호기
양품,2호기,1호기,1호기,2호기,1호기
양품,2호기,1호기,1호기,2호기,1호기
양품,2호기,1호기,1호기,2호기,1호기
명점,2호기,1호기,1호기,2호기,1호기
양품,2호기,1호기,1호기,2호기,1호기
양품,2호기,1호기,1호기,2호기,1호기
양품,2호기,1호기,1호기,2호기,1호기
명점,2호기,1호기,1호기,2호기,1호기
양품,2호기,1호기,1호기,2호기,1호기
양품,2호기,1호기,1호기,2호기,1호기
양품,2호기,1호기,1호기,2호기,1호기
명점,2호기,1호기,1호기,2호기,1호기
양품,2호기,1호기,1호기,2호기,1호기
양품,1호기,2호기,1호기,2호기,1호기
양품,1호기,2호기,1호기,2호기,1호기
양품,1호기,2호기,1호기,2호기,1호기
양품,1호기,2호기,1호기,2호기,1호기
양품,1호기,2호기,1호기,2호기,1호기
양품,1호기,2호기,1호기,2호기,1호기
양품,1호기,2호기,1호기,2호기,1호기
양품,1호기,2호기,1호기,2호기,1호기
양품,1호기,2호기,1호기,2호기,1호기
양품,1호기,2호기,1호기,2호기,1호기
양품,1호기,2호기,1호기,2호기,1호기
양품,1호기,2호기,1호기,2호기,1호기
양품,1호기,2호기,1호기,2호기,1호기
양품,1호기,2호기,1호기,2호기,1호기
양품,1호기,2호기,1호기,2호기,1호기
양품,1호기,2호기,1호기,2호기,1호기
양품,1호기,2호기,1호기,2호기,1호기
명점,1호기,2호기,1호기,2호기,1호기
양품,1호기,2호기,1호기,2호기,1호기
양품,1호기,2호기,1호기,2호기,1호기
명점,2호기,1호기,1호기,1호기,1호기
양품,2호기,1호기,1호기,1호기,1호기
양품,2호기,1호기,1호기,1호기,1호기
양품,2호기,1호기,1호기,1호기,1호기
양품,2호기,1호기,1호기,1호기,1호기
명점,2호기,1호기,1호기,1호기,1호기
양품,2호기,1호기,1호기,1호기,1호기
양품,2호기,1호기,1호기,1호기,1호기
양품,2호기,1호기,1호기,1호기,1호기
명점,2호기,1호기,1호기,1호기,1호기
양품,2호기,1호기,1호기,1호기,1호기
양품,2호기,1호기,1호기,1호기,1호기
양품,2호기,1호기,1호기,1호기,1호기
양품,2호기,1호기,1호기,1호기,1호기
명점,2호기,1호기,1호기,1호기,1호기
양품,2호기,1호기,1호기,1호기,1호기
명점,2호기,1호기,1호기,1호기,1호기
양품,2호기,1호기,1호기,1호기,1호기
양품,2호기,1호기,1호기,1호기,1호기
명점,2호기,1호기,1호기,1호기,1호기
양품,2호기,1호기,1호기,1호기,2호기
명점,2호기,1호기,1호기,1호기,2호기
양품,2호기,1호기,1호기,1호기,2호기
명점,2호기,1호기,1호기,1호기,2호기
양품,2호기,1호기,1호기,1호기,2호기
양품,2호기,1호기,1호기,1호기,2호기
명점,2호기,1호기,1호기,1호기,2호기
양품,2호기,1호기,1호기,1호기,2호기
양품,2호기,1호기,1호기,1호기,2호기
양품,2호기,1호기,1호기,1호기,2호기
양품,2호기,1호기,1호기,1호기,2호기
양품,2호기,1호기,1호기,1호기,2호기
양품,2호기,1호기,1호기,1호기,2호기
양품,2호기,1호기,1호기,1호기,2호기
양품,2호기,1호기,1호기,1호기,2호기
양품,2호기,1호기,1호기,1호기,2호기
양품,2호기,1호기,1호기,1호기,2호기
양품,2호기,1호기,1호기,1호기,2호기
양품,2호기,1호기,1호기,1호기,2호기
양품,2호기,1호기,1호기,1호기,2호기
양품,2호기,1호기,1호기,1호기,2호기
양품,2호기,1호기,1호기,1호기,2호기
양품,2호기,1호기,1호기,1호기,2호기
양품,2호기,1호기,1호기,1호기,2호기
명점,2호기,1호기,1호기,1호기,2호기
양품,2호기,1호기,1호기,1호기,2호기
양품,2호기,1호기,1호기,1호기,2호기
양품,2호기,1호기,1호기,1호기,2호기
양품,2호기,1호기,1호기,1호기,2호기
양품,2호기,1호기,1호기,1호기,2호기
명점,2호기,1호기,1호기,1호기,2호기
양품,2호기,1호기,1호기,1호기,2호기
양품,2호기,1호기,1호기,1호기,2호기
양품,2호기,1호기,1호기,1호기,2호기
양품,2호기,1호기,1호기,1호기,2호기
양품,2호기,1호기,1호기,1호기,2호기
명점,2호기,1호기,1호기,1호기,2호기
양품,2호기,1호기,1호기,1호기,2호기
양품,2호기,1호기,1호기,1호기,2호기
양품,2호기,1호기,1호기,1호기,2호기
양품,1호기,1호기,2호기,1호기,2호기
양품,1호기,1호기,2호기,1호기,2호기
명점,1호기,1호기,2호기,1호기,2호기
양품,1호기,1호기,2호기,1호기,2호기
양품,1호기,1호기,2호기,1호기,2호기
양품,1호기,1호기,2호기,1호기,2호기
양품,1호기,1호기,2호기,1호기,2호기
양품,1호기,1호기,2호기,1호기,2호기
양품,1호기,1호기,2호기,1호기,2호기
양품,1호기,1호기,2호기,1호기,2호기
양품,1호기,1호기,2호기,1호기,2호기
명점,1호기,1호기,2호기,1호기,2호기
양품,1호기,1호기,2호기,1호기,2호기
양품,1호기,1호기,2호기,1호기,2호기
양품,1호기,1호기,2호기,1호기,2호기
명점,1호기,1호기,2호기,1호기,2호기
양품,1호기,1호기,2호기,1호기,2호기
양품,1호기,1호기,2호기,1호기,2호기
양품,1호기,1호기,2호기,1호기,2호기
명점,1호기,1호기,2호기,1호기,2호기
양품,1호기,2호기,1호기,1호기,2호기
양품,1호기,2호기,1호기,1호기,2호기
양품,1호기,2호기,1호기,1호기,2호기
양품,1호기,2호기,1호기,1호기,2호기
명점,1호기,2호기,1호기,1호기,2호기
양품,1호기,2호기,1호기,1호기,2호기
양품,1호기,2호기,1호기,1호기,2호기
양품,1호기,2호기,1호기,1호기,2호기
양품,1호기,2호기,1호기,1호기,2호기
양품,1호기,2호기,1호기,1호기,2호기
양품,1호기,2호기,1호기,1호기,2호기
양품,1호기,2호기,1호기,1호기,2호기
명점,1호기,2호기,1호기,1호기,2호기
양품,1호기,2호기,1호기,1호기,2호기
양품,1호기,2호기,1호기,1호기,2호기
양품,1호기,2호기,1호기,1호기,2호기
양품,1호기,2호기,1호기,1호기,2호기
양품,1호기,2호기,1호기,1호기,2호기
양품,1호기,2호기,1호기,1호기,2호기
양품,1호기,2호기,1호기,1호기,2호기
양품,2호기,2호기,2호기,1호기,2호기
양품,2호기,2호기,2호기,1호기,2호기
양품,2호기,2호기,2호기,1호기,2호기
양품,2호기,2호기,2호기,1호기,2호기
양품,2호기,2호기,2호기,1호기,2호기
양품,2호기,2호기,2호기,1호기,2호기
양품,2호기,2호기,2호기,1호기,2호기
명점,2호기,2호기,2호기,1호기,2호기
양품,2호기,2호기,2호기,1호기,2호기
명점,2호기,2호기,2호기,1호기,2호기
양품,2호기,2호기,2호기,1호기,2호기
양품,2호기,2호기,2호기,1호기,2호기
명점,2호기,2호기,2호기,1호기,2호기
양품,2호기,2호기,2호기,1호기,2호기
양품,2호기,2호기,2호기,1호기,2호기
명점,2호기,2호기,2호기,1호기,2호기
양품,2호기,2호기,2호기,1호기,2호기
명점,2호기,2호기,2호기,1호기,2호기
양품,2호기,2호기,2호기,1호기,2호기
양품,2호기,2호기,2호기,1호기,2호기
양품,2호기,2호기,2호기,2호기,2호기
양품,2호기,2호기,2호기,2호기,2호기
양품,2호기,2호기,2호기,2호기,2호기
양품,2호기,2호기,2호기,2호기,2호기
양품,2호기,2호기,2호기,2호기,2호기
양품,2호기,2호기,2호기,2호기,2호기
양품,2호기,2호기,2호기,2호기,2호기
양품,2호기,2호기,2호기,2호기,2호기
양품,2호기,2호기,2호기,2호기,2호기
양품,2호기,2호기,2호기,2호기,2호기
양품,2호기,2호기,2호기,2호기,2호기
양품,2호기,2호기,2호기,2호기,2호기
양품,2호기,2호기,2호기,2호기,2호기
양품,2호기,2호기,2호기,2호기,2호기
양품,2호기,2호기,2호기,2호기,2호기
양품,2호기,2호기,2호기,2호기,2호기
양품,2호기,2호기,2호기,2호기,2호기
양품,2호기,2호기,2호기,2호기,2호기
양품,2호기,2호기,2호기,2호기,2호기
양품,2호기,2호기,2호기,2호기,2호기
양품,2호기,1호기,1호기,1호기,1호기
명점,2호기,1호기,1호기,1호기,1호기
명점,2호기,1호기,1호기,1호기,1호기
양품,2호기,1호기,1호기,1호기,1호기
양품,2호기,1호기,1호기,1호기,1호기
양품,2호기,1호기,1호기,1호기,1호기
양품,2호기,1호기,1호기,1호기,1호기
양품,2호기,1호기,1호기,1호기,1호기
양품,2호기,1호기,1호기,1호기,1호기
양품,2호기,1호기,1호기,1호기,1호기
명점,2호기,1호기,1호기,1호기,1호기
양품,2호기,1호기,1호기,1호기,1호기
양품,2호기,1호기,1호기,1호기,1호기
양품,2호기,1호기,1호기,1호기,1호기
양품,2호기,1호기,1호기,1호기,1호기
양품,2호기,1호기,1호기,1호기,1호기
양품,2호기,1호기,1호기,1호기,1호기
양품,2호기,1호기,1호기,1호기,1호기
양품,2호기,1호기,1호기,1호기,1호기
양품,2호기,1호기,1호기,1호기,1호기
명점,1호기,1호기,1호기,2호기,1호기
양품,1호기,1호기,1호기,2호기,1호기
양품,1호기,1호기,1호기,2호기,1호기
양품,1호기,1호기,1호기,2호기,1호기
양품,1호기,1호기,1호기,2호기,1호기
양품,1호기,1호기,1호기,2호기,1호기
명점,1호기,1호기,1호기,2호기,1호기
양품,1호기,1호기,1호기,2호기,1호기
양품,1호기,1호기,1호기,2호기,1호기
양품,1호기,1호기,1호기,2호기,1호기
양품,1호기,1호기,1호기,2호기,1호기
양품,1호기,1호기,1호기,2호기,1호기
양품,1호기,1호기,1호기,2호기,1호기
양품,1호기,1호기,1호기,2호기,1호기
양품,1호기,1호기,1호기,2호기,1호기
양품,1호기,1호기,1호기,2호기,1호기
양품,1호기,1호기,1호기,2호기,1호기
양품,1호기,1호기,1호기,2호기,1호기
양품,1호기,1호기,1호기,2호기,1호기
양품,1호기,1호기,1호기,2호기,1호기
양품,1호기,1호기,1호기,1호기,2호기
양품,1호기,1호기,1호기,1호기,2호기
양품,1호기,1호기,1호기,1호기,2호기
양품,1호기,1호기,1호기,1호기,2호기
양품,1호기,1호기,1호기,1호기,2호기
양품,1호기,1호기,1호기,1호기,2호기
양품,1호기,1호기,1호기,1호기,2호기
양품,1호기,1호기,1호기,1호기,2호기
양품,1호기,1호기,1호기,1호기,2호기
양품,1호기,1호기,1호기,1호기,2호기
양품,1호기,1호기,1호기,1호기,2호기
양품,1호기,1호기,1호기,1호기,2호기
양품,1호기,1호기,1호기,1호기,2호기
양품,1호기,1호기,1호기,1호기,2호기
양품,1호기,1호기,1호기,1호기,2호기
양품,1호기,1호기,1호기,1호기,2호기
명점,1호기,1호기,1호기,1호기,2호기
양품,1호기,1호기,1호기,1호기,2호기
양품,1호기,1호기,1호기,1호기,2호기
양품,1호기,1호기,1호기,1호기,2호기
양품,1호기,1호기,2호기,2호기,2호기
명점,1호기,1호기,2호기,2호기,2호기
양품,1호기,1호기,2호기,2호기,2호기
양품,1호기,1호기,2호기,2호기,2호기
명점,1호기,1호기,2호기,2호기,2호기
양품,1호기,1호기,2호기,2호기,2호기
양품,1호기,1호기,2호기,2호기,2호기
양품,1호기,1호기,2호기,2호기,2호기
양품,1호기,1호기,2호기,2호기,2호기
양품,1호기,1호기,2호기,2호기,2호기
양품,1호기,1호기,2호기,2호기,2호기
양품,1호기,1호기,2호기,2호기,2호기
양품,1호기,1호기,2호기,2호기,2호기
양품,1호기,1호기,2호기,2호기,2호기
양품,1호기,1호기,2호기,2호기,2호기
명점,1호기,1호기,2호기,2호기,2호기
양품,1호기,1호기,2호기,2호기,2호기
양품,1호기,1호기,2호기,2호기,2호기
양품,1호기,1호기,2호기,2호기,2호기
양품,1호기,1호기,2호기,2호기,2호기
양품,2호기,2호기,2호기,1호기,2호기
양품,2호기,2호기,2호기,1호기,2호기
양품,2호기,2호기,2호기,1호기,2호기
양품,2호기,2호기,2호기,1호기,2호기
양품,2호기,2호기,2호기,1호기,2호기
양품,2호기,2호기,2호기,1호기,2호기
양품,2호기,2호기,2호기,1호기,2호기
양품,2호기,2호기,2호기,1호기,2호기
양품,2호기,2호기,2호기,1호기,2호기
양품,2호기,2호기,2호기,1호기,2호기
양품,2호기,2호기,2호기,1호기,2호기
양품,2호기,2호기,2호기,1호기,2호기
명점,2호기,2호기,2호기,1호기,2호기
양품,2호기,2호기,2호기,1호기,2호기
양품,2호기,2호기,2호기,1호기,2호기
양품,2호기,2호기,2호기,1호기,2호기
명점,2호기,2호기,2호기,1호기,2호기
양품,2호기,2호기,2호기,1호기,2호기
양품,2호기,2호기,2호기,1호기,2호기
양품,2호기,2호기,2호기,1호기,2호기
명점,2호기,2호기,1호기,2호기,2호기
양품,2호기,2호기,1호기,2호기,2호기
양품,2호기,2호기,1호기,2호기,2호기
양품,2호기,2호기,1호기,2호기,2호기
양품,2호기,2호기,1호기,2호기,2호기
명점,2호기,2호기,1호기,2호기,2호기
양품,2호기,2호기,1호기,2호기,2호기
양품,2호기,2호기,1호기,2호기,2호기
양품,2호기,2호기,1호기,2호기,2호기
양품,2호기,2호기,1호기,2호기,2호기
양품,2호기,2호기,1호기,2호기,2호기
명점,2호기,2호기,1호기,2호기,2호기
양품,2호기,2호기,1호기,2호기,2호기
양품,2호기,2호기,1호기,2호기,2호기
양품,2호기,2호기,1호기,2호기,2호기
명점,2호기,2호기,1호기,2호기,2호기
양품,2호기,2호기,1호기,2호기,2호기
양품,2호기,2호기,1호기,2호기,2호기
양품,2호기,2호기,1호기,2호기,2호기
양품,2호기,2호기,1호기,2호기,2호기
양품,1호기,2호기,2호기,1호기,2호기
명점,1호기,2호기,2호기,1호기,2호기
양품,1호기,2호기,2호기,1호기,2호기
양품,1호기,2호기,2호기,1호기,2호기
양품,1호기,2호기,2호기,1호기,2호기
명점,1호기,2호기,2호기,1호기,2호기
양품,1호기,2호기,2호기,1호기,2호기
양품,1호기,2호기,2호기,1호기,2호기
양품,1호기,2호기,2호기,1호기,2호기
양품,1호기,2호기,2호기,1호기,2호기
양품,1호기,2호기,2호기,1호기,2호기
양품,1호기,2호기,2호기,1호기,2호기
명점,1호기,2호기,2호기,1호기,2호기
양품,1호기,2호기,2호기,1호기,2호기
양품,1호기,2호기,2호기,1호기,2호기
양품,1호기,2호기,2호기,1호기,2호기
양품,1호기,2호기,2호기,1호기,2호기
명점,1호기,2호기,2호기,1호기,2호기
양품,1호기,2호기,2호기,1호기,2호기
양품,1호기,2호기,2호기,1호기,2호기
양품,1호기,1호기,1호기,2호기,1호기
양품,1호기,1호기,1호기,2호기,1호기
양품,1호기,1호기,1호기,2호기,1호기
양품,1호기,1호기,1호기,2호기,1호기
양품,1호기,1호기,1호기,2호기,1호기
양품,1호기,1호기,1호기,2호기,1호기
양품,1호기,1호기,1호기,2호기,1호기
양품,1호기,1호기,1호기,2호기,1호기
양품,1호기,1호기,1호기,2호기,1호기
명점,1호기,1호기,1호기,2호기,1호기
양품,1호기,1호기,1호기,2호기,1호기
양품,1호기,1호기,1호기,2호기,1호기
양품,1호기,1호기,1호기,2호기,1호기
양품,1호기,1호기,1호기,2호기,1호기
양품,1호기,1호기,1호기,2호기,1호기
명점,1호기,1호기,1호기,2호기,1호기
양품,1호기,1호기,1호기,2호기,1호기
양품,1호기,1호기,1호기,2호기,1호기
명점,1호기,1호기,1호기,2호기,1호기
양품,1호기,1호기,1호기,2호기,1호기