JUDGE,MC_4DIELEC_1FIRE
양품,3호기
양품,3호기
양품,3호기
양품,3호기
양품,3호기
양품,3호기
양품,3호기
양품,3호기
양품,3호기
양품,3호기
양품,3호기
양품,3호기
명점,3호기
양품,3호기
양품,3호기
양품,3호기
양품,3호기
양품,3호기
양품,3호기
명점,3호기
양품,3호기
명점,3호기
양품,3호기
양품,3호기
양품,3호기
양품,3호기
양품,3호기
양품,3호기
양품,3호기
양품,3호기
양품,3호기
양품,3호기
양품,3호기
양품,3호기
양품,3호기
양품,3호기
양품,3호기
양품,3호기
양품,3호기
양품,3호기
명점,2호기
양품,2호기
양품,2호기
양품,2호기
명점,2호기
양품,2호기
양품,2호기
양품,2호기
양품,2호기
양품,2호기
양품,2호기
양품,2호기
양품,2호기
양품,2호기
양품,2호기
양품,2호기
양품,2호기
양품,2호기
양품,2호기
명점,2호기
양품,3호기
양품,3호기
양품,3호기
양품,3호기
양품,3호기
양품,3호기
양품,3호기
양품,3호기
양품,3호기
양품,3호기
양품,3호기
양품,3호기
양품,3호기
양품,3호기
양품,3호기
양품,3호기
양품,3호기
양품,3호기
양품,3호기
양품,3호기
명점,1호기
양품,1호기
양품,1호기
양품,1호기
양품,1호기
양품,1호기
양품,1호기
양품,1호기
양품,1호기
양품,1호기
양품,1호기
양품,1호기
양품,1호기
양품,1호기
양품,1호기
양품,1호기
양품,1호기
양품,1호기
양품,1호기
명점,1호기
양품,3호기
양품,3호기
양품,3호기
양품,3호기
양품,3호기
양품,3호기
양품,3호기
양품,3호기
양품,3호기
양품,3호기
양품,3호기
양품,3호기
양품,3호기
양품,3호기
양품,3호기
양품,3호기
양품,3호기
양품,3호기
양품,3호기
양품,3호기
양품,1호기
명점,1호기
양품,1호기
양품,1호기
양품,1호기
양품,1호기
양품,1호기
양품,1호기
양품,1호기
양품,1호기
양품,1호기
양품,1호기
양품,1호기
양품,1호기
양품,1호기
양품,1호기
양품,1호기
양품,1호기
양품,1호기
양품,1호기
양품,2호기
양품,2호기
양품,2호기
양품,2호기
양품,2호기
양품,2호기
양품,2호기
양품,2호기
양품,2호기
양품,2호기
양품,2호기
양품,2호기
양품,2호기
양품,2호기
양품,2호기
양품,2호기
양품,2호기
양품,2호기
양품,2호기
양품,2호기
양품,1호기
양품,1호기
양품,1호기
양품,1호기
양품,1호기
양품,1호기
양품,1호기
양품,1호기
양품,1호기
명점,1호기
양품,1호기
양품,1호기
양품,1호기
양품,1호기
양품,1호기
양품,1호기
양품,1호기
양품,1호기
양품,1호기
양품,1호기
양품,2호기
양품,2호기
양품,2호기
양품,2호기
양품,2호기
양품,2호기
명점,2호기
명점,2호기
양품,2호기
양품,2호기
양품,2호기
양품,2호기
양품,2호기
양품,2호기
양품,2호기
양품,2호기
양품,2호기
양품,2호기
양품,2호기
양품,2호기
양품,1호기
양품,1호기
양품,1호기
명점,1호기
양품,1호기
양품,1호기
양품,1호기
양품,1호기
양품,1호기
양품,1호기
명점,1호기
양품,1호기
양품,1호기
양품,1호기
양품,1호기
양품,1호기
양품,1호기
양품,1호기
양품,1호기
양품,1호기
양품,3호기
양품,3호기
양품,3호기
양품,3호기
양품,3호기
양품,3호기
양품,3호기
양품,3호기
명점,3호기
양품,3호기
양품,3호기
양품,3호기
양품,3호기
양품,3호기
양품,3호기
양품,3호기
양품,3호기
양품,3호기
양품,3호기
양품,3호기
양품,1호기
양품,1호기
양품,1호기
양품,1호기
양품,1호기
양품,1호기
양품,1호기
양품,1호기
양품,1호기
양품,1호기
양품,1호기
양품,1호기
양품,1호기
양품,1호기
양품,1호기
양품,1호기
양품,1호기
양품,1호기
양품,1호기
양품,1호기
양품,1호기
양품,1호기
양품,1호기
양품,1호기
양품,1호기
양품,1호기
양품,1호기
양품,1호기
양품,1호기
양품,1호기
양품,1호기
양품,1호기
양품,1호기
양품,1호기
양품,1호기
양품,1호기
양품,1호기
양품,1호기
양품,1호기
명점,1호기
양품,3호기
양품,3호기
양품,3호기
양품,3호기
양품,3호기
양품,3호기
양품,3호기
양품,3호기
양품,3호기
양품,3호기
양품,3호기
양품,3호기
명점,3호기
양품,3호기
양품,3호기
양품,3호기
양품,3호기
양품,3호기
양품,3호기
양품,3호기
양품,3호기
양품,3호기
양품,3호기
양품,3호기
양품,3호기
양품,3호기
양품,3호기
양품,3호기
양품,3호기
양품,3호기
양품,3호기
양품,3호기
양품,3호기
양품,3호기
양품,3호기
양품,3호기
양품,3호기
양품,3호기
양품,3호기
양품,3호기
양품,1호기
양품,1호기
양품,1호기
양품,1호기
양품,1호기
양품,1호기
양품,1호기
명점,1호기
양품,1호기
양품,1호기
양품,1호기
양품,1호기
양품,1호기
양품,1호기
양품,1호기
양품,1호기
양품,1호기
양품,1호기
양품,1호기
양품,1호기
양품,1호기
양품,1호기
양품,1호기
명점,1호기
양품,1호기
양품,1호기
양품,1호기
양품,1호기
양품,1호기
양품,1호기
양품,1호기
양품,1호기
양품,1호기
양품,1호기
양품,1호기
양품,1호기
양품,1호기
양품,1호기
양품,1호기
양품,1호기
양품,3호기
양품,3호기
양품,3호기
양품,3호기
양품,3호기
양품,3호기
양품,3호기
양품,3호기
양품,3호기
양품,3호기
양품,3호기
양품,3호기
양품,3호기
양품,3호기
양품,3호기
양품,3호기
양품,3호기
양품,3호기
명점,3호기
양품,3호기
양품,2호기
양품,2호기
양품,2호기
양품,2호기
양품,2호기
양품,2호기
양품,2호기
양품,2호기
양품,2호기
양품,2호기
양품,2호기
양품,2호기
양품,2호기
양품,2호기
명점,2호기
양품,2호기
양품,2호기
명점,2호기
양품,2호기
양품,2호기
양품,2호기
양품,2호기
양품,2호기
양품,2호기
양품,2호기
명점,2호기
양품,2호기
양품,2호기
양품,2호기
양품,2호기
양품,2호기
양품,2호기
양품,2호기
양품,2호기
양품,2호기
양품,2호기
양품,2호기
양품,2호기
양품,2호기
명점,2호기
양품,1호기
양품,1호기
양품,1호기
양품,1호기
양품,1호기
양품,1호기
양품,1호기
양품,1호기
양품,1호기
양품,1호기
양품,1호기
양품,1호기
명점,1호기
양품,1호기
양품,1호기
양품,1호기
양품,1호기
양품,1호기
양품,1호기
양품,1호기
양품,1호기
양품,1호기
양품,1호기
양품,1호기
양품,1호기
양품,1호기
명점,1호기
양품,1호기
양품,1호기
명점,1호기
양품,1호기
양품,1호기
양품,1호기
양품,1호기
양품,1호기
양품,1호기
양품,1호기
양품,1호기
양품,1호기
양품,1호기
양품,3호기
양품,3호기
양품,3호기
양품,3호기
양품,3호기
양품,3호기
양품,3호기
양품,3호기
양품,3호기
양품,3호기
양품,3호기
양품,3호기
양품,3호기
양품,3호기
양품,3호기
양품,3호기
양품,3호기
양품,3호기
양품,3호기
양품,3호기
양품,3호기
양품,3호기
양품,3호기
양품,3호기
양품,3호기
양품,3호기
양품,3호기
양품,3호기
명점,3호기
양품,3호기
양품,3호기
양품,3호기
양품,3호기
양품,3호기
양품,3호기
양품,3호기
양품,3호기
명점,3호기
양품,3호기
양품,3호기
양품,2호기
양품,2호기
양품,2호기
명점,2호기
양품,2호기
양품,2호기
양품,2호기
양품,2호기
양품,2호기
양품,2호기
양품,2호기
양품,2호기
양품,2호기
양품,2호기
양품,2호기
양품,2호기
양품,2호기
양품,2호기
양품,2호기
양품,2호기
양품,2호기
양품,2호기
양품,2호기
양품,2호기
양품,2호기
명점,2호기
양품,2호기
양품,2호기
양품,2호기
양품,2호기
명점,2호기
양품,2호기
명점,2호기
양품,2호기
양품,2호기
양품,2호기
양품,2호기
양품,2호기
양품,2호기
양품,2호기
양품,3호기
양품,3호기
양품,3호기
양품,3호기
명점,3호기
양품,3호기
양품,3호기
양품,3호기
양품,3호기
양품,3호기
양품,3호기
양품,3호기
양품,3호기
양품,3호기
양품,3호기
양품,3호기
양품,3호기
양품,3호기
양품,3호기
양품,3호기
양품,3호기
양품,3호기
양품,3호기
양품,3호기
양품,3호기
양품,3호기
양품,3호기
양품,3호기
양품,3호기
양품,3호기
양품,3호기
양품,3호기
양품,3호기
양품,3호기
양품,3호기
양품,3호기
양품,3호기
양품,3호기
양품,3호기
양품,3호기
양품,2호기
양품,2호기
명점,2호기
양품,2호기
양품,2호기
양품,2호기
양품,2호기
양품,2호기
양품,2호기
명점,2호기
양품,2호기
양품,2호기
명점,2호기
양품,2호기
양품,2호기
양품,2호기
양품,2호기
양품,2호기
양품,2호기
양품,2호기
명점,3호기
양품,3호기
양품,3호기
양품,3호기
명점,3호기
양품,3호기
양품,3호기
양품,3호기
양품,3호기
양품,3호기
양품,3호기
양품,3호기
양품,3호기
양품,3호기
양품,3호기
양품,3호기
양품,3호기
양품,3호기
양품,3호기
양품,3호기
양품,3호기
양품,3호기
명점,3호기
양품,3호기
양품,3호기
양품,3호기
양품,3호기
양품,3호기
양품,3호기
양품,3호기
명점,3호기
양품,3호기
양품,3호기
양품,3호기
양품,3호기
양품,3호기
양품,3호기
양품,3호기
양품,3호기
양품,3호기
명점,2호기
양품,2호기
양품,2호기
양품,2호기
양품,2호기
명점,2호기
양품,2호기
양품,2호기
양품,2호기
양품,2호기
양품,2호기
양품,2호기
양품,2호기
양품,2호기
양품,2호기
양품,2호기
양품,2호기
양품,2호기
양품,2호기
양품,2호기
양품,2호기
양품,2호기
양품,2호기
양품,2호기
양품,2호기
양품,2호기
양품,2호기
명점,2호기
양품,2호기
양품,2호기
양품,2호기
양품,2호기
양품,2호기
양품,2호기
양품,2호기
양품,2호기
양품,2호기
양품,2호기
명점,2호기
양품,2호기
명점,1호기
명점,1호기
양품,1호기
양품,1호기
양품,1호기
양품,1호기
양품,1호기
양품,1호기
양품,1호기
양품,1호기
양품,1호기
양품,1호기
양품,1호기
양품,1호기
양품,1호기
양품,1호기
양품,1호기
명점,1호기
양품,1호기
양품,1호기
양품,3호기
양품,3호기
양품,3호기
양품,3호기
양품,3호기
양품,3호기
양품,3호기
양품,3호기
양품,3호기
양품,3호기
양품,3호기
양품,3호기
양품,3호기
양품,3호기
양품,3호기
양품,3호기
양품,3호기
양품,3호기
양품,3호기
양품,3호기
양품,2호기
양품,2호기
양품,2호기
양품,2호기
양품,2호기
양품,2호기
양품,2호기
명점,2호기
명점,2호기
양품,2호기
양품,2호기
양품,2호기
양품,2호기
양품,2호기
양품,2호기
양품,2호기
양품,2호기
양품,2호기
양품,2호기
양품,2호기
양품,1호기
양품,1호기
양품,1호기
양품,1호기
양품,1호기
양품,1호기
양품,1호기
양품,1호기
양품,1호기
양품,1호기
양품,1호기
양품,1호기
양품,1호기
양품,1호기
양품,1호기
양품,1호기
양품,1호기
양품,1호기
양품,1호기
양품,1호기
명점,2호기
양품,2호기
명점,2호기
양품,2호기
양품,2호기
양품,2호기
양품,2호기
양품,2호기
양품,2호기
양품,2호기
양품,2호기
양품,2호기
양품,2호기
양품,2호기
양품,2호기
양품,2호기
양품,2호기
양품,2호기
양품,2호기
명점,2호기
양품,3호기
양품,3호기
양품,3호기
양품,3호기
양품,3호기
양품,3호기
양품,3호기
양품,3호기
양품,3호기
양품,3호기
양품,3호기
양품,3호기
양품,3호기
양품,3호기
명점,3호기
명점,3호기
양품,3호기
양품,3호기
양품,3호기
양품,3호기
양품,2호기
양품,2호기
양품,2호기
양품,2호기
양품,2호기
양품,2호기
양품,2호기
명점,2호기
양품,2호기
양품,2호기
양품,2호기
양품,2호기
양품,2호기
양품,2호기
양품,2호기
양품,2호기
양품,2호기
양품,2호기
양품,2호기
양품,2호기
양품,3호기
양품,3호기
양품,3호기
양품,3호기
양품,3호기
양품,3호기
양품,3호기
양품,3호기
양품,3호기
양품,3호기
양품,3호기
양품,3호기
양품,3호기
양품,3호기
양품,3호기
양품,3호기
양품,3호기
명점,3호기
양품,3호기
양품,3호기
양품,3호기
양품,3호기
양품,3호기
양품,3호기
양품,3호기
명점,3호기
양품,3호기
양품,3호기
양품,3호기
양품,3호기
양품,3호기
양품,3호기
양품,3호기
양품,3호기
양품,3호기
양품,3호기
양품,3호기
양품,3호기
양품,3호기
양품,3호기
명점,1호기
양품,1호기
양품,1호기
양품,1호기
양품,1호기
양품,1호기
양품,1호기
양품,1호기
양품,1호기
양품,1호기
양품,1호기
양품,1호기
양품,1호기
양품,1호기
명점,1호기
양품,1호기
양품,1호기
양품,1호기
양품,1호기
양품,1호기
양품,2호기
양품,2호기
양품,2호기
양품,2호기
양품,2호기
양품,2호기
양품,2호기
양품,2호기
양품,2호기
양품,2호기
양품,2호기
양품,2호기
양품,2호기
양품,2호기
양품,2호기
양품,2호기
명점,2호기
양품,2호기
양품,2호기
양품,2호기
양품,3호기
양품,3호기
양품,3호기
양품,3호기
양품,3호기
양품,3호기
양품,3호기
양품,3호기
양품,3호기
양품,3호기
양품,3호기
양품,3호기
양품,3호기
양품,3호기
양품,3호기
양품,3호기
양품,3호기
양품,3호기
양품,3호기
양품,3호기
양품,1호기
양품,1호기
양품,1호기
양품,1호기
양품,1호기
양품,1호기
양품,1호기
양품,1호기
양품,1호기
양품,1호기
양품,1호기
양품,1호기
양품,1호기
양품,1호기
양품,1호기
양품,1호기
명점,1호기
양품,1호기
양품,1호기
양품,1호기
양품,1호기
양품,1호기
양품,1호기
양품,1호기
양품,1호기
양품,1호기
양품,1호기
양품,1호기
양품,1호기
양품,1호기
양품,1호기
양품,1호기
명점,1호기
양품,1호기
양품,1호기
양품,1호기
양품,1호기
양품,1호기
양품,1호기
양품,1호기
양품,3호기
양품,3호기
양품,3호기
양품,3호기
양품,3호기
양품,3호기
양품,3호기
양품,3호기
양품,3호기
양품,3호기
양품,3호기
양품,3호기
양품,3호기
양품,3호기
양품,3호기
양품,3호기
양품,3호기
양품,3호기
양품,3호기
양품,3호기
양품,2호기
양품,2호기
양품,2호기
양품,2호기
양품,2호기
양품,2호기
양품,2호기
명점,2호기
양품,2호기
양품,2호기
양품,2호기
명점,2호기
양품,2호기
양품,2호기
명점,2호기
양품,2호기
양품,2호기
양품,2호기
양품,2호기
양품,2호기
양품,1호기
양품,1호기
양품,1호기
양품,1호기
양품,1호기
양품,1호기
양품,1호기
양품,1호기
양품,1호기
양품,1호기
양품,1호기
양품,1호기
양품,1호기
명점,1호기
양품,1호기
양품,1호기
양품,1호기
양품,1호기
양품,1호기
양품,1호기
양품,2호기
양품,2호기
양품,2호기
양품,2호기
양품,2호기
양품,2호기
양품,2호기
양품,2호기
명점,2호기
양품,2호기
양품,2호기
양품,2호기
양품,2호기
양품,2호기
명점,2호기
양품,2호기
양품,2호기
양품,2호기
양품,2호기
양품,2호기
양품,1호기
명점,1호기
양품,1호기
양품,1호기
양품,1호기
양품,1호기
양품,1호기
양품,1호기
명점,1호기
양품,1호기
양품,1호기
양품,1호기
양품,1호기
양품,1호기
양품,1호기
양품,1호기
양품,1호기
양품,1호기
양품,1호기
양품,1호기
양품,3호기
양품,3호기
양품,3호기
양품,3호기
양품,3호기
양품,3호기
양품,3호기
양품,3호기
양품,3호기
양품,3호기
양품,3호기
양품,3호기
양품,3호기
양품,3호기
양품,3호기
양품,3호기
양품,3호기
양품,3호기
양품,3호기
양품,3호기
양품,1호기
양품,1호기
양품,1호기
양품,1호기
양품,1호기
양품,1호기
양품,1호기
양품,1호기
양품,1호기
양품,1호기
양품,1호기
양품,1호기
양품,1호기
양품,1호기
양품,1호기
양품,1호기
양품,1호기
명점,1호기
양품,1호기
양품,1호기
양품,1호기
양품,1호기
양품,1호기
명점,1호기
양품,1호기
양품,1호기
양품,1호기
양품,1호기
양품,1호기
양품,1호기
양품,1호기
양품,1호기
양품,1호기
양품,1호기
양품,1호기
명점,1호기
양품,1호기
양품,1호기
양품,1호기
양품,1호기
양품,3호기
양품,3호기
양품,3호기
양품,3호기
양품,3호기
양품,3호기
양품,3호기
양품,3호기
양품,3호기
양품,3호기
양품,3호기
명점,3호기
양품,3호기
양품,3호기
양품,3호기
양품,3호기
양품,3호기
양품,3호기
명점,3호기
양품,3호기
양품,1호기
양품,1호기
양품,1호기
양품,1호기
양품,1호기
양품,1호기
양품,1호기
양품,1호기
양품,1호기
양품,1호기
양품,1호기
양품,1호기
양품,1호기
양품,1호기
양품,1호기
양품,1호기
양품,1호기
명점,1호기
명점,1호기
양품,1호기
명점,3호기
양품,3호기
양품,3호기
양품,3호기
명점,3호기
양품,3호기
양품,3호기
양품,3호기
양품,3호기
양품,3호기
양품,3호기
양품,3호기
양품,3호기
양품,3호기
양품,3호기
양품,3호기
양품,3호기
양품,3호기
양품,3호기
양품,3호기
양품,1호기
양품,1호기
양품,1호기
양품,1호기
양품,1호기
양품,1호기
양품,1호기
양품,1호기
양품,1호기
양품,1호기
양품,1호기
양품,1호기
양품,1호기
양품,1호기
양품,1호기
양품,1호기
양품,1호기
명점,1호기
양품,1호기
양품,1호기
양품,1호기
양품,1호기
양품,1호기
양품,1호기
양품,1호기
양품,1호기
양품,1호기
양품,1호기
명점,1호기
명점,1호기
양품,1호기
양품,1호기
양품,1호기
양품,1호기
양품,1호기
양품,1호기
양품,1호기
양품,1호기
양품,1호기
양품,1호기
명점,2호기
양품,2호기
양품,2호기
양품,2호기
양품,2호기
명점,2호기
양품,2호기
양품,2호기
양품,2호기
양품,2호기
양품,2호기
명점,2호기
양품,2호기
양품,2호기
양품,2호기
양품,2호기
양품,2호기
양품,2호기
양품,2호기
양품,2호기
양품,1호기
양품,1호기
양품,1호기
양품,1호기
양품,1호기
양품,1호기
양품,1호기
양품,1호기
양품,1호기
명점,1호기
명점,1호기
양품,1호기
양품,1호기
명점,1호기
양품,1호기
양품,1호기
양품,1호기
양품,1호기
양품,1호기
양품,1호기
양품,3호기
양품,3호기
양품,3호기
양품,3호기
양품,3호기
양품,3호기
양품,3호기
양품,3호기
양품,3호기
양품,3호기
양품,3호기
양품,3호기
양품,3호기
명점,3호기
양품,3호기
양품,3호기
양품,3호기
양품,3호기
양품,3호기
양품,3호기
양품,1호기
양품,1호기
양품,1호기
양품,1호기
명점,1호기
양품,1호기
양품,1호기
양품,1호기
양품,1호기
양품,1호기
양품,1호기
양품,1호기
양품,1호기
양품,1호기
양품,1호기
양품,1호기
양품,1호기
명점,1호기
양품,1호기
양품,1호기
양품,1호기
양품,1호기
양품,1호기
양품,1호기
양품,1호기
양품,1호기
양품,1호기
양품,1호기
양품,1호기
양품,1호기
양품,1호기
양품,1호기
양품,1호기
양품,1호기
양품,1호기
양품,1호기
양품,1호기
양품,1호기
양품,1호기
명점,1호기
양품,2호기
양품,2호기
양품,2호기
양품,2호기
양품,2호기
양품,2호기
양품,2호기
양품,2호기
양품,2호기
양품,2호기
양품,2호기
명점,2호기
양품,2호기
양품,2호기
양품,2호기
양품,2호기
양품,2호기
양품,2호기
양품,2호기
양품,2호기
양품,1호기
명점,1호기
양품,1호기
양품,1호기
양품,1호기
명점,1호기
양품,1호기
양품,1호기
양품,1호기
양품,1호기
양품,1호기
양품,1호기
양품,1호기
양품,1호기
양품,1호기
양품,1호기
양품,1호기
양품,1호기
양품,1호기
명점,1호기
양품,2호기
양품,2호기
양품,2호기
양품,2호기
양품,2호기
양품,2호기
양품,2호기
양품,2호기
양품,2호기
양품,2호기
양품,2호기
양품,2호기
양품,2호기
양품,2호기
양품,2호기
양품,2호기
양품,2호기
양품,2호기
양품,2호기
양품,2호기
양품,2호기
양품,2호기
양품,2호기
양품,2호기
양품,2호기
양품,2호기
양품,2호기
양품,2호기
양품,2호기
양품,2호기
양품,2호기
양품,2호기
양품,2호기
양품,2호기
양품,2호기
양품,2호기
명점,2호기
양품,2호기
양품,2호기
양품,2호기
양품,1호기
양품,1호기
양품,1호기
명점,1호기
양품,1호기
양품,1호기
양품,1호기
양품,1호기
양품,1호기
양품,1호기
양품,1호기
양품,1호기
양품,1호기
양품,1호기
양품,1호기
양품,1호기
양품,1호기
양품,1호기
양품,1호기
양품,1호기
명점,3호기
양품,3호기
양품,3호기
양품,3호기
양품,3호기
양품,3호기
양품,3호기
양품,3호기
양품,3호기
양품,3호기
양품,3호기
양품,3호기
양품,3호기
양품,3호기
양품,3호기
양품,3호기
양품,3호기
양품,3호기
양품,3호기
양품,3호기
양품,2호기
양품,2호기
양품,2호기
명점,2호기
양품,2호기
양품,2호기
양품,2호기
양품,2호기
양품,2호기
양품,2호기
양품,2호기
양품,2호기
양품,2호기
양품,2호기
양품,2호기
명점,2호기
양품,2호기
양품,2호기
양품,2호기
양품,2호기
양품,1호기
양품,1호기
양품,1호기
양품,1호기
양품,1호기
양품,1호기
명점,1호기
양품,1호기
양품,1호기
양품,1호기
양품,1호기
양품,1호기
양품,1호기
명점,1호기
양품,1호기
양품,1호기
양품,1호기
명점,1호기
양품,1호기
양품,1호기
양품,3호기
양품,3호기
양품,3호기
양품,3호기
양품,3호기
양품,3호기
양품,3호기
양품,3호기
양품,3호기
양품,3호기
양품,3호기
양품,3호기
명점,3호기
명점,3호기
양품,3호기
양품,3호기
양품,3호기
양품,3호기
양품,3호기
양품,3호기
양품,1호기
양품,1호기
양품,1호기
양품,1호기
양품,1호기
양품,1호기
양품,1호기
명점,1호기
양품,1호기
양품,1호기
양품,1호기
양품,1호기
양품,1호기
양품,1호기
양품,1호기
명점,1호기
양품,1호기
양품,1호기
양품,1호기
양품,1호기
양품,1호기
양품,1호기
양품,1호기
양품,1호기
양품,1호기
양품,1호기
양품,1호기
양품,1호기
양품,1호기
양품,1호기
명점,1호기
양품,1호기
명점,1호기
양품,1호기
양품,1호기
양품,1호기
양품,1호기
양품,1호기
양품,1호기
양품,1호기
명점,2호기
양품,2호기
양품,2호기
양품,2호기
양품,2호기
양품,2호기
양품,2호기
양품,2호기
양품,2호기
양품,2호기
양품,2호기
양품,2호기
양품,2호기
양품,2호기
양품,2호기
양품,2호기
양품,2호기
양품,2호기
양품,2호기
양품,2호기
양품,3호기
양품,3호기
명점,3호기
양품,3호기
양품,3호기
양품,3호기
양품,3호기
양품,3호기
명점,3호기
양품,3호기
양품,3호기
양품,3호기
양품,3호기
양품,3호기
양품,3호기
양품,3호기
양품,3호기
양품,3호기
양품,3호기
양품,3호기
양품,3호기
양품,3호기
양품,3호기
양품,3호기
명점,3호기
양품,3호기
양품,3호기
양품,3호기
양품,3호기
양품,3호기
양품,3호기
양품,3호기
양품,3호기
양품,3호기
양품,3호기
양품,3호기
양품,3호기
양품,3호기
양품,3호기
양품,3호기
양품,1호기
양품,1호기
양품,1호기
명점,1호기
명점,1호기
양품,1호기
양품,1호기
양품,1호기
명점,1호기
양품,1호기
양품,1호기
양품,1호기
양품,1호기
양품,1호기
양품,1호기
양품,1호기
양품,1호기
양품,1호기
양품,1호기
양품,1호기
양품,2호기
양품,2호기
양품,2호기
양품,2호기
양품,2호기
양품,2호기
양품,2호기
양품,2호기
명점,2호기
양품,2호기
양품,2호기
양품,2호기
양품,2호기
양품,2호기
양품,2호기
양품,2호기
양품,2호기
양품,2호기
양품,2호기
양품,2호기
양품,3호기
양품,3호기
양품,3호기
양품,3호기
양품,3호기
양품,3호기
양품,3호기
양품,3호기
명점,3호기
양품,3호기
양품,3호기
명점,3호기
양품,3호기
양품,3호기
양품,3호기
양품,3호기
양품,3호기
양품,3호기
양품,3호기
양품,3호기
양품,1호기
양품,1호기
양품,1호기
명점,1호기
양품,1호기
양품,1호기
명점,1호기
양품,1호기
양품,1호기
양품,1호기
양품,1호기
양품,1호기
양품,1호기
양품,1호기
양품,1호기
양품,1호기
양품,1호기
양품,1호기
양품,1호기
명점,1호기
명점,1호기
양품,1호기
양품,1호기
양품,1호기
양품,1호기
명점,1호기
양품,1호기
양품,1호기
양품,1호기
양품,1호기
양품,1호기
명점,1호기
양품,1호기
양품,1호기
양품,1호기
양품,1호기
양품,1호기
명점,1호기
양품,1호기
양품,1호기
양품,3호기
양품,3호기
양품,3호기
양품,3호기
명점,3호기
양품,3호기
명점,3호기
양품,3호기
양품,3호기
양품,3호기
양품,3호기
양품,3호기
양품,3호기
양품,3호기
양품,3호기
양품,3호기
양품,3호기
양품,3호기
양품,3호기
양품,3호기
양품,3호기
양품,3호기
명점,3호기
양품,3호기
양품,3호기
양품,3호기
양품,3호기
양품,3호기
양품,3호기
명점,3호기
양품,3호기
양품,3호기
양품,3호기
양품,3호기
양품,3호기
양품,3호기
양품,3호기
명점,3호기
양품,3호기
양품,3호기
양품,2호기
명점,2호기
양품,2호기
양품,2호기
양품,2호기
양품,2호기
양품,2호기
양품,2호기
양품,2호기
양품,2호기
명점,2호기
양품,2호기
양품,2호기
양품,2호기
명점,2호기
양품,2호기
양품,2호기
양품,2호기
양품,2호기
명점,2호기
양품,1호기
양품,1호기
양품,1호기
양품,1호기
양품,1호기
양품,1호기
양품,1호기
양품,1호기
양품,1호기
양품,1호기
양품,1호기
양품,1호기
명점,1호기
양품,1호기
양품,1호기
양품,1호기
양품,1호기
명점,1호기
양품,1호기
양품,1호기
명점,2호기
양품,2호기
명점,2호기
양품,2호기
양품,2호기
명점,2호기
양품,2호기
양품,2호기
양품,2호기
양품,2호기
명점,2호기
양품,2호기
양품,2호기
양품,2호기
양품,2호기
양품,2호기
양품,2호기
양품,2호기
양품,2호기
양품,2호기
양품,2호기
양품,2호기
양품,2호기
양품,2호기
양품,2호기
양품,2호기
양품,2호기
양품,2호기
양품,2호기
양품,2호기
명점,2호기
양품,2호기
양품,2호기
양품,2호기
명점,2호기
양품,2호기
양품,2호기
양품,2호기
양품,2호기
양품,2호기
양품,3호기
양품,3호기
양품,3호기
양품,3호기
양품,3호기
양품,3호기
양품,3호기
양품,3호기
양품,3호기
양품,3호기
양품,3호기
명점,3호기
양품,3호기
양품,3호기
양품,3호기
양품,3호기
양품,3호기
양품,3호기
양품,3호기
양품,3호기
양품,2호기
명점,2호기
양품,2호기
양품,2호기
양품,2호기
양품,2호기
명점,2호기
양품,2호기
양품,2호기
양품,2호기
양품,2호기
양품,2호기
양품,2호기
양품,2호기
양품,2호기
양품,2호기
명점,2호기
양품,2호기
양품,2호기
양품,2호기
양품,3호기
양품,3호기
양품,3호기
양품,3호기
양품,3호기
양품,3호기
양품,3호기
명점,3호기
양품,3호기
양품,3호기
양품,3호기
양품,3호기
양품,3호기
양품,3호기
양품,3호기
양품,3호기
양품,3호기
양품,3호기
양품,3호기
양품,3호기
양품,2호기
양품,2호기
양품,2호기
양품,2호기
양품,2호기
명점,2호기
양품,2호기
양품,2호기
양품,2호기
양품,2호기
양품,2호기
양품,2호기
양품,2호기
양품,2호기
양품,2호기
양품,2호기
양품,2호기
양품,2호기
양품,2호기
명점,2호기
양품,2호기
양품,2호기
양품,2호기
양품,2호기
양품,2호기
양품,2호기
명점,2호기
양품,2호기
양품,2호기
양품,2호기
양품,2호기
양품,2호기
양품,2호기
양품,2호기
명점,2호기
양품,2호기
양품,2호기
양품,2호기
명점,2호기
양품,2호기
양품,3호기
양품,3호기
명점,3호기
양품,3호기
양품,3호기
양품,3호기
양품,3호기
양품,3호기
양품,3호기
양품,3호기
명점,3호기
양품,3호기
양품,3호기
양품,3호기
양품,3호기
양품,3호기
양품,3호기
양품,3호기
양품,3호기
양품,3호기
명점,3호기
양품,3호기
양품,3호기
양품,3호기
양품,3호기
양품,3호기
양품,3호기
양품,3호기
양품,3호기
양품,3호기
명점,3호기
명점,3호기
양품,3호기
양품,3호기
양품,3호기
양품,3호기
양품,3호기
양품,3호기
양품,3호기
양품,3호기
명점,1호기
양품,1호기
양품,1호기
양품,1호기
양품,1호기
양품,1호기
양품,1호기
양품,1호기
양품,1호기
양품,1호기
양품,1호기
양품,1호기
명점,1호기
양품,1호기
양품,1호기
양품,1호기
양품,1호기
양품,1호기
양품,1호기
양품,1호기
양품,1호기
양품,1호기
양품,1호기
양품,1호기
양품,1호기
양품,1호기
양품,1호기
양품,1호기
명점,1호기
양품,1호기
양품,1호기
양품,1호기
양품,1호기
양품,1호기
양품,1호기
양품,1호기
양품,1호기
양품,1호기
양품,1호기
양품,1호기
양품,2호기
양품,2호기
양품,2호기
양품,2호기
양품,2호기
양품,2호기
양품,2호기
양품,2호기
양품,2호기
양품,2호기
명점,2호기
명점,2호기
양품,2호기
명점,2호기
양품,2호기
양품,2호기
양품,2호기
양품,2호기
명점,2호기
양품,2호기
명점,2호기
양품,2호기
양품,2호기
양품,2호기
양품,2호기
양품,2호기
양품,2호기
양품,2호기
양품,2호기
양품,2호기
양품,2호기
양품,2호기
명점,2호기
양품,2호기
양품,2호기
양품,2호기
양품,2호기
양품,2호기
명점,2호기
양품,2호기
양품,3호기
명점,3호기
양품,3호기
양품,3호기
양품,3호기
양품,3호기
양품,3호기
양품,3호기
양품,3호기
양품,3호기
양품,3호기
양품,3호기
양품,3호기
양품,3호기
양품,3호기
양품,3호기
양품,3호기
양품,3호기
양품,3호기
양품,3호기
양품,3호기
명점,3호기
양품,3호기
양품,3호기
양품,3호기
양품,3호기
명점,3호기
양품,3호기
양품,3호기
양품,3호기
양품,3호기
명점,3호기
명점,3호기
양품,3호기
양품,3호기
양품,3호기
양품,3호기
양품,3호기
양품,3호기
양품,3호기
양품,3호기
양품,3호기
양품,3호기
양품,3호기
양품,3호기
양품,3호기
양품,3호기
양품,3호기
양품,3호기
양품,3호기
양품,3호기
양품,3호기
양품,3호기
양품,3호기
양품,3호기
양품,3호기
양품,3호기
명점,3호기
양품,3호기
양품,3호기
양품,3호기
양품,3호기
양품,3호기
양품,3호기
양품,3호기
양품,3호기
양품,3호기
양품,3호기
양품,3호기
양품,3호기
양품,3호기
양품,3호기
양품,3호기
양품,3호기
명점,3호기
양품,3호기
양품,3호기
양품,3호기
양품,3호기
명점,3호기
양품,3호기
양품,3호기
양품,3호기
양품,3호기
양품,3호기
양품,3호기
양품,3호기
양품,3호기
양품,3호기
양품,3호기
양품,3호기
양품,3호기
양품,3호기
양품,3호기
양품,3호기
양품,3호기
명점,3호기
양품,3호기
양품,3호기
양품,3호기
양품,2호기
양품,2호기
양품,2호기
양품,2호기
양품,2호기
양품,2호기
양품,2호기
명점,2호기
양품,2호기
명점,2호기
명점,2호기
양품,2호기
양품,2호기
양품,2호기
명점,2호기
양품,2호기
양품,2호기
양품,2호기
양품,2호기
양품,2호기
양품,2호기
양품,2호기
양품,2호기
양품,2호기
양품,2호기
양품,2호기
양품,2호기
명점,2호기
양품,2호기
양품,2호기
양품,2호기
양품,2호기
양품,2호기
명점,2호기
양품,2호기
명점,2호기
양품,2호기
양품,2호기
양품,2호기
양품,2호기
양품,2호기
양품,2호기
양품,2호기
양품,2호기
양품,2호기
양품,2호기
양품,2호기
양품,2호기
양품,2호기
양품,2호기
양품,2호기
양품,2호기
명점,2호기
양품,2호기
양품,2호기
양품,2호기
양품,2호기
양품,2호기
양품,2호기
양품,2호기
양품,2호기
양품,2호기
양품,2호기
양품,2호기
양품,2호기
양품,2호기
양품,2호기
명점,2호기
양품,2호기
양품,2호기
양품,2호기
양품,2호기
양품,2호기
양품,2호기
명점,2호기
양품,2호기
양품,2호기
양품,2호기
양품,2호기
명점,2호기
양품,1호기
양품,1호기
양품,1호기
양품,1호기
양품,1호기
양품,1호기
양품,1호기
양품,1호기
양품,1호기
양품,1호기
양품,1호기
양품,1호기
양품,1호기
양품,1호기
양품,1호기
양품,1호기
양품,1호기
양품,1호기
양품,1호기
양품,1호기
양품,2호기
명점,2호기
양품,2호기
양품,2호기
양품,2호기
양품,2호기
양품,2호기
명점,2호기
양품,2호기
양품,2호기
양품,2호기
양품,2호기
명점,2호기
양품,2호기
양품,2호기
양품,2호기
양품,2호기
양품,2호기
양품,2호기
명점,2호기
양품,2호기
양품,2호기
양품,2호기
양품,2호기
양품,2호기
양품,2호기
양품,2호기
명점,2호기
양품,2호기
양품,2호기
양품,2호기
양품,2호기
양품,2호기
명점,2호기
양품,2호기
양품,2호기
양품,2호기
양품,2호기
양품,2호기
양품,2호기
양품,3호기
양품,3호기
양품,3호기
양품,3호기
양품,3호기
명점,3호기
양품,3호기
양품,3호기
양품,3호기
양품,3호기
양품,3호기
양품,3호기
양품,3호기
명점,3호기
양품,3호기
양품,3호기
양품,3호기
양품,3호기
양품,3호기
양품,3호기
양품,3호기
양품,3호기
양품,3호기
명점,3호기
양품,3호기
양품,3호기
양품,3호기
양품,3호기
양품,3호기
양품,3호기
양품,3호기
양품,3호기
양품,3호기
양품,3호기
양품,3호기
양품,3호기
양품,3호기
명점,3호기
양품,3호기
양품,3호기
양품,2호기
양품,2호기
양품,2호기
명점,2호기
양품,2호기
양품,2호기
양품,2호기
명점,2호기
양품,2호기
양품,2호기
양품,2호기
양품,2호기
양품,2호기
명점,2호기
양품,2호기
양품,2호기
양품,2호기
양품,2호기
양품,2호기
양품,2호기
양품,2호기
양품,2호기
명점,2호기
양품,2호기
양품,2호기
양품,2호기
양품,2호기
양품,2호기
명점,2호기
양품,2호기
양품,2호기
양품,2호기
양품,2호기
양품,2호기
양품,2호기
양품,2호기
명점,2호기
양품,2호기
양품,2호기
양품,2호기
양품,3호기
명점,3호기
양품,3호기
양품,3호기
양품,3호기
명점,3호기
명점,3호기
양품,3호기
양품,3호기
양품,3호기
명점,3호기
양품,3호기
양품,3호기
양품,3호기
양품,3호기
양품,3호기
양품,3호기
양품,3호기
양품,3호기
양품,3호기
양품,1호기
명점,1호기
양품,1호기
양품,1호기
양품,1호기
양품,1호기
명점,1호기
양품,1호기
명점,1호기
양품,1호기
양품,1호기
양품,1호기
양품,1호기
양품,1호기
양품,1호기
양품,1호기
양품,1호기
양품,1호기
양품,1호기
양품,1호기
양품,3호기
양품,3호기
양품,3호기
양품,3호기
양품,3호기
명점,3호기
양품,3호기
양품,3호기
양품,3호기
양품,3호기
양품,3호기
명점,3호기
양품,3호기
양품,3호기
양품,3호기
양품,3호기
명점,3호기
양품,3호기
양품,3호기
양품,3호기
양품,1호기
양품,1호기
명점,1호기
양품,1호기
양품,1호기
양품,1호기
양품,1호기
양품,1호기
양품,1호기
양품,1호기
양품,1호기
양품,1호기
양품,1호기
명점,1호기
양품,1호기
양품,1호기
양품,1호기
양품,1호기
양품,1호기
양품,1호기
양품,3호기
양품,3호기
양품,3호기
양품,3호기
양품,3호기
양품,3호기
양품,3호기
명점,3호기
양품,3호기
양품,3호기
양품,3호기
양품,3호기
명점,3호기
양품,3호기
양품,3호기
양품,3호기
양품,3호기
양품,3호기
양품,3호기
양품,3호기
양품,1호기
양품,1호기
양품,1호기
양품,1호기
양품,1호기
양품,1호기
명점,1호기
양품,1호기
양품,1호기
양품,1호기
명점,1호기
양품,1호기
명점,1호기
양품,1호기
양품,1호기
양품,1호기
양품,1호기
양품,1호기
양품,1호기
명점,1호기
양품,2호기
양품,2호기
양품,2호기
양품,2호기
양품,2호기
양품,2호기
명점,2호기
양품,2호기
양품,2호기
양품,2호기
양품,2호기
양품,2호기
양품,2호기
양품,2호기
양품,2호기
양품,2호기
양품,2호기
양품,2호기
양품,2호기
양품,2호기
양품,1호기
양품,1호기
명점,1호기
양품,1호기
양품,1호기
양품,1호기
명점,1호기
양품,1호기
양품,1호기
명점,1호기
양품,1호기
명점,1호기
양품,1호기
양품,1호기
명점,1호기
양품,1호기
양품,1호기
양품,1호기
양품,1호기
양품,1호기
양품,3호기
명점,3호기
양품,3호기
양품,3호기
명점,3호기
양품,3호기
양품,3호기
양품,3호기
양품,3호기
양품,3호기
양품,3호기
양품,3호기
양품,3호기
양품,3호기
양품,3호기
명점,3호기
양품,3호기
양품,3호기
양품,3호기
양품,3호기
명점,3호기
양품,3호기
양품,3호기
양품,3호기
양품,3호기
양품,3호기
양품,3호기
명점,3호기
양품,3호기
양품,3호기
양품,3호기
양품,3호기
양품,3호기
양품,3호기
양품,3호기
양품,3호기
양품,3호기
양품,3호기
양품,3호기
양품,3호기
양품,2호기
양품,2호기
양품,2호기
양품,2호기
명점,2호기
양품,2호기
양품,2호기
명점,2호기
양품,2호기
양품,2호기
명점,2호기
양품,2호기
양품,2호기
양품,2호기
양품,2호기
양품,2호기
명점,2호기
양품,2호기
양품,2호기
양품,2호기
양품,2호기
양품,2호기
양품,2호기
양품,2호기
양품,2호기
양품,2호기
양품,2호기
양품,2호기
양품,2호기
양품,2호기
양품,2호기
양품,2호기
양품,2호기
양품,2호기
양품,2호기
양품,2호기
양품,2호기
양품,2호기
양품,2호기
양품,2호기
양품,2호기
양품,2호기
명점,2호기
양품,2호기
양품,2호기
명점,2호기
양품,2호기
명점,2호기
양품,2호기
양품,2호기
양품,2호기
양품,2호기
양품,2호기
양품,2호기
양품,2호기
양품,2호기
양품,2호기
양품,2호기
양품,2호기
양품,2호기
양품,3호기
양품,3호기
양품,3호기
양품,3호기
양품,3호기
명점,3호기
양품,3호기
양품,3호기
양품,3호기
양품,3호기
양품,3호기
양품,3호기
명점,3호기
양품,3호기
양품,3호기
양품,3호기
양품,3호기
양품,3호기
양품,3호기
양품,3호기
양품,2호기
양품,2호기
양품,2호기
양품,2호기
양품,2호기
양품,2호기
양품,2호기
양품,2호기
양품,2호기
명점,2호기
양품,2호기
양품,2호기
양품,2호기
양품,2호기
양품,2호기
양품,2호기
양품,2호기
양품,2호기
양품,2호기
양품,2호기
양품,1호기
양품,1호기
양품,1호기
양품,1호기
양품,1호기
양품,1호기
양품,1호기
양품,1호기
명점,1호기
양품,1호기
양품,1호기
양품,1호기
양품,1호기
양품,1호기
명점,1호기
양품,1호기
양품,1호기
양품,1호기
양품,1호기
양품,1호기
양품,1호기
명점,1호기
양품,1호기
양품,1호기
양품,1호기
양품,1호기
양품,1호기
양품,1호기
양품,1호기
양품,1호기
양품,1호기
명점,1호기
양품,1호기
양품,1호기
양품,1호기
양품,1호기
양품,1호기
양품,1호기
양품,1호기
양품,1호기
양품,1호기
명점,1호기
양품,1호기
양품,1호기
양품,1호기
명점,1호기
양품,1호기
양품,1호기
양품,1호기
명점,1호기
양품,1호기
양품,1호기
양품,1호기
양품,1호기
양품,1호기
양품,1호기
양품,1호기
양품,1호기
양품,1호기
양품,1호기
양품,1호기
양품,1호기
명점,1호기
명점,1호기
양품,1호기
양품,1호기
양품,1호기
양품,1호기
양품,1호기
양품,1호기
양품,1호기
양품,1호기
양품,1호기
양품,1호기
양품,1호기
양품,1호기
양품,1호기
양품,1호기
명점,1호기
양품,1호기
양품,1호기
양품,1호기
명점,1호기
양품,1호기
양품,1호기
양품,1호기
양품,1호기
양품,1호기
양품,1호기
양품,1호기
양품,1호기
양품,1호기
양품,1호기
양품,1호기
명점,1호기
명점,1호기
양품,1호기
양품,1호기
명점,1호기
양품,1호기
양품,1호기
양품,1호기
양품,1호기
명점,1호기
양품,1호기
양품,1호기
양품,1호기
양품,1호기
양품,1호기
명점,1호기
양품,1호기
양품,1호기
양품,1호기
양품,1호기
양품,1호기
양품,1호기
명점,1호기
양품,1호기
양품,1호기
양품,1호기
명점,1호기
양품,1호기
양품,1호기
양품,1호기
양품,1호기
양품,1호기
양품,1호기
양품,1호기
양품,1호기
명점,1호기
양품,1호기
양품,1호기
양품,1호기
양품,1호기
양품,1호기
양품,1호기
양품,1호기
양품,1호기
양품,1호기
양품,1호기
양품,3호기
양품,3호기
양품,3호기
양품,3호기
양품,3호기
양품,3호기
양품,3호기
양품,3호기
명점,3호기
양품,3호기
양품,3호기
양품,3호기
양품,3호기
양품,3호기
양품,3호기
양품,3호기
양품,3호기
양품,3호기
양품,3호기
양품,3호기
양품,2호기
양품,2호기
양품,2호기
양품,2호기
양품,2호기
양품,2호기
명점,2호기
양품,2호기
양품,2호기
양품,2호기
양품,2호기
양품,2호기
양품,2호기
양품,2호기
양품,2호기
명점,2호기
양품,2호기
양품,2호기
양품,2호기
명점,2호기
양품,2호기
양품,2호기
양품,2호기
양품,2호기
양품,2호기
양품,2호기
양품,2호기
양품,2호기
양품,2호기
양품,2호기
양품,2호기
양품,2호기
양품,2호기
양품,2호기
양품,2호기
양품,2호기
양품,2호기
명점,2호기
양품,2호기
명점,2호기
양품,2호기
명점,2호기
양품,2호기
양품,2호기
명점,2호기
양품,2호기
양품,2호기
양품,2호기
양품,2호기
명점,2호기
양품,2호기
양품,2호기
양품,2호기
양품,2호기
양품,2호기
양품,2호기
양품,2호기
양품,2호기
명점,2호기
양품,2호기
양품,3호기
양품,3호기
명점,3호기
양품,3호기
양품,3호기
양품,3호기
양품,3호기
양품,3호기
명점,3호기
양품,3호기
양품,3호기
양품,3호기
양품,3호기
양품,3호기
양품,3호기
양품,3호기
양품,3호기
양품,3호기
양품,3호기
양품,3호기
양품,1호기
양품,1호기
양품,1호기
양품,1호기
양품,1호기
양품,1호기
양품,1호기
양품,1호기
양품,1호기
양품,1호기
양품,1호기
양품,1호기
양품,1호기
명점,1호기
양품,1호기
양품,1호기
양품,1호기
명점,1호기
양품,1호기
양품,1호기
양품,2호기
양품,2호기
양품,2호기
양품,2호기
양품,2호기
양품,2호기
양품,2호기
양품,2호기
양품,2호기
양품,2호기
양품,2호기
양품,2호기
명점,2호기
양품,2호기
양품,2호기
양품,2호기
양품,2호기
양품,2호기
양품,2호기
양품,2호기
양품,1호기
양품,1호기
양품,1호기
양품,1호기
양품,1호기
양품,1호기
양품,1호기
양품,1호기
양품,1호기
양품,1호기
양품,1호기
양품,1호기
양품,1호기
양품,1호기
양품,1호기
양품,1호기
명점,1호기
양품,1호기
양품,1호기
명점,1호기
양품,2호기
양품,2호기
양품,2호기
양품,2호기
양품,2호기
명점,2호기
양품,2호기
명점,2호기
양품,2호기
양품,2호기
명점,2호기
양품,2호기
양품,2호기
명점,2호기
양품,2호기
명점,2호기
양품,2호기
양품,2호기
양품,2호기
양품,2호기
양품,1호기
양품,1호기
양품,1호기
양품,1호기
명점,1호기
양품,1호기
양품,1호기
양품,1호기
양품,1호기
양품,1호기
양품,1호기
명점,1호기
양품,1호기
양품,1호기
양품,1호기
양품,1호기
양품,1호기
양품,1호기
양품,1호기
명점,1호기
명점,2호기
양품,2호기
양품,2호기
양품,2호기
양품,2호기
양품,2호기
명점,2호기
양품,2호기
양품,2호기
양품,2호기
양품,2호기
명점,2호기
양품,2호기
양품,2호기
양품,2호기
양품,2호기
명점,2호기
양품,2호기
양품,2호기
양품,2호기
양품,2호기
양품,2호기
양품,2호기
양품,2호기
명점,2호기
양품,2호기
양품,2호기
양품,2호기
양품,2호기
양품,2호기
양품,2호기
양품,2호기
양품,2호기
양품,2호기
양품,2호기
양품,2호기
양품,2호기
양품,2호기
양품,2호기
양품,2호기
양품,2호기
양품,2호기
양품,2호기
양품,2호기
양품,2호기
양품,2호기
양품,2호기
양품,2호기
양품,2호기
양품,2호기
양품,2호기
명점,2호기
양품,2호기
양품,2호기
양품,2호기
양품,2호기
양품,2호기
양품,2호기
양품,2호기
명점,2호기
양품,3호기
양품,3호기
명점,3호기
양품,3호기
명점,3호기
양품,3호기
양품,3호기
양품,3호기
양품,3호기
양품,3호기
명점,3호기
양품,3호기
양품,3호기
양품,3호기
양품,3호기
양품,3호기
양품,3호기
명점,3호기
양품,3호기
양품,3호기
양품,2호기
양품,2호기
양품,2호기
양품,2호기
양품,2호기
양품,2호기
양품,2호기
양품,2호기
양품,2호기
양품,2호기
명점,2호기
양품,2호기
양품,2호기
양품,2호기
양품,2호기
양품,2호기
양품,2호기
양품,2호기
명점,2호기
양품,2호기
양품,1호기
양품,1호기
양품,1호기
양품,1호기
양품,1호기
양품,1호기
명점,1호기
양품,1호기
양품,1호기
양품,1호기
양품,1호기
양품,1호기
양품,1호기
양품,1호기
양품,1호기
명점,1호기
양품,1호기
양품,1호기
양품,1호기
양품,1호기
양품,1호기
양품,1호기
양품,1호기
양품,1호기
양품,1호기
양품,1호기
양품,1호기
명점,1호기
양품,1호기
양품,1호기
양품,1호기
양품,1호기
양품,1호기
양품,1호기
명점,1호기
양품,1호기
양품,1호기
양품,1호기
양품,1호기
명점,1호기
양품,3호기
양품,3호기
양품,3호기
양품,3호기
양품,3호기
양품,3호기
양품,3호기
명점,3호기
양품,3호기
양품,3호기
양품,3호기
양품,3호기
명점,3호기
양품,3호기
양품,3호기
양품,3호기
양품,3호기
명점,3호기
양품,3호기
양품,3호기
명점,1호기
양품,1호기
양품,1호기
양품,1호기
양품,1호기
양품,1호기
양품,1호기
양품,1호기
명점,1호기
양품,1호기
양품,1호기
양품,1호기
양품,1호기
양품,1호기
명점,1호기
양품,1호기
양품,1호기
양품,1호기
양품,1호기
양품,1호기
양품,3호기
양품,3호기
양품,3호기
양품,3호기
양품,3호기
명점,3호기
양품,3호기
양품,3호기
양품,3호기
양품,3호기
양품,3호기
양품,3호기
양품,3호기
양품,3호기
양품,3호기
양품,3호기
양품,3호기
양품,3호기
양품,3호기
양품,3호기
양품,2호기
양품,2호기
양품,2호기
양품,2호기
명점,2호기
양품,2호기
양품,2호기
양품,2호기
양품,2호기
양품,2호기
명점,2호기
양품,2호기
양품,2호기
양품,2호기
양품,2호기
양품,2호기
양품,2호기
양품,2호기
명점,2호기
양품,2호기
양품,2호기
양품,2호기
양품,2호기
명점,2호기
양품,2호기
양품,2호기
양품,2호기
명점,2호기
명점,2호기
양품,2호기
양품,2호기
양품,2호기
명점,2호기
양품,2호기
양품,2호기
양품,2호기
양품,2호기
양품,2호기
양품,2호기
양품,2호기
양품,1호기
양품,1호기
양품,1호기
명점,1호기
양품,1호기
양품,1호기
양품,1호기
양품,1호기
양품,1호기
양품,1호기
명점,1호기
양품,1호기
양품,1호기
양품,1호기
양품,1호기
양품,1호기
양품,1호기
양품,1호기
양품,1호기
양품,1호기
양품,3호기
양품,3호기
양품,3호기
양품,3호기
명점,3호기
양품,3호기
양품,3호기
양품,3호기
양품,3호기
양품,3호기
양품,3호기
양품,3호기
양품,3호기
명점,3호기
양품,3호기
양품,3호기
양품,3호기
양품,3호기
양품,3호기
양품,3호기
양품,1호기
양품,1호기
양품,1호기
양품,1호기
명점,1호기
양품,1호기
양품,1호기
양품,1호기
양품,1호기
양품,1호기
양품,1호기
양품,1호기
양품,1호기
양품,1호기
양품,1호기
양품,1호기
양품,1호기
양품,1호기
양품,1호기
양품,1호기
양품,3호기
양품,3호기
양품,3호기
양품,3호기
양품,3호기
양품,3호기
양품,3호기
양품,3호기
양품,3호기
양품,3호기
양품,3호기
양품,3호기
양품,3호기
양품,3호기
명점,3호기
양품,3호기
양품,3호기
양품,3호기
양품,3호기
명점,3호기
양품,1호기
양품,1호기
양품,1호기
양품,1호기
양품,1호기
명점,1호기
양품,1호기
양품,1호기
명점,1호기
양품,1호기
양품,1호기
양품,1호기
명점,1호기
양품,1호기
명점,1호기
양품,1호기
양품,1호기
양품,1호기
양품,1호기
양품,1호기
양품,3호기
명점,3호기
양품,3호기
양품,3호기
양품,3호기
양품,3호기
양품,3호기
양품,3호기
명점,3호기
양품,3호기
양품,3호기
양품,3호기
양품,3호기
양품,3호기
양품,3호기
양품,3호기
양품,3호기
양품,3호기
양품,3호기
양품,3호기
양품,1호기
양품,1호기
양품,1호기
양품,1호기
양품,1호기
양품,1호기
양품,1호기
양품,1호기
양품,1호기
양품,1호기
양품,1호기
명점,1호기
양품,1호기
명점,1호기
양품,1호기
양품,1호기
양품,1호기
양품,1호기
양품,1호기
양품,1호기
양품,3호기
양품,3호기
양품,3호기
명점,3호기
양품,3호기
양품,3호기
명점,3호기
양품,3호기
양품,3호기
양품,3호기
양품,3호기
양품,3호기
양품,3호기
양품,3호기
양품,3호기
양품,3호기
양품,3호기
명점,3호기
양품,3호기
양품,3호기
양품,3호기
양품,3호기
명점,3호기
양품,3호기
양품,3호기
양품,3호기
양품,3호기
양품,3호기
양품,3호기
명점,3호기
양품,3호기
양품,3호기
양품,3호기
양품,3호기
양품,3호기
양품,3호기
양품,3호기
양품,3호기
양품,3호기
양품,3호기
양품,3호기
양품,3호기
양품,3호기
양품,3호기
양품,3호기
양품,3호기
명점,3호기
양품,3호기
양품,3호기
명점,3호기
양품,3호기
양품,3호기
양품,3호기
양품,3호기
양품,3호기
양품,3호기
양품,3호기
양품,3호기
양품,3호기
양품,3호기
양품,1호기
양품,1호기
양품,1호기
명점,1호기
양품,1호기
양품,1호기
양품,1호기
명점,1호기
양품,1호기
양품,1호기
양품,1호기
양품,1호기
양품,1호기
명점,1호기
양품,1호기
양품,1호기
양품,1호기
양품,1호기
양품,1호기
양품,1호기
양품,2호기
양품,2호기
양품,2호기
양품,2호기
명점,2호기
양품,2호기
양품,2호기
명점,2호기
양품,2호기
명점,2호기
양품,2호기
양품,2호기
양품,2호기
양품,2호기
양품,2호기
양품,2호기
양품,2호기
양품,2호기
양품,2호기
양품,2호기
양품,2호기
양품,2호기
양품,2호기
양품,2호기
양품,2호기
명점,2호기
양품,2호기
명점,2호기
양품,2호기
양품,2호기
양품,2호기
양품,2호기
양품,2호기
양품,2호기
명점,2호기
양품,2호기
양품,2호기
명점,2호기
양품,2호기
양품,2호기
양품,3호기
양품,3호기
양품,3호기
양품,3호기
양품,3호기
양품,3호기
양품,3호기
양품,3호기
양품,3호기
양품,3호기
양품,3호기
명점,3호기
양품,3호기
양품,3호기
양품,3호기
양품,3호기
양품,3호기
양품,3호기
양품,3호기
양품,3호기
양품,3호기
명점,3호기
양품,3호기
양품,3호기
양품,3호기
양품,3호기
양품,3호기
양품,3호기
양품,3호기
양품,3호기
명점,3호기
양품,3호기
양품,3호기
양품,3호기
양품,3호기
양품,3호기
양품,3호기
양품,3호기
양품,3호기
양품,3호기
양품,1호기
명점,1호기
양품,1호기
양품,1호기
명점,1호기
양품,1호기
양품,1호기
양품,1호기
양품,1호기
양품,1호기
양품,1호기
양품,1호기
양품,1호기
명점,1호기
양품,1호기
양품,1호기
양품,1호기
양품,1호기
양품,1호기
양품,1호기
양품,3호기
양품,3호기
양품,3호기
명점,3호기
양품,3호기
양품,3호기
양품,3호기
명점,3호기
양품,3호기
양품,3호기
양품,3호기
명점,3호기
양품,3호기
양품,3호기
양품,3호기
명점,3호기
양품,3호기
양품,3호기
양품,3호기
양품,3호기
양품,1호기
양품,1호기
양품,1호기
양품,1호기
명점,1호기
명점,1호기
양품,1호기
양품,1호기
양품,1호기
양품,1호기
양품,1호기
양품,1호기
양품,1호기
양품,1호기
양품,1호기
양품,1호기
양품,1호기
양품,1호기
양품,1호기
양품,1호기
양품,2호기
명점,2호기
양품,2호기
양품,2호기
명점,2호기
양품,2호기
양품,2호기
양품,2호기
양품,2호기
양품,2호기
양품,2호기
양품,2호기
양품,2호기
양품,2호기
양품,2호기
양품,2호기
명점,2호기
명점,2호기
양품,2호기
양품,2호기
명점,1호기
양품,1호기
양품,1호기
양품,1호기
양품,1호기
명점,1호기
양품,1호기
양품,1호기
양품,1호기
명점,1호기
양품,1호기
양품,1호기
양품,1호기
양품,1호기
양품,1호기
명점,1호기
양품,1호기
양품,1호기
양품,1호기
양품,1호기
양품,2호기
명점,2호기
양품,2호기
양품,2호기
양품,2호기
양품,2호기
양품,2호기
양품,2호기
명점,2호기
양품,2호기
양품,2호기
명점,2호기
양품,2호기
양품,2호기
양품,2호기
양품,2호기
양품,2호기
양품,2호기
양품,2호기
양품,2호기
명점,1호기
양품,1호기
양품,1호기
양품,1호기
양품,1호기
양품,1호기
명점,1호기
양품,1호기
양품,1호기
양품,1호기
명점,1호기
양품,1호기
양품,1호기
양품,1호기
명점,1호기
양품,1호기
양품,1호기
양품,1호기
명점,1호기
양품,1호기
양품,3호기
양품,3호기
양품,3호기
양품,3호기
양품,3호기
양품,3호기
양품,3호기
양품,3호기
양품,3호기
양품,3호기
양품,3호기
양품,3호기
양품,3호기
양품,3호기
양품,3호기
양품,3호기
양품,3호기
명점,3호기
양품,3호기
양품,3호기
명점,2호기
양품,2호기
양품,2호기
양품,2호기
양품,2호기
명점,2호기
양품,2호기
양품,2호기
양품,2호기
명점,2호기
양품,2호기
양품,2호기
양품,2호기
양품,2호기
명점,2호기
양품,2호기
명점,2호기
양품,2호기
양품,2호기
명점,2호기
양품,3호기
명점,3호기
양품,3호기
명점,3호기
양품,3호기
양품,3호기
명점,3호기
양품,3호기
양품,3호기
양품,3호기
양품,3호기
양품,3호기
양품,3호기
양품,3호기
양품,3호기
양품,3호기
양품,3호기
양품,3호기
양품,3호기
양품,3호기
양품,2호기
양품,2호기
양품,2호기
양품,2호기
명점,2호기
양품,2호기
양품,2호기
양품,2호기
양품,2호기
양품,2호기
명점,2호기
양품,2호기
양품,2호기
양품,2호기
양품,2호기
양품,2호기
명점,2호기
양품,2호기
양품,2호기
양품,2호기
양품,1호기
양품,1호기
명점,1호기
양품,1호기
양품,1호기
양품,1호기
양품,1호기
양품,1호기
양품,1호기
양품,1호기
양품,1호기
명점,1호기
양품,1호기
양품,1호기
양품,1호기
명점,1호기
양품,1호기
양품,1호기
양품,1호기
명점,1호기
양품,1호기
양품,1호기
양품,1호기
양품,1호기
명점,1호기
양품,1호기
양품,1호기
양품,1호기
양품,1호기
양품,1호기
양품,1호기
양품,1호기
명점,1호기
양품,1호기
양품,1호기
양품,1호기
양품,1호기
양품,1호기
양품,1호기
양품,1호기
양품,2호기
양품,2호기
양품,2호기
양품,2호기
양품,2호기
양품,2호기
양품,2호기
명점,2호기
양품,2호기
명점,2호기
양품,2호기
양품,2호기
명점,2호기
양품,2호기
양품,2호기
명점,2호기
양품,2호기
명점,2호기
양품,2호기
양품,2호기
양품,1호기
양품,1호기
양품,1호기
양품,1호기
양품,1호기
양품,1호기
양품,1호기
양품,1호기
양품,1호기
양품,1호기
양품,1호기
양품,1호기
양품,1호기
양품,1호기
양품,1호기
양품,1호기
양품,1호기
양품,1호기
양품,1호기
양품,1호기
양품,3호기
명점,3호기
명점,3호기
양품,3호기
양품,3호기
양품,3호기
양품,3호기
양품,3호기
양품,3호기
양품,3호기
명점,3호기
양품,3호기
양품,3호기
양품,3호기
양품,3호기
양품,3호기
양품,3호기
양품,3호기
양품,3호기
양품,3호기
명점,3호기
양품,3호기
양품,3호기
양품,3호기
양품,3호기
양품,3호기
명점,3호기
양품,3호기
양품,3호기
양품,3호기
양품,3호기
양품,3호기
양품,3호기
양품,3호기
양품,3호기
양품,3호기
양품,3호기
양품,3호기
양품,3호기
양품,3호기
양품,2호기
양품,2호기
양품,2호기
양품,2호기
양품,2호기
양품,2호기
양품,2호기
양품,2호기
양품,2호기
양품,2호기
양품,2호기
양품,2호기
양품,2호기
양품,2호기
양품,2호기
양품,2호기
명점,2호기
양품,2호기
양품,2호기
양품,2호기
양품,3호기
명점,3호기
양품,3호기
양품,3호기
명점,3호기
양품,3호기
양품,3호기
양품,3호기
양품,3호기
양품,3호기
양품,3호기
양품,3호기
양품,3호기
양품,3호기
양품,3호기
명점,3호기
양품,3호기
양품,3호기
양품,3호기
양품,3호기
양품,3호기
양품,3호기
양품,3호기
양품,3호기
양품,3호기
양품,3호기
양품,3호기
양품,3호기
양품,3호기
양품,3호기
양품,3호기
양품,3호기
명점,3호기
양품,3호기
양품,3호기
양품,3호기
명점,3호기
양품,3호기
양품,3호기
양품,3호기
명점,2호기
양품,2호기
양품,2호기
양품,2호기
양품,2호기
명점,2호기
양품,2호기
양품,2호기
양품,2호기
양품,2호기
양품,2호기
명점,2호기
양품,2호기
양품,2호기
양품,2호기
명점,2호기
양품,2호기
양품,2호기
양품,2호기
양품,2호기
양품,1호기
명점,1호기
양품,1호기
양품,1호기
양품,1호기
명점,1호기
양품,1호기
양품,1호기
양품,1호기
양품,1호기
양품,1호기
양품,1호기
명점,1호기
양품,1호기
양품,1호기
양품,1호기
양품,1호기
명점,1호기
양품,1호기
양품,1호기
양품,3호기
양품,3호기
양품,3호기
양품,3호기
양품,3호기
양품,3호기
양품,3호기
양품,3호기
양품,3호기
명점,3호기
양품,3호기
양품,3호기
양품,3호기
양품,3호기
양품,3호기
명점,3호기
양품,3호기
양품,3호기
명점,3호기
양품,3호기