JUDGE,MC_6PHOS_1R_2DRY,MC_6PHOS_2G_2DRY,MC_6PHOS_4FIRE
양품,2호기,2호기,3호기
양품,2호기,2호기,3호기
양품,2호기,2호기,3호기
양품,2호기,2호기,3호기
양품,2호기,2호기,3호기
양품,2호기,2호기,3호기
양품,2호기,2호기,3호기
양품,2호기,2호기,3호기
양품,2호기,2호기,3호기
양품,2호기,2호기,3호기
양품,2호기,2호기,3호기
양품,2호기,2호기,3호기
명점,2호기,2호기,3호기
양품,2호기,2호기,3호기
양품,2호기,2호기,3호기
양품,2호기,2호기,3호기
양품,2호기,2호기,3호기
양품,2호기,2호기,3호기
양품,2호기,2호기,3호기
명점,2호기,2호기,3호기
양품,2호기,1호기,3호기
명점,2호기,1호기,3호기
양품,2호기,1호기,3호기
양품,2호기,1호기,3호기
양품,2호기,1호기,3호기
양품,2호기,1호기,3호기
양품,2호기,1호기,3호기
양품,2호기,1호기,3호기
양품,2호기,1호기,3호기
양품,2호기,1호기,3호기
양품,2호기,1호기,3호기
양품,2호기,1호기,3호기
양품,2호기,1호기,3호기
양품,2호기,1호기,3호기
양품,2호기,1호기,3호기
양품,2호기,1호기,3호기
양품,2호기,1호기,3호기
양품,2호기,1호기,3호기
양품,2호기,1호기,3호기
양품,2호기,1호기,3호기
명점,2호기,2호기,1호기
양품,2호기,2호기,1호기
양품,2호기,2호기,1호기
양품,2호기,2호기,1호기
명점,2호기,2호기,1호기
양품,2호기,2호기,1호기
양품,2호기,2호기,1호기
양품,2호기,2호기,1호기
양품,2호기,2호기,1호기
양품,2호기,2호기,1호기
양품,2호기,2호기,1호기
양품,2호기,2호기,1호기
양품,2호기,2호기,1호기
양품,2호기,2호기,1호기
양품,2호기,2호기,1호기
양품,2호기,2호기,1호기
양품,2호기,2호기,1호기
양품,2호기,2호기,1호기
양품,2호기,2호기,1호기
명점,2호기,2호기,1호기
양품,2호기,1호기,2호기
양품,2호기,1호기,2호기
양품,2호기,1호기,2호기
양품,2호기,1호기,2호기
양품,2호기,1호기,2호기
양품,2호기,1호기,2호기
양품,2호기,1호기,2호기
양품,2호기,1호기,2호기
양품,2호기,1호기,2호기
양품,2호기,1호기,2호기
양품,2호기,1호기,2호기
양품,2호기,1호기,2호기
양품,2호기,1호기,2호기
양품,2호기,1호기,2호기
양품,2호기,1호기,2호기
양품,2호기,1호기,2호기
양품,2호기,1호기,2호기
양품,2호기,1호기,2호기
양품,2호기,1호기,2호기
양품,2호기,1호기,2호기
명점,2호기,2호기,2호기
양품,2호기,2호기,2호기
양품,2호기,2호기,2호기
양품,2호기,2호기,2호기
양품,2호기,2호기,2호기
양품,2호기,2호기,2호기
양품,2호기,2호기,2호기
양품,2호기,2호기,2호기
양품,2호기,2호기,2호기
양품,2호기,2호기,2호기
양품,2호기,2호기,2호기
양품,2호기,2호기,2호기
양품,2호기,2호기,2호기
양품,2호기,2호기,2호기
양품,2호기,2호기,2호기
양품,2호기,2호기,2호기
양품,2호기,2호기,2호기
양품,2호기,2호기,2호기
양품,2호기,2호기,2호기
명점,2호기,2호기,2호기
양품,2호기,1호기,2호기
양품,2호기,1호기,2호기
양품,2호기,1호기,2호기
양품,2호기,1호기,2호기
양품,2호기,1호기,2호기
양품,2호기,1호기,2호기
양품,2호기,1호기,2호기
양품,2호기,1호기,2호기
양품,2호기,1호기,2호기
양품,2호기,1호기,2호기
양품,2호기,1호기,2호기
양품,2호기,1호기,2호기
양품,2호기,1호기,2호기
양품,2호기,1호기,2호기
양품,2호기,1호기,2호기
양품,2호기,1호기,2호기
양품,2호기,1호기,2호기
양품,2호기,1호기,2호기
양품,2호기,1호기,2호기
양품,2호기,1호기,2호기
양품,2호기,2호기,3호기
명점,2호기,2호기,3호기
양품,2호기,2호기,3호기
양품,2호기,2호기,3호기
양품,2호기,2호기,3호기
양품,2호기,2호기,3호기
양품,2호기,2호기,3호기
양품,2호기,2호기,3호기
양품,2호기,2호기,3호기
양품,2호기,2호기,3호기
양품,2호기,2호기,3호기
양품,2호기,2호기,3호기
양품,2호기,2호기,3호기
양품,2호기,2호기,3호기
양품,2호기,2호기,3호기
양품,2호기,2호기,3호기
양품,2호기,2호기,3호기
양품,2호기,2호기,3호기
양품,2호기,2호기,3호기
양품,2호기,2호기,3호기
양품,2호기,1호기,2호기
양품,2호기,1호기,2호기
양품,2호기,1호기,2호기
양품,2호기,1호기,2호기
양품,2호기,1호기,2호기
양품,2호기,1호기,2호기
양품,2호기,1호기,2호기
양품,2호기,1호기,2호기
양품,2호기,1호기,2호기
양품,2호기,1호기,2호기
양품,2호기,1호기,2호기
양품,2호기,1호기,2호기
양품,2호기,1호기,2호기
양품,2호기,1호기,2호기
양품,2호기,1호기,2호기
양품,2호기,1호기,2호기
양품,2호기,1호기,2호기
양품,2호기,1호기,2호기
양품,2호기,1호기,2호기
양품,2호기,1호기,2호기
양품,1호기,1호기,1호기
양품,1호기,1호기,1호기
양품,1호기,1호기,1호기
양품,1호기,1호기,1호기
양품,1호기,1호기,1호기
양품,1호기,1호기,1호기
양품,1호기,1호기,1호기
양품,1호기,1호기,1호기
양품,1호기,1호기,1호기
명점,1호기,1호기,1호기
양품,1호기,1호기,1호기
양품,1호기,1호기,1호기
양품,1호기,1호기,1호기
양품,1호기,1호기,1호기
양품,1호기,1호기,1호기
양품,1호기,1호기,1호기
양품,1호기,1호기,1호기
양품,1호기,1호기,1호기
양품,1호기,1호기,1호기
양품,1호기,1호기,1호기
양품,2호기,2호기,2호기
양품,2호기,2호기,2호기
양품,2호기,2호기,2호기
양품,2호기,2호기,2호기
양품,2호기,2호기,2호기
양품,2호기,2호기,2호기
명점,2호기,2호기,2호기
명점,2호기,2호기,2호기
양품,2호기,2호기,2호기
양품,2호기,2호기,2호기
양품,2호기,2호기,2호기
양품,2호기,2호기,2호기
양품,2호기,2호기,2호기
양품,2호기,2호기,2호기
양품,2호기,2호기,2호기
양품,2호기,2호기,2호기
양품,2호기,2호기,2호기
양품,2호기,2호기,2호기
양품,2호기,2호기,2호기
양품,2호기,2호기,2호기
양품,1호기,2호기,3호기
양품,1호기,2호기,3호기
양품,1호기,2호기,3호기
명점,1호기,2호기,3호기
양품,1호기,2호기,3호기
양품,1호기,2호기,3호기
양품,1호기,2호기,3호기
양품,1호기,2호기,3호기
양품,1호기,2호기,3호기
양품,1호기,2호기,3호기
명점,1호기,2호기,3호기
양품,1호기,2호기,3호기
양품,1호기,2호기,3호기
양품,1호기,2호기,3호기
양품,1호기,2호기,3호기
양품,1호기,2호기,3호기
양품,1호기,2호기,3호기
양품,1호기,2호기,3호기
양품,1호기,2호기,3호기
양품,1호기,2호기,3호기
양품,2호기,1호기,1호기
양품,2호기,1호기,1호기
양품,2호기,1호기,1호기
양품,2호기,1호기,1호기
양품,2호기,1호기,1호기
양품,2호기,1호기,1호기
양품,2호기,1호기,1호기
양품,2호기,1호기,1호기
명점,2호기,1호기,1호기
양품,2호기,1호기,1호기
양품,2호기,1호기,1호기
양품,2호기,1호기,1호기
양품,2호기,1호기,1호기
양품,2호기,1호기,1호기
양품,2호기,1호기,1호기
양품,2호기,1호기,1호기
양품,2호기,1호기,1호기
양품,2호기,1호기,1호기
양품,2호기,1호기,1호기
양품,2호기,1호기,1호기
양품,2호기,2호기,1호기
양품,2호기,2호기,1호기
양품,2호기,2호기,1호기
양품,2호기,2호기,1호기
양품,2호기,2호기,1호기
양품,2호기,2호기,1호기
양품,2호기,2호기,1호기
양품,2호기,2호기,1호기
양품,2호기,2호기,1호기
양품,2호기,2호기,1호기
양품,2호기,2호기,1호기
양품,2호기,2호기,1호기
양품,2호기,2호기,1호기
양품,2호기,2호기,1호기
양품,2호기,2호기,1호기
양품,2호기,2호기,1호기
양품,2호기,2호기,1호기
양품,2호기,2호기,1호기
양품,2호기,2호기,1호기
양품,2호기,2호기,1호기
양품,2호기,2호기,3호기
양품,2호기,2호기,3호기
양품,2호기,2호기,3호기
양품,2호기,2호기,3호기
양품,2호기,2호기,3호기
양품,2호기,2호기,3호기
양품,2호기,2호기,3호기
양품,2호기,2호기,3호기
양품,2호기,2호기,3호기
양품,2호기,2호기,3호기
양품,2호기,2호기,3호기
양품,2호기,2호기,3호기
양품,2호기,2호기,3호기
양품,2호기,2호기,3호기
양품,2호기,2호기,3호기
양품,2호기,2호기,3호기
양품,2호기,2호기,3호기
양품,2호기,2호기,3호기
양품,2호기,2호기,3호기
명점,2호기,2호기,3호기
양품,1호기,2호기,2호기
양품,1호기,2호기,2호기
양품,1호기,2호기,2호기
양품,1호기,2호기,2호기
양품,1호기,2호기,2호기
양품,1호기,2호기,2호기
양품,1호기,2호기,2호기
양품,1호기,2호기,2호기
양품,1호기,2호기,2호기
양품,1호기,2호기,2호기
양품,1호기,2호기,2호기
양품,1호기,2호기,2호기
명점,1호기,2호기,2호기
양품,1호기,2호기,2호기
양품,1호기,2호기,2호기
양품,1호기,2호기,2호기
양품,1호기,2호기,2호기
양품,1호기,2호기,2호기
양품,1호기,2호기,2호기
양품,1호기,2호기,2호기
양품,2호기,1호기,2호기
양품,2호기,1호기,2호기
양품,2호기,1호기,2호기
양품,2호기,1호기,2호기
양품,2호기,1호기,2호기
양품,2호기,1호기,2호기
양품,2호기,1호기,2호기
양품,2호기,1호기,2호기
양품,2호기,1호기,2호기
양품,2호기,1호기,2호기
양품,2호기,1호기,2호기
양품,2호기,1호기,2호기
양품,2호기,1호기,2호기
양품,2호기,1호기,2호기
양품,2호기,1호기,2호기
양품,2호기,1호기,2호기
양품,2호기,1호기,2호기
양품,2호기,1호기,2호기
양품,2호기,1호기,2호기
양품,2호기,1호기,2호기
양품,2호기,2호기,3호기
양품,2호기,2호기,3호기
양품,2호기,2호기,3호기
양품,2호기,2호기,3호기
양품,2호기,2호기,3호기
양품,2호기,2호기,3호기
양품,2호기,2호기,3호기
명점,2호기,2호기,3호기
양품,2호기,2호기,3호기
양품,2호기,2호기,3호기
양품,2호기,2호기,3호기
양품,2호기,2호기,3호기
양품,2호기,2호기,3호기
양품,2호기,2호기,3호기
양품,2호기,2호기,3호기
양품,2호기,2호기,3호기
양품,2호기,2호기,3호기
양품,2호기,2호기,3호기
양품,2호기,2호기,3호기
양품,2호기,2호기,3호기
양품,1호기,1호기,2호기
양품,1호기,1호기,2호기
양품,1호기,1호기,2호기
명점,1호기,1호기,2호기
양품,1호기,1호기,2호기
양품,1호기,1호기,2호기
양품,1호기,1호기,2호기
양품,1호기,1호기,2호기
양품,1호기,1호기,2호기
양품,1호기,1호기,2호기
양품,1호기,1호기,2호기
양품,1호기,1호기,2호기
양품,1호기,1호기,2호기
양품,1호기,1호기,2호기
양품,1호기,1호기,2호기
양품,1호기,1호기,2호기
양품,1호기,1호기,2호기
양품,1호기,1호기,2호기
양품,1호기,1호기,2호기
양품,1호기,1호기,2호기
양품,2호기,1호기,1호기
양품,2호기,1호기,1호기
양품,2호기,1호기,1호기
양품,2호기,1호기,1호기
양품,2호기,1호기,1호기
양품,2호기,1호기,1호기
양품,2호기,1호기,1호기
양품,2호기,1호기,1호기
양품,2호기,1호기,1호기
양품,2호기,1호기,1호기
양품,2호기,1호기,1호기
양품,2호기,1호기,1호기
양품,2호기,1호기,1호기
양품,2호기,1호기,1호기
양품,2호기,1호기,1호기
양품,2호기,1호기,1호기
양품,2호기,1호기,1호기
양품,2호기,1호기,1호기
명점,2호기,1호기,1호기
양품,2호기,1호기,1호기
양품,1호기,1호기,1호기
양품,1호기,1호기,1호기
양품,1호기,1호기,1호기
양품,1호기,1호기,1호기
양품,1호기,1호기,1호기
양품,1호기,1호기,1호기
양품,1호기,1호기,1호기
양품,1호기,1호기,1호기
양품,1호기,1호기,1호기
양품,1호기,1호기,1호기
양품,1호기,1호기,1호기
양품,1호기,1호기,1호기
양품,1호기,1호기,1호기
양품,1호기,1호기,1호기
명점,1호기,1호기,1호기
양품,1호기,1호기,1호기
양품,1호기,1호기,1호기
명점,1호기,1호기,1호기
양품,1호기,1호기,1호기
양품,1호기,1호기,1호기
양품,1호기,2호기,3호기
양품,1호기,2호기,3호기
양품,1호기,2호기,3호기
양품,1호기,2호기,3호기
양품,1호기,2호기,3호기
명점,1호기,2호기,3호기
양품,1호기,2호기,3호기
양품,1호기,2호기,3호기
양품,1호기,2호기,3호기
양품,1호기,2호기,3호기
양품,1호기,2호기,3호기
양품,1호기,2호기,3호기
양품,1호기,2호기,3호기
양품,1호기,2호기,3호기
양품,1호기,2호기,3호기
양품,1호기,2호기,3호기
양품,1호기,2호기,3호기
양품,1호기,2호기,3호기
양품,1호기,2호기,3호기
명점,1호기,2호기,3호기
양품,1호기,2호기,2호기
양품,1호기,2호기,2호기
양품,1호기,2호기,2호기
양품,1호기,2호기,2호기
양품,1호기,2호기,2호기
양품,1호기,2호기,2호기
양품,1호기,2호기,2호기
양품,1호기,2호기,2호기
양품,1호기,2호기,2호기
양품,1호기,2호기,2호기
양품,1호기,2호기,2호기
양품,1호기,2호기,2호기
명점,1호기,2호기,2호기
양품,1호기,2호기,2호기
양품,1호기,2호기,2호기
양품,1호기,2호기,2호기
양품,1호기,2호기,2호기
양품,1호기,2호기,2호기
양품,1호기,2호기,2호기
양품,1호기,2호기,2호기
양품,2호기,1호기,3호기
양품,2호기,1호기,3호기
양품,2호기,1호기,3호기
양품,2호기,1호기,3호기
양품,2호기,1호기,3호기
양품,2호기,1호기,3호기
명점,2호기,1호기,3호기
양품,2호기,1호기,3호기
양품,2호기,1호기,3호기
명점,2호기,1호기,3호기
양품,2호기,1호기,3호기
양품,2호기,1호기,3호기
양품,2호기,1호기,3호기
양품,2호기,1호기,3호기
양품,2호기,1호기,3호기
양품,2호기,1호기,3호기
양품,2호기,1호기,3호기
양품,2호기,1호기,3호기
양품,2호기,1호기,3호기
양품,2호기,1호기,3호기
양품,1호기,1호기,1호기
양품,1호기,1호기,1호기
양품,1호기,1호기,1호기
양품,1호기,1호기,1호기
양품,1호기,1호기,1호기
양품,1호기,1호기,1호기
양품,1호기,1호기,1호기
양품,1호기,1호기,1호기
양품,1호기,1호기,1호기
양품,1호기,1호기,1호기
양품,1호기,1호기,1호기
양품,1호기,1호기,1호기
양품,1호기,1호기,1호기
양품,1호기,1호기,1호기
양품,1호기,1호기,1호기
양품,1호기,1호기,1호기
양품,1호기,1호기,1호기
양품,1호기,1호기,1호기
양품,1호기,1호기,1호기
양품,1호기,1호기,1호기
양품,1호기,1호기,3호기
양품,1호기,1호기,3호기
양품,1호기,1호기,3호기
양품,1호기,1호기,3호기
양품,1호기,1호기,3호기
양품,1호기,1호기,3호기
양품,1호기,1호기,3호기
양품,1호기,1호기,3호기
명점,1호기,1호기,3호기
양품,1호기,1호기,3호기
양품,1호기,1호기,3호기
양품,1호기,1호기,3호기
양품,1호기,1호기,3호기
양품,1호기,1호기,3호기
양품,1호기,1호기,3호기
양품,1호기,1호기,3호기
양품,1호기,1호기,3호기
명점,1호기,1호기,3호기
양품,1호기,1호기,3호기
양품,1호기,1호기,3호기
양품,1호기,1호기,3호기
양품,1호기,1호기,3호기
양품,1호기,1호기,3호기
명점,1호기,1호기,3호기
양품,1호기,1호기,3호기
양품,1호기,1호기,3호기
양품,1호기,1호기,3호기
양품,1호기,1호기,3호기
양품,1호기,1호기,3호기
양품,1호기,1호기,3호기
양품,1호기,1호기,3호기
양품,1호기,1호기,3호기
양품,1호기,1호기,3호기
양품,1호기,1호기,3호기
양품,1호기,1호기,3호기
양품,1호기,1호기,3호기
양품,1호기,1호기,3호기
양품,1호기,1호기,3호기
양품,1호기,1호기,3호기
양품,1호기,1호기,3호기
양품,2호기,1호기,3호기
양품,2호기,1호기,3호기
양품,2호기,1호기,3호기
양품,2호기,1호기,3호기
양품,2호기,1호기,3호기
명점,2호기,1호기,3호기
양품,2호기,1호기,3호기
양품,2호기,1호기,3호기
양품,2호기,1호기,3호기
양품,2호기,1호기,3호기
명점,2호기,1호기,3호기
양품,2호기,1호기,3호기
명점,2호기,1호기,3호기
양품,2호기,1호기,3호기
양품,2호기,1호기,3호기
양품,2호기,1호기,3호기
양품,2호기,1호기,3호기
양품,2호기,1호기,3호기
양품,2호기,1호기,3호기
양품,2호기,1호기,3호기
양품,1호기,1호기,3호기
양품,1호기,1호기,3호기
양품,1호기,1호기,3호기
양품,1호기,1호기,3호기
명점,1호기,1호기,3호기
양품,1호기,1호기,3호기
양품,1호기,1호기,3호기
양품,1호기,1호기,3호기
양품,1호기,1호기,3호기
양품,1호기,1호기,3호기
양품,1호기,1호기,3호기
양품,1호기,1호기,3호기
양품,1호기,1호기,3호기
양품,1호기,1호기,3호기
양품,1호기,1호기,3호기
양품,1호기,1호기,3호기
양품,1호기,1호기,3호기
양품,1호기,1호기,3호기
양품,1호기,1호기,3호기
양품,1호기,1호기,3호기
양품,2호기,1호기,1호기
양품,2호기,1호기,1호기
양품,2호기,1호기,1호기
양품,2호기,1호기,1호기
양품,2호기,1호기,1호기
양품,2호기,1호기,1호기
양품,2호기,1호기,1호기
양품,2호기,1호기,1호기
양품,2호기,1호기,1호기
양품,2호기,1호기,1호기
양품,2호기,1호기,1호기
양품,2호기,1호기,1호기
양품,2호기,1호기,1호기
양품,2호기,1호기,1호기
양품,2호기,1호기,1호기
양품,2호기,1호기,1호기
양품,2호기,1호기,1호기
양품,2호기,1호기,1호기
양품,2호기,1호기,1호기
양품,2호기,1호기,1호기
양품,2호기,1호기,2호기
양품,2호기,1호기,2호기
명점,2호기,1호기,2호기
양품,2호기,1호기,2호기
양품,2호기,1호기,2호기
양품,2호기,1호기,2호기
양품,2호기,1호기,2호기
양품,2호기,1호기,2호기
양품,2호기,1호기,2호기
명점,2호기,1호기,2호기
양품,2호기,1호기,2호기
양품,2호기,1호기,2호기
명점,2호기,1호기,2호기
양품,2호기,1호기,2호기
양품,2호기,1호기,2호기
양품,2호기,1호기,2호기
양품,2호기,1호기,2호기
양품,2호기,1호기,2호기
양품,2호기,1호기,2호기
양품,2호기,1호기,2호기
명점,2호기,2호기,2호기
양품,2호기,2호기,2호기
양품,2호기,2호기,2호기
양품,2호기,2호기,2호기
명점,2호기,2호기,2호기
양품,2호기,2호기,2호기
양품,2호기,2호기,2호기
양품,2호기,2호기,2호기
양품,2호기,2호기,2호기
양품,2호기,2호기,2호기
양품,2호기,2호기,2호기
양품,2호기,2호기,2호기
양품,2호기,2호기,2호기
양품,2호기,2호기,2호기
양품,2호기,2호기,2호기
양품,2호기,2호기,2호기
양품,2호기,2호기,2호기
양품,2호기,2호기,2호기
양품,2호기,2호기,2호기
양품,2호기,2호기,2호기
양품,1호기,2호기,2호기
양품,1호기,2호기,2호기
명점,1호기,2호기,2호기
양품,1호기,2호기,2호기
양품,1호기,2호기,2호기
양품,1호기,2호기,2호기
양품,1호기,2호기,2호기
양품,1호기,2호기,2호기
양품,1호기,2호기,2호기
양품,1호기,2호기,2호기
명점,1호기,2호기,2호기
양품,1호기,2호기,2호기
양품,1호기,2호기,2호기
양품,1호기,2호기,2호기
양품,1호기,2호기,2호기
양품,1호기,2호기,2호기
양품,1호기,2호기,2호기
양품,1호기,2호기,2호기
양품,1호기,2호기,2호기
양품,1호기,2호기,2호기
명점,2호기,2호기,2호기
양품,2호기,2호기,2호기
양품,2호기,2호기,2호기
양품,2호기,2호기,2호기
양품,2호기,2호기,2호기
명점,2호기,2호기,2호기
양품,2호기,2호기,2호기
양품,2호기,2호기,2호기
양품,2호기,2호기,2호기
양품,2호기,2호기,2호기
양품,2호기,2호기,2호기
양품,2호기,2호기,2호기
양품,2호기,2호기,2호기
양품,2호기,2호기,2호기
양품,2호기,2호기,2호기
양품,2호기,2호기,2호기
양품,2호기,2호기,2호기
양품,2호기,2호기,2호기
양품,2호기,2호기,2호기
양품,2호기,2호기,2호기
양품,1호기,2호기,1호기
양품,1호기,2호기,1호기
양품,1호기,2호기,1호기
양품,1호기,2호기,1호기
양품,1호기,2호기,1호기
양품,1호기,2호기,1호기
양품,1호기,2호기,1호기
명점,1호기,2호기,1호기
양품,1호기,2호기,1호기
양품,1호기,2호기,1호기
양품,1호기,2호기,1호기
양품,1호기,2호기,1호기
양품,1호기,2호기,1호기
양품,1호기,2호기,1호기
양품,1호기,2호기,1호기
양품,1호기,2호기,1호기
양품,1호기,2호기,1호기
양품,1호기,2호기,1호기
명점,1호기,2호기,1호기
양품,1호기,2호기,1호기
명점,1호기,1호기,3호기
명점,1호기,1호기,3호기
양품,1호기,1호기,3호기
양품,1호기,1호기,3호기
양품,1호기,1호기,3호기
양품,1호기,1호기,3호기
양품,1호기,1호기,3호기
양품,1호기,1호기,3호기
양품,1호기,1호기,3호기
양품,1호기,1호기,3호기
양품,1호기,1호기,3호기
양품,1호기,1호기,3호기
양품,1호기,1호기,3호기
양품,1호기,1호기,3호기
양품,1호기,1호기,3호기
양품,1호기,1호기,3호기
양품,1호기,1호기,3호기
명점,1호기,1호기,3호기
양품,1호기,1호기,3호기
양품,1호기,1호기,3호기
양품,2호기,1호기,1호기
양품,2호기,1호기,1호기
양품,2호기,1호기,1호기
양품,2호기,1호기,1호기
양품,2호기,1호기,1호기
양품,2호기,1호기,1호기
양품,2호기,1호기,1호기
양품,2호기,1호기,1호기
양품,2호기,1호기,1호기
양품,2호기,1호기,1호기
양품,2호기,1호기,1호기
양품,2호기,1호기,1호기
양품,2호기,1호기,1호기
양품,2호기,1호기,1호기
양품,2호기,1호기,1호기
양품,2호기,1호기,1호기
양품,2호기,1호기,1호기
양품,2호기,1호기,1호기
양품,2호기,1호기,1호기
양품,2호기,1호기,1호기
양품,2호기,1호기,2호기
양품,2호기,1호기,2호기
양품,2호기,1호기,2호기
양품,2호기,1호기,2호기
양품,2호기,1호기,2호기
양품,2호기,1호기,2호기
양품,2호기,1호기,2호기
명점,2호기,1호기,2호기
명점,2호기,1호기,2호기
양품,2호기,1호기,2호기
양품,2호기,1호기,2호기
양품,2호기,1호기,2호기
양품,2호기,1호기,2호기
양품,2호기,1호기,2호기
양품,2호기,1호기,2호기
양품,2호기,1호기,2호기
양품,2호기,1호기,2호기
양품,2호기,1호기,2호기
양품,2호기,1호기,2호기
양품,2호기,1호기,2호기
양품,2호기,1호기,2호기
양품,2호기,1호기,2호기
양품,2호기,1호기,2호기
양품,2호기,1호기,2호기
양품,2호기,1호기,2호기
양품,2호기,1호기,2호기
양품,2호기,1호기,2호기
양품,2호기,1호기,2호기
양품,2호기,1호기,2호기
양품,2호기,1호기,2호기
양품,2호기,1호기,2호기
양품,2호기,1호기,2호기
양품,2호기,1호기,2호기
양품,2호기,1호기,2호기
양품,2호기,1호기,2호기
양품,2호기,1호기,2호기
양품,2호기,1호기,2호기
양품,2호기,1호기,2호기
양품,2호기,1호기,2호기
양품,2호기,1호기,2호기
명점,2호기,1호기,2호기
양품,2호기,1호기,2호기
명점,2호기,1호기,2호기
양품,2호기,1호기,2호기
양품,2호기,1호기,2호기
양품,2호기,1호기,2호기
양품,2호기,1호기,2호기
양품,2호기,1호기,2호기
양품,2호기,1호기,2호기
양품,2호기,1호기,2호기
양품,2호기,1호기,2호기
양품,2호기,1호기,2호기
양품,2호기,1호기,2호기
양품,2호기,1호기,2호기
양품,2호기,1호기,2호기
양품,2호기,1호기,2호기
양품,2호기,1호기,2호기
양품,2호기,1호기,2호기
양품,2호기,1호기,2호기
명점,2호기,1호기,2호기
양품,1호기,1호기,1호기
양품,1호기,1호기,1호기
양품,1호기,1호기,1호기
양품,1호기,1호기,1호기
양품,1호기,1호기,1호기
양품,1호기,1호기,1호기
양품,1호기,1호기,1호기
양품,1호기,1호기,1호기
양품,1호기,1호기,1호기
양품,1호기,1호기,1호기
양품,1호기,1호기,1호기
양품,1호기,1호기,1호기
양품,1호기,1호기,1호기
양품,1호기,1호기,1호기
명점,1호기,1호기,1호기
명점,1호기,1호기,1호기
양품,1호기,1호기,1호기
양품,1호기,1호기,1호기
양품,1호기,1호기,1호기
양품,1호기,1호기,1호기
양품,1호기,2호기,1호기
양품,1호기,2호기,1호기
양품,1호기,2호기,1호기
양품,1호기,2호기,1호기
양품,1호기,2호기,1호기
양품,1호기,2호기,1호기
양품,1호기,2호기,1호기
명점,1호기,2호기,1호기
양품,1호기,2호기,1호기
양품,1호기,2호기,1호기
양품,1호기,2호기,1호기
양품,1호기,2호기,1호기
양품,1호기,2호기,1호기
양품,1호기,2호기,1호기
양품,1호기,2호기,1호기
양품,1호기,2호기,1호기
양품,1호기,2호기,1호기
양품,1호기,2호기,1호기
양품,1호기,2호기,1호기
양품,1호기,2호기,1호기
양품,1호기,1호기,1호기
양품,1호기,1호기,1호기
양품,1호기,1호기,1호기
양품,1호기,1호기,1호기
양품,1호기,1호기,1호기
양품,1호기,1호기,1호기
양품,1호기,1호기,1호기
양품,1호기,1호기,1호기
양품,1호기,1호기,1호기
양품,1호기,1호기,1호기
양품,1호기,1호기,1호기
양품,1호기,1호기,1호기
양품,1호기,1호기,1호기
양품,1호기,1호기,1호기
양품,1호기,1호기,1호기
양품,1호기,1호기,1호기
양품,1호기,1호기,1호기
명점,1호기,1호기,1호기
양품,1호기,1호기,1호기
양품,1호기,1호기,1호기
양품,1호기,2호기,2호기
양품,1호기,2호기,2호기
양품,1호기,2호기,2호기
양품,1호기,2호기,2호기
양품,1호기,2호기,2호기
명점,1호기,2호기,2호기
양품,1호기,2호기,2호기
양품,1호기,2호기,2호기
양품,1호기,2호기,2호기
양품,1호기,2호기,2호기
양품,1호기,2호기,2호기
양품,1호기,2호기,2호기
양품,1호기,2호기,2호기
양품,1호기,2호기,2호기
양품,1호기,2호기,2호기
양품,1호기,2호기,2호기
양품,1호기,2호기,2호기
양품,1호기,2호기,2호기
양품,1호기,2호기,2호기
양품,1호기,2호기,2호기
명점,2호기,1호기,2호기
양품,2호기,1호기,2호기
양품,2호기,1호기,2호기
양품,2호기,1호기,2호기
양품,2호기,1호기,2호기
양품,2호기,1호기,2호기
양품,2호기,1호기,2호기
양품,2호기,1호기,2호기
양품,2호기,1호기,2호기
양품,2호기,1호기,2호기
양품,2호기,1호기,2호기
양품,2호기,1호기,2호기
양품,2호기,1호기,2호기
양품,2호기,1호기,2호기
명점,2호기,1호기,2호기
양품,2호기,1호기,2호기
양품,2호기,1호기,2호기
양품,2호기,1호기,2호기
양품,2호기,1호기,2호기
양품,2호기,1호기,2호기
양품,2호기,1호기,2호기
양품,2호기,1호기,2호기
양품,2호기,1호기,2호기
양품,2호기,1호기,2호기
양품,2호기,1호기,2호기
양품,2호기,1호기,2호기
양품,2호기,1호기,2호기
양품,2호기,1호기,2호기
양품,2호기,1호기,2호기
양품,2호기,1호기,2호기
양품,2호기,1호기,2호기
양품,2호기,1호기,2호기
양품,2호기,1호기,2호기
양품,2호기,1호기,2호기
양품,2호기,1호기,2호기
양품,2호기,1호기,2호기
명점,2호기,1호기,2호기
양품,2호기,1호기,2호기
양품,2호기,1호기,2호기
양품,2호기,1호기,2호기
양품,2호기,1호기,1호기
양품,2호기,1호기,1호기
양품,2호기,1호기,1호기
양품,2호기,1호기,1호기
양품,2호기,1호기,1호기
양품,2호기,1호기,1호기
양품,2호기,1호기,1호기
양품,2호기,1호기,1호기
양품,2호기,1호기,1호기
양품,2호기,1호기,1호기
양품,2호기,1호기,1호기
양품,2호기,1호기,1호기
양품,2호기,1호기,1호기
양품,2호기,1호기,1호기
양품,2호기,1호기,1호기
양품,2호기,1호기,1호기
양품,2호기,1호기,1호기
양품,2호기,1호기,1호기
양품,2호기,1호기,1호기
양품,2호기,1호기,1호기
양품,2호기,2호기,1호기
양품,2호기,2호기,1호기
양품,2호기,2호기,1호기
양품,2호기,2호기,1호기
양품,2호기,2호기,1호기
양품,2호기,2호기,1호기
양품,2호기,2호기,1호기
양품,2호기,2호기,1호기
양품,2호기,2호기,1호기
양품,2호기,2호기,1호기
양품,2호기,2호기,1호기
양품,2호기,2호기,1호기
양품,2호기,2호기,1호기
양품,2호기,2호기,1호기
양품,2호기,2호기,1호기
양품,2호기,2호기,1호기
명점,2호기,2호기,1호기
양품,2호기,2호기,1호기
양품,2호기,2호기,1호기
양품,2호기,2호기,1호기
양품,2호기,1호기,1호기
양품,2호기,1호기,1호기
양품,2호기,1호기,1호기
양품,2호기,1호기,1호기
양품,2호기,1호기,1호기
양품,2호기,1호기,1호기
양품,2호기,1호기,1호기
양품,2호기,1호기,1호기
양품,2호기,1호기,1호기
양품,2호기,1호기,1호기
양품,2호기,1호기,1호기
양품,2호기,1호기,1호기
명점,2호기,1호기,1호기
양품,2호기,1호기,1호기
양품,2호기,1호기,1호기
양품,2호기,1호기,1호기
양품,2호기,1호기,1호기
양품,2호기,1호기,1호기
양품,2호기,1호기,1호기
양품,2호기,1호기,1호기
양품,2호기,2호기,2호기
양품,2호기,2호기,2호기
양품,2호기,2호기,2호기
양품,2호기,2호기,2호기
양품,2호기,2호기,2호기
양품,2호기,2호기,2호기
양품,2호기,2호기,2호기
양품,2호기,2호기,2호기
양품,2호기,2호기,2호기
양품,2호기,2호기,2호기
양품,2호기,2호기,2호기
양품,2호기,2호기,2호기
양품,2호기,2호기,2호기
양품,2호기,2호기,2호기
양품,2호기,2호기,2호기
양품,2호기,2호기,2호기
양품,2호기,2호기,2호기
양품,2호기,2호기,2호기
양품,2호기,2호기,2호기
양품,2호기,2호기,2호기
양품,1호기,1호기,2호기
양품,1호기,1호기,2호기
양품,1호기,1호기,2호기
양품,1호기,1호기,2호기
양품,1호기,1호기,2호기
양품,1호기,1호기,2호기
양품,1호기,1호기,2호기
명점,1호기,1호기,2호기
양품,1호기,1호기,2호기
양품,1호기,1호기,2호기
양품,1호기,1호기,2호기
명점,1호기,1호기,2호기
양품,1호기,1호기,2호기
양품,1호기,1호기,2호기
명점,1호기,1호기,2호기
양품,1호기,1호기,2호기
양품,1호기,1호기,2호기
양품,1호기,1호기,2호기
양품,1호기,1호기,2호기
양품,1호기,1호기,2호기
양품,2호기,2호기,1호기
양품,2호기,2호기,1호기
양품,2호기,2호기,1호기
양품,2호기,2호기,1호기
양품,2호기,2호기,1호기
양품,2호기,2호기,1호기
양품,2호기,2호기,1호기
양품,2호기,2호기,1호기
양품,2호기,2호기,1호기
양품,2호기,2호기,1호기
양품,2호기,2호기,1호기
양품,2호기,2호기,1호기
양품,2호기,2호기,1호기
명점,2호기,2호기,1호기
양품,2호기,2호기,1호기
양품,2호기,2호기,1호기
양품,2호기,2호기,1호기
양품,2호기,2호기,1호기
양품,2호기,2호기,1호기
양품,2호기,2호기,1호기
양품,1호기,2호기,3호기
양품,1호기,2호기,3호기
양품,1호기,2호기,3호기
양품,1호기,2호기,3호기
양품,1호기,2호기,3호기
양품,1호기,2호기,3호기
양품,1호기,2호기,3호기
양품,1호기,2호기,3호기
명점,1호기,2호기,3호기
양품,1호기,2호기,3호기
양품,1호기,2호기,3호기
양품,1호기,2호기,3호기
양품,1호기,2호기,3호기
양품,1호기,2호기,3호기
명점,1호기,2호기,3호기
양품,1호기,2호기,3호기
양품,1호기,2호기,3호기
양품,1호기,2호기,3호기
양품,1호기,2호기,3호기
양품,1호기,2호기,3호기
양품,2호기,1호기,2호기
명점,2호기,1호기,2호기
양품,2호기,1호기,2호기
양품,2호기,1호기,2호기
양품,2호기,1호기,2호기
양품,2호기,1호기,2호기
양품,2호기,1호기,2호기
양품,2호기,1호기,2호기
명점,2호기,1호기,2호기
양품,2호기,1호기,2호기
양품,2호기,1호기,2호기
양품,2호기,1호기,2호기
양품,2호기,1호기,2호기
양품,2호기,1호기,2호기
양품,2호기,1호기,2호기
양품,2호기,1호기,2호기
양품,2호기,1호기,2호기
양품,2호기,1호기,2호기
양품,2호기,1호기,2호기
양품,2호기,1호기,2호기
양품,2호기,1호기,2호기
양품,2호기,1호기,2호기
양품,2호기,1호기,2호기
양품,2호기,1호기,2호기
양품,2호기,1호기,2호기
양품,2호기,1호기,2호기
양품,2호기,1호기,2호기
양품,2호기,1호기,2호기
양품,2호기,1호기,2호기
양품,2호기,1호기,2호기
양품,2호기,1호기,2호기
양품,2호기,1호기,2호기
양품,2호기,1호기,2호기
양품,2호기,1호기,2호기
양품,2호기,1호기,2호기
양품,2호기,1호기,2호기
양품,2호기,1호기,2호기
양품,2호기,1호기,2호기
양품,2호기,1호기,2호기
양품,2호기,1호기,2호기
양품,2호기,1호기,3호기
양품,2호기,1호기,3호기
양품,2호기,1호기,3호기
양품,2호기,1호기,3호기
양품,2호기,1호기,3호기
양품,2호기,1호기,3호기
양품,2호기,1호기,3호기
양품,2호기,1호기,3호기
양품,2호기,1호기,3호기
양품,2호기,1호기,3호기
양품,2호기,1호기,3호기
양품,2호기,1호기,3호기
양품,2호기,1호기,3호기
양품,2호기,1호기,3호기
양품,2호기,1호기,3호기
양품,2호기,1호기,3호기
양품,2호기,1호기,3호기
명점,2호기,1호기,3호기
양품,2호기,1호기,3호기
양품,2호기,1호기,3호기
양품,2호기,2호기,3호기
양품,2호기,2호기,3호기
양품,2호기,2호기,3호기
명점,2호기,2호기,3호기
양품,2호기,2호기,3호기
양품,2호기,2호기,3호기
양품,2호기,2호기,3호기
양품,2호기,2호기,3호기
양품,2호기,2호기,3호기
양품,2호기,2호기,3호기
양품,2호기,2호기,3호기
양품,2호기,2호기,3호기
양품,2호기,2호기,3호기
양품,2호기,2호기,3호기
양품,2호기,2호기,3호기
명점,2호기,2호기,3호기
양품,2호기,2호기,3호기
양품,2호기,2호기,3호기
양품,2호기,2호기,3호기
양품,2호기,2호기,3호기
양품,1호기,1호기,2호기
양품,1호기,1호기,2호기
양품,1호기,1호기,2호기
양품,1호기,1호기,2호기
양품,1호기,1호기,2호기
양품,1호기,1호기,2호기
양품,1호기,1호기,2호기
양품,1호기,1호기,2호기
양품,1호기,1호기,2호기
양품,1호기,1호기,2호기
양품,1호기,1호기,2호기
명점,1호기,1호기,2호기
양품,1호기,1호기,2호기
양품,1호기,1호기,2호기
양품,1호기,1호기,2호기
양품,1호기,1호기,2호기
양품,1호기,1호기,2호기
양품,1호기,1호기,2호기
명점,1호기,1호기,2호기
양품,1호기,1호기,2호기
양품,2호기,1호기,3호기
양품,2호기,1호기,3호기
양품,2호기,1호기,3호기
양품,2호기,1호기,3호기
양품,2호기,1호기,3호기
양품,2호기,1호기,3호기
양품,2호기,1호기,3호기
양품,2호기,1호기,3호기
양품,2호기,1호기,3호기
양품,2호기,1호기,3호기
양품,2호기,1호기,3호기
양품,2호기,1호기,3호기
양품,2호기,1호기,3호기
양품,2호기,1호기,3호기
양품,2호기,1호기,3호기
양품,2호기,1호기,3호기
양품,2호기,1호기,3호기
명점,2호기,1호기,3호기
명점,2호기,1호기,3호기
양품,2호기,1호기,3호기
명점,1호기,1호기,3호기
양품,1호기,1호기,3호기
양품,1호기,1호기,3호기
양품,1호기,1호기,3호기
명점,1호기,1호기,3호기
양품,1호기,1호기,3호기
양품,1호기,1호기,3호기
양품,1호기,1호기,3호기
양품,1호기,1호기,3호기
양품,1호기,1호기,3호기
양품,1호기,1호기,3호기
양품,1호기,1호기,3호기
양품,1호기,1호기,3호기
양품,1호기,1호기,3호기
양품,1호기,1호기,3호기
양품,1호기,1호기,3호기
양품,1호기,1호기,3호기
양품,1호기,1호기,3호기
양품,1호기,1호기,3호기
양품,1호기,1호기,3호기
양품,2호기,1호기,3호기
양품,2호기,1호기,3호기
양품,2호기,1호기,3호기
양품,2호기,1호기,3호기
양품,2호기,1호기,3호기
양품,2호기,1호기,3호기
양품,2호기,1호기,3호기
양품,2호기,1호기,3호기
양품,2호기,1호기,3호기
양품,2호기,1호기,3호기
양품,2호기,1호기,3호기
양품,2호기,1호기,3호기
양품,2호기,1호기,3호기
양품,2호기,1호기,3호기
양품,2호기,1호기,3호기
양품,2호기,1호기,3호기
양품,2호기,1호기,3호기
명점,2호기,1호기,3호기
양품,2호기,1호기,3호기
양품,2호기,1호기,3호기
양품,1호기,2호기,1호기
양품,1호기,2호기,1호기
양품,1호기,2호기,1호기
양품,1호기,2호기,1호기
양품,1호기,2호기,1호기
양품,1호기,2호기,1호기
양품,1호기,2호기,1호기
양품,1호기,2호기,1호기
명점,1호기,2호기,1호기
명점,1호기,2호기,1호기
양품,1호기,2호기,1호기
양품,1호기,2호기,1호기
양품,1호기,2호기,1호기
양품,1호기,2호기,1호기
양품,1호기,2호기,1호기
양품,1호기,2호기,1호기
양품,1호기,2호기,1호기
양품,1호기,2호기,1호기
양품,1호기,2호기,1호기
양품,1호기,2호기,1호기
명점,2호기,2호기,2호기
양품,2호기,2호기,2호기
양품,2호기,2호기,2호기
양품,2호기,2호기,2호기
양품,2호기,2호기,2호기
명점,2호기,2호기,2호기
양품,2호기,2호기,2호기
양품,2호기,2호기,2호기
양품,2호기,2호기,2호기
양품,2호기,2호기,2호기
양품,2호기,2호기,2호기
명점,2호기,2호기,2호기
양품,2호기,2호기,2호기
양품,2호기,2호기,2호기
양품,2호기,2호기,2호기
양품,2호기,2호기,2호기
양품,2호기,2호기,2호기
양품,2호기,2호기,2호기
양품,2호기,2호기,2호기
양품,2호기,2호기,2호기
양품,2호기,1호기,3호기
양품,2호기,1호기,3호기
양품,2호기,1호기,3호기
양품,2호기,1호기,3호기
양품,2호기,1호기,3호기
양품,2호기,1호기,3호기
양품,2호기,1호기,3호기
양품,2호기,1호기,3호기
양품,2호기,1호기,3호기
명점,2호기,1호기,3호기
명점,2호기,1호기,3호기
양품,2호기,1호기,3호기
양품,2호기,1호기,3호기
명점,2호기,1호기,3호기
양품,2호기,1호기,3호기
양품,2호기,1호기,3호기
양품,2호기,1호기,3호기
양품,2호기,1호기,3호기
양품,2호기,1호기,3호기
양품,2호기,1호기,3호기
양품,2호기,1호기,1호기
양품,2호기,1호기,1호기
양품,2호기,1호기,1호기
양품,2호기,1호기,1호기
양품,2호기,1호기,1호기
양품,2호기,1호기,1호기
양품,2호기,1호기,1호기
양품,2호기,1호기,1호기
양품,2호기,1호기,1호기
양품,2호기,1호기,1호기
양품,2호기,1호기,1호기
양품,2호기,1호기,1호기
양품,2호기,1호기,1호기
명점,2호기,1호기,1호기
양품,2호기,1호기,1호기
양품,2호기,1호기,1호기
양품,2호기,1호기,1호기
양품,2호기,1호기,1호기
양품,2호기,1호기,1호기
양품,2호기,1호기,1호기
양품,1호기,1호기,3호기
양품,1호기,1호기,3호기
양품,1호기,1호기,3호기
양품,1호기,1호기,3호기
명점,1호기,1호기,3호기
양품,1호기,1호기,3호기
양품,1호기,1호기,3호기
양품,1호기,1호기,3호기
양품,1호기,1호기,3호기
양품,1호기,1호기,3호기
양품,1호기,1호기,3호기
양품,1호기,1호기,3호기
양품,1호기,1호기,3호기
양품,1호기,1호기,3호기
양품,1호기,1호기,3호기
양품,1호기,1호기,3호기
양품,1호기,1호기,3호기
명점,1호기,1호기,3호기
양품,1호기,1호기,3호기
양품,1호기,1호기,3호기
양품,1호기,2호기,3호기
양품,1호기,2호기,3호기
양품,1호기,2호기,3호기
양품,1호기,2호기,3호기
양품,1호기,2호기,3호기
양품,1호기,2호기,3호기
양품,1호기,2호기,3호기
양품,1호기,2호기,3호기
양품,1호기,2호기,3호기
양품,1호기,2호기,3호기
양품,1호기,2호기,3호기
양품,1호기,2호기,3호기
양품,1호기,2호기,3호기
양품,1호기,2호기,3호기
양품,1호기,2호기,3호기
양품,1호기,2호기,3호기
양품,1호기,2호기,3호기
양품,1호기,2호기,3호기
양품,1호기,2호기,3호기
명점,1호기,2호기,3호기
양품,2호기,1호기,1호기
양품,2호기,1호기,1호기
양품,2호기,1호기,1호기
양품,2호기,1호기,1호기
양품,2호기,1호기,1호기
양품,2호기,1호기,1호기
양품,2호기,1호기,1호기
양품,2호기,1호기,1호기
양품,2호기,1호기,1호기
양품,2호기,1호기,1호기
양품,2호기,1호기,1호기
명점,2호기,1호기,1호기
양품,2호기,1호기,1호기
양품,2호기,1호기,1호기
양품,2호기,1호기,1호기
양품,2호기,1호기,1호기
양품,2호기,1호기,1호기
양품,2호기,1호기,1호기
양품,2호기,1호기,1호기
양품,2호기,1호기,1호기
양품,1호기,1호기,3호기
명점,1호기,1호기,3호기
양품,1호기,1호기,3호기
양품,1호기,1호기,3호기
양품,1호기,1호기,3호기
명점,1호기,1호기,3호기
양품,1호기,1호기,3호기
양품,1호기,1호기,3호기
양품,1호기,1호기,3호기
양품,1호기,1호기,3호기
양품,1호기,1호기,3호기
양품,1호기,1호기,3호기
양품,1호기,1호기,3호기
양품,1호기,1호기,3호기
양품,1호기,1호기,3호기
양품,1호기,1호기,3호기
양품,1호기,1호기,3호기
양품,1호기,1호기,3호기
양품,1호기,1호기,3호기
명점,1호기,1호기,3호기
양품,1호기,1호기,1호기
양품,1호기,1호기,1호기
양품,1호기,1호기,1호기
양품,1호기,1호기,1호기
양품,1호기,1호기,1호기
양품,1호기,1호기,1호기
양품,1호기,1호기,1호기
양품,1호기,1호기,1호기
양품,1호기,1호기,1호기
양품,1호기,1호기,1호기
양품,1호기,1호기,1호기
양품,1호기,1호기,1호기
양품,1호기,1호기,1호기
양품,1호기,1호기,1호기
양품,1호기,1호기,1호기
양품,1호기,1호기,1호기
양품,1호기,1호기,1호기
양품,1호기,1호기,1호기
양품,1호기,1호기,1호기
양품,1호기,1호기,1호기
양품,1호기,1호기,2호기
양품,1호기,1호기,2호기
양품,1호기,1호기,2호기
양품,1호기,1호기,2호기
양품,1호기,1호기,2호기
양품,1호기,1호기,2호기
양품,1호기,1호기,2호기
양품,1호기,1호기,2호기
양품,1호기,1호기,2호기
양품,1호기,1호기,2호기
양품,1호기,1호기,2호기
양품,1호기,1호기,2호기
양품,1호기,1호기,2호기
양품,1호기,1호기,2호기
양품,1호기,1호기,2호기
양품,1호기,1호기,2호기
명점,1호기,1호기,2호기
양품,1호기,1호기,2호기
양품,1호기,1호기,2호기
양품,1호기,1호기,2호기
양품,2호기,1호기,3호기
양품,2호기,1호기,3호기
양품,2호기,1호기,3호기
명점,2호기,1호기,3호기
양품,2호기,1호기,3호기
양품,2호기,1호기,3호기
양품,2호기,1호기,3호기
양품,2호기,1호기,3호기
양품,2호기,1호기,3호기
양품,2호기,1호기,3호기
양품,2호기,1호기,3호기
양품,2호기,1호기,3호기
양품,2호기,1호기,3호기
양품,2호기,1호기,3호기
양품,2호기,1호기,3호기
양품,2호기,1호기,3호기
양품,2호기,1호기,3호기
양품,2호기,1호기,3호기
양품,2호기,1호기,3호기
양품,2호기,1호기,3호기
명점,2호기,1호기,1호기
양품,2호기,1호기,1호기
양품,2호기,1호기,1호기
양품,2호기,1호기,1호기
양품,2호기,1호기,1호기
양품,2호기,1호기,1호기
양품,2호기,1호기,1호기
양품,2호기,1호기,1호기
양품,2호기,1호기,1호기
양품,2호기,1호기,1호기
양품,2호기,1호기,1호기
양품,2호기,1호기,1호기
양품,2호기,1호기,1호기
양품,2호기,1호기,1호기
양품,2호기,1호기,1호기
양품,2호기,1호기,1호기
양품,2호기,1호기,1호기
양품,2호기,1호기,1호기
양품,2호기,1호기,1호기
양품,2호기,1호기,1호기
양품,2호기,1호기,2호기
양품,2호기,1호기,2호기
양품,2호기,1호기,2호기
명점,2호기,1호기,2호기
양품,2호기,1호기,2호기
양품,2호기,1호기,2호기
양품,2호기,1호기,2호기
양품,2호기,1호기,2호기
양품,2호기,1호기,2호기
양품,2호기,1호기,2호기
양품,2호기,1호기,2호기
양품,2호기,1호기,2호기
양품,2호기,1호기,2호기
양품,2호기,1호기,2호기
양품,2호기,1호기,2호기
명점,2호기,1호기,2호기
양품,2호기,1호기,2호기
양품,2호기,1호기,2호기
양품,2호기,1호기,2호기
양품,2호기,1호기,2호기
양품,2호기,2호기,1호기
양품,2호기,2호기,1호기
양품,2호기,2호기,1호기
양품,2호기,2호기,1호기
양품,2호기,2호기,1호기
양품,2호기,2호기,1호기
명점,2호기,2호기,1호기
양품,2호기,2호기,1호기
양품,2호기,2호기,1호기
양품,2호기,2호기,1호기
양품,2호기,2호기,1호기
양품,2호기,2호기,1호기
양품,2호기,2호기,1호기
명점,2호기,2호기,1호기
양품,2호기,2호기,1호기
양품,2호기,2호기,1호기
양품,2호기,2호기,1호기
명점,2호기,2호기,1호기
양품,2호기,2호기,1호기
양품,2호기,2호기,1호기
양품,2호기,1호기,1호기
양품,2호기,1호기,1호기
양품,2호기,1호기,1호기
양품,2호기,1호기,1호기
양품,2호기,1호기,1호기
양품,2호기,1호기,1호기
양품,2호기,1호기,1호기
양품,2호기,1호기,1호기
양품,2호기,1호기,1호기
양품,2호기,1호기,1호기
양품,2호기,1호기,1호기
양품,2호기,1호기,1호기
명점,2호기,1호기,1호기
명점,2호기,1호기,1호기
양품,2호기,1호기,1호기
양품,2호기,1호기,1호기
양품,2호기,1호기,1호기
양품,2호기,1호기,1호기
양품,2호기,1호기,1호기
양품,2호기,1호기,1호기
양품,1호기,1호기,1호기
양품,1호기,1호기,1호기
양품,1호기,1호기,1호기
양품,1호기,1호기,1호기
양품,1호기,1호기,1호기
양품,1호기,1호기,1호기
양품,1호기,1호기,1호기
명점,1호기,1호기,1호기
양품,1호기,1호기,1호기
양품,1호기,1호기,1호기
양품,1호기,1호기,1호기
양품,1호기,1호기,1호기
양품,1호기,1호기,1호기
양품,1호기,1호기,1호기
양품,1호기,1호기,1호기
명점,1호기,1호기,1호기
양품,1호기,1호기,1호기
양품,1호기,1호기,1호기
양품,1호기,1호기,1호기
양품,1호기,1호기,1호기
양품,2호기,1호기,1호기
양품,2호기,1호기,1호기
양품,2호기,1호기,1호기
양품,2호기,1호기,1호기
양품,2호기,1호기,1호기
양품,2호기,1호기,1호기
양품,2호기,1호기,1호기
양품,2호기,1호기,1호기
양품,2호기,1호기,1호기
양품,2호기,1호기,1호기
명점,2호기,1호기,1호기
양품,2호기,1호기,1호기
명점,2호기,1호기,1호기
양품,2호기,1호기,1호기
양품,2호기,1호기,1호기
양품,2호기,1호기,1호기
양품,2호기,1호기,1호기
양품,2호기,1호기,1호기
양품,2호기,1호기,1호기
양품,2호기,1호기,1호기
명점,1호기,1호기,3호기
양품,1호기,1호기,3호기
양품,1호기,1호기,3호기
양품,1호기,1호기,3호기
양품,1호기,1호기,3호기
양품,1호기,1호기,3호기
양품,1호기,1호기,3호기
양품,1호기,1호기,3호기
양품,1호기,1호기,3호기
양품,1호기,1호기,3호기
양품,1호기,1호기,3호기
양품,1호기,1호기,3호기
양품,1호기,1호기,3호기
양품,1호기,1호기,3호기
양품,1호기,1호기,3호기
양품,1호기,1호기,3호기
양품,1호기,1호기,3호기
양품,1호기,1호기,3호기
양품,1호기,1호기,3호기
양품,1호기,1호기,3호기
양품,1호기,2호기,1호기
양품,1호기,2호기,1호기
명점,1호기,2호기,1호기
양품,1호기,2호기,1호기
양품,1호기,2호기,1호기
양품,1호기,2호기,1호기
양품,1호기,2호기,1호기
양품,1호기,2호기,1호기
명점,1호기,2호기,1호기
양품,1호기,2호기,1호기
양품,1호기,2호기,1호기
양품,1호기,2호기,1호기
양품,1호기,2호기,1호기
양품,1호기,2호기,1호기
양품,1호기,2호기,1호기
양품,1호기,2호기,1호기
양품,1호기,2호기,1호기
양품,1호기,2호기,1호기
양품,1호기,2호기,1호기
양품,1호기,2호기,1호기
양품,1호기,1호기,2호기
양품,1호기,1호기,2호기
양품,1호기,1호기,2호기
양품,1호기,1호기,2호기
명점,1호기,1호기,2호기
양품,1호기,1호기,2호기
양품,1호기,1호기,2호기
양품,1호기,1호기,2호기
양품,1호기,1호기,2호기
양품,1호기,1호기,2호기
양품,1호기,1호기,2호기
양품,1호기,1호기,2호기
양품,1호기,1호기,2호기
양품,1호기,1호기,2호기
양품,1호기,1호기,2호기
양품,1호기,1호기,2호기
양품,1호기,1호기,2호기
양품,1호기,1호기,2호기
양품,1호기,1호기,2호기
양품,1호기,1호기,2호기
양품,2호기,2호기,3호기
양품,2호기,2호기,3호기
양품,2호기,2호기,3호기
명점,2호기,2호기,3호기
명점,2호기,2호기,3호기
양품,2호기,2호기,3호기
양품,2호기,2호기,3호기
양품,2호기,2호기,3호기
명점,2호기,2호기,3호기
양품,2호기,2호기,3호기
양품,2호기,2호기,3호기
양품,2호기,2호기,3호기
양품,2호기,2호기,3호기
양품,2호기,2호기,3호기
양품,2호기,2호기,3호기
양품,2호기,2호기,3호기
양품,2호기,2호기,3호기
양품,2호기,2호기,3호기
양품,2호기,2호기,3호기
양품,2호기,2호기,3호기
양품,1호기,2호기,3호기
양품,1호기,2호기,3호기
양품,1호기,2호기,3호기
양품,1호기,2호기,3호기
양품,1호기,2호기,3호기
양품,1호기,2호기,3호기
양품,1호기,2호기,3호기
양품,1호기,2호기,3호기
명점,1호기,2호기,3호기
양품,1호기,2호기,3호기
양품,1호기,2호기,3호기
양품,1호기,2호기,3호기
양품,1호기,2호기,3호기
양품,1호기,2호기,3호기
양품,1호기,2호기,3호기
양품,1호기,2호기,3호기
양품,1호기,2호기,3호기
양품,1호기,2호기,3호기
양품,1호기,2호기,3호기
양품,1호기,2호기,3호기
양품,1호기,1호기,3호기
양품,1호기,1호기,3호기
양품,1호기,1호기,3호기
양품,1호기,1호기,3호기
양품,1호기,1호기,3호기
양품,1호기,1호기,3호기
양품,1호기,1호기,3호기
양품,1호기,1호기,3호기
명점,1호기,1호기,3호기
양품,1호기,1호기,3호기
양품,1호기,1호기,3호기
명점,1호기,1호기,3호기
양품,1호기,1호기,3호기
양품,1호기,1호기,3호기
양품,1호기,1호기,3호기
양품,1호기,1호기,3호기
양품,1호기,1호기,3호기
양품,1호기,1호기,3호기
양품,1호기,1호기,3호기
양품,1호기,1호기,3호기
양품,2호기,2호기,1호기
양품,2호기,2호기,1호기
양품,2호기,2호기,1호기
명점,2호기,2호기,1호기
양품,2호기,2호기,1호기
양품,2호기,2호기,1호기
명점,2호기,2호기,1호기
양품,2호기,2호기,1호기
양품,2호기,2호기,1호기
양품,2호기,2호기,1호기
양품,2호기,2호기,1호기
양품,2호기,2호기,1호기
양품,2호기,2호기,1호기
양품,2호기,2호기,1호기
양품,2호기,2호기,1호기
양품,2호기,2호기,1호기
양품,2호기,2호기,1호기
양품,2호기,2호기,1호기
양품,2호기,2호기,1호기
명점,2호기,2호기,1호기
명점,2호기,1호기,2호기
양품,2호기,1호기,2호기
양품,2호기,1호기,2호기
양품,2호기,1호기,2호기
양품,2호기,1호기,2호기
명점,2호기,1호기,2호기
양품,2호기,1호기,2호기
양품,2호기,1호기,2호기
양품,2호기,1호기,2호기
양품,2호기,1호기,2호기
양품,2호기,1호기,2호기
명점,2호기,1호기,2호기
양품,2호기,1호기,2호기
양품,2호기,1호기,2호기
양품,2호기,1호기,2호기
양품,2호기,1호기,2호기
양품,2호기,1호기,2호기
명점,2호기,1호기,2호기
양품,2호기,1호기,2호기
양품,2호기,1호기,2호기
양품,1호기,2호기,2호기
양품,1호기,2호기,2호기
양품,1호기,2호기,2호기
양품,1호기,2호기,2호기
명점,1호기,2호기,2호기
양품,1호기,2호기,2호기
명점,1호기,2호기,2호기
양품,1호기,2호기,2호기
양품,1호기,2호기,2호기
양품,1호기,2호기,2호기
양품,1호기,2호기,2호기
양품,1호기,2호기,2호기
양품,1호기,2호기,2호기
양품,1호기,2호기,2호기
양품,1호기,2호기,2호기
양품,1호기,2호기,2호기
양품,1호기,2호기,2호기
양품,1호기,2호기,2호기
양품,1호기,2호기,2호기
양품,1호기,2호기,2호기
양품,1호기,2호기,3호기
양품,1호기,2호기,3호기
명점,1호기,2호기,3호기
양품,1호기,2호기,3호기
양품,1호기,2호기,3호기
양품,1호기,2호기,3호기
양품,1호기,2호기,3호기
양품,1호기,2호기,3호기
양품,1호기,2호기,3호기
명점,1호기,2호기,3호기
양품,1호기,2호기,3호기
양품,1호기,2호기,3호기
양품,1호기,2호기,3호기
양품,1호기,2호기,3호기
양품,1호기,2호기,3호기
양품,1호기,2호기,3호기
양품,1호기,2호기,3호기
명점,1호기,2호기,3호기
양품,1호기,2호기,3호기
양품,1호기,2호기,3호기
양품,1호기,1호기,2호기
명점,1호기,1호기,2호기
양품,1호기,1호기,2호기
양품,1호기,1호기,2호기
양품,1호기,1호기,2호기
양품,1호기,1호기,2호기
양품,1호기,1호기,2호기
양품,1호기,1호기,2호기
양품,1호기,1호기,2호기
양품,1호기,1호기,2호기
명점,1호기,1호기,2호기
양품,1호기,1호기,2호기
양품,1호기,1호기,2호기
양품,1호기,1호기,2호기
명점,1호기,1호기,2호기
양품,1호기,1호기,2호기
양품,1호기,1호기,2호기
양품,1호기,1호기,2호기
양품,1호기,1호기,2호기
명점,1호기,1호기,2호기
양품,1호기,2호기,3호기
양품,1호기,2호기,3호기
양품,1호기,2호기,3호기
양품,1호기,2호기,3호기
양품,1호기,2호기,3호기
양품,1호기,2호기,3호기
양품,1호기,2호기,3호기
양품,1호기,2호기,3호기
양품,1호기,2호기,3호기
양품,1호기,2호기,3호기
양품,1호기,2호기,3호기
양품,1호기,2호기,3호기
명점,1호기,2호기,3호기
양품,1호기,2호기,3호기
양품,1호기,2호기,3호기
양품,1호기,2호기,3호기
양품,1호기,2호기,3호기
명점,1호기,2호기,3호기
양품,1호기,2호기,3호기
양품,1호기,2호기,3호기
명점,2호기,2호기,1호기
양품,2호기,2호기,1호기
명점,2호기,2호기,1호기
양품,2호기,2호기,1호기
양품,2호기,2호기,1호기
명점,2호기,2호기,1호기
양품,2호기,2호기,1호기
양품,2호기,2호기,1호기
양품,2호기,2호기,1호기
양품,2호기,2호기,1호기
명점,2호기,2호기,1호기
양품,2호기,2호기,1호기
양품,2호기,2호기,1호기
양품,2호기,2호기,1호기
양품,2호기,2호기,1호기
양품,2호기,2호기,1호기
양품,2호기,2호기,1호기
양품,2호기,2호기,1호기
양품,2호기,2호기,1호기
양품,2호기,2호기,1호기
양품,1호기,1호기,3호기
양품,1호기,1호기,3호기
양품,1호기,1호기,3호기
양품,1호기,1호기,3호기
양품,1호기,1호기,3호기
양품,1호기,1호기,3호기
양품,1호기,1호기,3호기
양품,1호기,1호기,3호기
양품,1호기,1호기,3호기
양품,1호기,1호기,3호기
명점,1호기,1호기,3호기
양품,1호기,1호기,3호기
양품,1호기,1호기,3호기
양품,1호기,1호기,3호기
명점,1호기,1호기,3호기
양품,1호기,1호기,3호기
양품,1호기,1호기,3호기
양품,1호기,1호기,3호기
양품,1호기,1호기,3호기
양품,1호기,1호기,3호기
양품,2호기,2호기,2호기
양품,2호기,2호기,2호기
양품,2호기,2호기,2호기
양품,2호기,2호기,2호기
양품,2호기,2호기,2호기
양품,2호기,2호기,2호기
양품,2호기,2호기,2호기
양품,2호기,2호기,2호기
양품,2호기,2호기,2호기
양품,2호기,2호기,2호기
양품,2호기,2호기,2호기
명점,2호기,2호기,2호기
양품,2호기,2호기,2호기
양품,2호기,2호기,2호기
양품,2호기,2호기,2호기
양품,2호기,2호기,2호기
양품,2호기,2호기,2호기
양품,2호기,2호기,2호기
양품,2호기,2호기,2호기
양품,2호기,2호기,2호기
양품,2호기,1호기,2호기
명점,2호기,1호기,2호기
양품,2호기,1호기,2호기
양품,2호기,1호기,2호기
양품,2호기,1호기,2호기
양품,2호기,1호기,2호기
명점,2호기,1호기,2호기
양품,2호기,1호기,2호기
양품,2호기,1호기,2호기
양품,2호기,1호기,2호기
양품,2호기,1호기,2호기
양품,2호기,1호기,2호기
양품,2호기,1호기,2호기
양품,2호기,1호기,2호기
양품,2호기,1호기,2호기
양품,2호기,1호기,2호기
명점,2호기,1호기,2호기
양품,2호기,1호기,2호기
양품,2호기,1호기,2호기
양품,2호기,1호기,2호기
양품,1호기,1호기,2호기
양품,1호기,1호기,2호기
양품,1호기,1호기,2호기
양품,1호기,1호기,2호기
양품,1호기,1호기,2호기
양품,1호기,1호기,2호기
양품,1호기,1호기,2호기
명점,1호기,1호기,2호기
양품,1호기,1호기,2호기
양품,1호기,1호기,2호기
양품,1호기,1호기,2호기
양품,1호기,1호기,2호기
양품,1호기,1호기,2호기
양품,1호기,1호기,2호기
양품,1호기,1호기,2호기
양품,1호기,1호기,2호기
양품,1호기,1호기,2호기
양품,1호기,1호기,2호기
양품,1호기,1호기,2호기
양품,1호기,1호기,2호기
양품,2호기,2호기,1호기
양품,2호기,2호기,1호기
양품,2호기,2호기,1호기
양품,2호기,2호기,1호기
양품,2호기,2호기,1호기
명점,2호기,2호기,1호기
양품,2호기,2호기,1호기
양품,2호기,2호기,1호기
양품,2호기,2호기,1호기
양품,2호기,2호기,1호기
양품,2호기,2호기,1호기
양품,2호기,2호기,1호기
양품,2호기,2호기,1호기
양품,2호기,2호기,1호기
양품,2호기,2호기,1호기
양품,2호기,2호기,1호기
양품,2호기,2호기,1호기
양품,2호기,2호기,1호기
양품,2호기,2호기,1호기
명점,2호기,2호기,1호기
양품,1호기,2호기,1호기
양품,1호기,2호기,1호기
양품,1호기,2호기,1호기
양품,1호기,2호기,1호기
양품,1호기,2호기,1호기
양품,1호기,2호기,1호기
명점,1호기,2호기,1호기
양품,1호기,2호기,1호기
양품,1호기,2호기,1호기
양품,1호기,2호기,1호기
양품,1호기,2호기,1호기
양품,1호기,2호기,1호기
양품,1호기,2호기,1호기
양품,1호기,2호기,1호기
명점,1호기,2호기,1호기
양품,1호기,2호기,1호기
양품,1호기,2호기,1호기
양품,1호기,2호기,1호기
명점,1호기,2호기,1호기
양품,1호기,2호기,1호기
양품,2호기,1호기,3호기
양품,2호기,1호기,3호기
명점,2호기,1호기,3호기
양품,2호기,1호기,3호기
양품,2호기,1호기,3호기
양품,2호기,1호기,3호기
양품,2호기,1호기,3호기
양품,2호기,1호기,3호기
양품,2호기,1호기,3호기
양품,2호기,1호기,3호기
명점,2호기,1호기,3호기
양품,2호기,1호기,3호기
양품,2호기,1호기,3호기
양품,2호기,1호기,3호기
양품,2호기,1호기,3호기
양품,2호기,1호기,3호기
양품,2호기,1호기,3호기
양품,2호기,1호기,3호기
양품,2호기,1호기,3호기
양품,2호기,1호기,3호기
명점,2호기,2호기,3호기
양품,2호기,2호기,3호기
양품,2호기,2호기,3호기
양품,2호기,2호기,3호기
양품,2호기,2호기,3호기
양품,2호기,2호기,3호기
양품,2호기,2호기,3호기
양품,2호기,2호기,3호기
양품,2호기,2호기,3호기
양품,2호기,2호기,3호기
명점,2호기,2호기,3호기
명점,2호기,2호기,3호기
양품,2호기,2호기,3호기
양품,2호기,2호기,3호기
양품,2호기,2호기,3호기
양품,2호기,2호기,3호기
양품,2호기,2호기,3호기
양품,2호기,2호기,3호기
양품,2호기,2호기,3호기
양품,2호기,2호기,3호기
명점,2호기,1호기,1호기
양품,2호기,1호기,1호기
양품,2호기,1호기,1호기
양품,2호기,1호기,1호기
양품,2호기,1호기,1호기
양품,2호기,1호기,1호기
양품,2호기,1호기,1호기
양품,2호기,1호기,1호기
양품,2호기,1호기,1호기
양품,2호기,1호기,1호기
양품,2호기,1호기,1호기
양품,2호기,1호기,1호기
명점,2호기,1호기,1호기
양품,2호기,1호기,1호기
양품,2호기,1호기,1호기
양품,2호기,1호기,1호기
양품,2호기,1호기,1호기
양품,2호기,1호기,1호기
양품,2호기,1호기,1호기
양품,2호기,1호기,1호기
양품,1호기,2호기,1호기
양품,1호기,2호기,1호기
양품,1호기,2호기,1호기
양품,1호기,2호기,1호기
양품,1호기,2호기,1호기
양품,1호기,2호기,1호기
양품,1호기,2호기,1호기
양품,1호기,2호기,1호기
명점,1호기,2호기,1호기
양품,1호기,2호기,1호기
양품,1호기,2호기,1호기
양품,1호기,2호기,1호기
양품,1호기,2호기,1호기
양품,1호기,2호기,1호기
양품,1호기,2호기,1호기
양품,1호기,2호기,1호기
양품,1호기,2호기,1호기
양품,1호기,2호기,1호기
양품,1호기,2호기,1호기
양품,1호기,2호기,1호기
양품,2호기,1호기,3호기
양품,2호기,1호기,3호기
양품,2호기,1호기,3호기
양품,2호기,1호기,3호기
양품,2호기,1호기,3호기
양품,2호기,1호기,3호기
양품,2호기,1호기,3호기
양품,2호기,1호기,3호기
양품,2호기,1호기,3호기
양품,2호기,1호기,3호기
명점,2호기,1호기,3호기
명점,2호기,1호기,3호기
양품,2호기,1호기,3호기
명점,2호기,1호기,3호기
양품,2호기,1호기,3호기
양품,2호기,1호기,3호기
양품,2호기,1호기,3호기
양품,2호기,1호기,3호기
명점,2호기,1호기,3호기
양품,2호기,1호기,3호기
명점,1호기,1호기,2호기
양품,1호기,1호기,2호기
양품,1호기,1호기,2호기
양품,1호기,1호기,2호기
양품,1호기,1호기,2호기
양품,1호기,1호기,2호기
양품,1호기,1호기,2호기
양품,1호기,1호기,2호기
양품,1호기,1호기,2호기
양품,1호기,1호기,2호기
양품,1호기,1호기,2호기
양품,1호기,1호기,2호기
명점,1호기,1호기,2호기
양품,1호기,1호기,2호기
양품,1호기,1호기,2호기
양품,1호기,1호기,2호기
양품,1호기,1호기,2호기
양품,1호기,1호기,2호기
명점,1호기,1호기,2호기
양품,1호기,1호기,2호기
양품,1호기,1호기,3호기
명점,1호기,1호기,3호기
양품,1호기,1호기,3호기
양품,1호기,1호기,3호기
양품,1호기,1호기,3호기
양품,1호기,1호기,3호기
양품,1호기,1호기,3호기
양품,1호기,1호기,3호기
양품,1호기,1호기,3호기
양품,1호기,1호기,3호기
양품,1호기,1호기,3호기
양품,1호기,1호기,3호기
양품,1호기,1호기,3호기
양품,1호기,1호기,3호기
양품,1호기,1호기,3호기
양품,1호기,1호기,3호기
양품,1호기,1호기,3호기
양품,1호기,1호기,3호기
양품,1호기,1호기,3호기
양품,1호기,1호기,3호기
양품,1호기,1호기,2호기
명점,1호기,1호기,2호기
양품,1호기,1호기,2호기
양품,1호기,1호기,2호기
양품,1호기,1호기,2호기
양품,1호기,1호기,2호기
명점,1호기,1호기,2호기
양품,1호기,1호기,2호기
양품,1호기,1호기,2호기
양품,1호기,1호기,2호기
양품,1호기,1호기,2호기
명점,1호기,1호기,2호기
명점,1호기,1호기,2호기
양품,1호기,1호기,2호기
양품,1호기,1호기,2호기
양품,1호기,1호기,2호기
양품,1호기,1호기,2호기
양품,1호기,1호기,2호기
양품,1호기,1호기,2호기
양품,1호기,1호기,2호기
양품,2호기,1호기,2호기
양품,2호기,1호기,2호기
양품,2호기,1호기,2호기
양품,2호기,1호기,2호기
양품,2호기,1호기,2호기
양품,2호기,1호기,2호기
양품,2호기,1호기,2호기
양품,2호기,1호기,2호기
양품,2호기,1호기,2호기
양품,2호기,1호기,2호기
양품,2호기,1호기,2호기
양품,2호기,1호기,2호기
양품,2호기,1호기,2호기
양품,2호기,1호기,2호기
양품,2호기,1호기,2호기
양품,2호기,1호기,2호기
양품,2호기,1호기,2호기
명점,2호기,1호기,2호기
양품,2호기,1호기,2호기
양품,2호기,1호기,2호기
양품,1호기,1호기,2호기
양품,1호기,1호기,2호기
양품,1호기,1호기,2호기
양품,1호기,1호기,2호기
양품,1호기,1호기,2호기
양품,1호기,1호기,2호기
양품,1호기,1호기,2호기
양품,1호기,1호기,2호기
양품,1호기,1호기,2호기
양품,1호기,1호기,2호기
양품,1호기,1호기,2호기
양품,1호기,1호기,2호기
양품,1호기,1호기,2호기
양품,1호기,1호기,2호기
명점,1호기,1호기,2호기
양품,1호기,1호기,2호기
양품,1호기,1호기,2호기
양품,1호기,1호기,2호기
양품,1호기,1호기,2호기
명점,1호기,1호기,2호기
양품,2호기,1호기,2호기
양품,2호기,1호기,2호기
양품,2호기,1호기,2호기
양품,2호기,1호기,2호기
양품,2호기,1호기,2호기
양품,2호기,1호기,2호기
양품,2호기,1호기,2호기
양품,2호기,1호기,2호기
양품,2호기,1호기,2호기
양품,2호기,1호기,2호기
양품,2호기,1호기,2호기
양품,2호기,1호기,2호기
양품,2호기,1호기,2호기
양품,2호기,1호기,2호기
양품,2호기,1호기,2호기
양품,2호기,1호기,2호기
명점,2호기,1호기,2호기
양품,2호기,1호기,2호기
양품,2호기,1호기,2호기
양품,2호기,1호기,2호기
양품,2호기,2호기,3호기
양품,2호기,2호기,3호기
양품,2호기,2호기,3호기
양품,2호기,2호기,3호기
양품,2호기,2호기,3호기
양품,2호기,2호기,3호기
양품,2호기,2호기,3호기
명점,2호기,2호기,3호기
양품,2호기,2호기,3호기
명점,2호기,2호기,3호기
명점,2호기,2호기,3호기
양품,2호기,2호기,3호기
양품,2호기,2호기,3호기
양품,2호기,2호기,3호기
명점,2호기,2호기,3호기
양품,2호기,2호기,3호기
양품,2호기,2호기,3호기
양품,2호기,2호기,3호기
양품,2호기,2호기,3호기
양품,2호기,2호기,3호기
양품,1호기,1호기,1호기
양품,1호기,1호기,1호기
양품,1호기,1호기,1호기
양품,1호기,1호기,1호기
양품,1호기,1호기,1호기
양품,1호기,1호기,1호기
양품,1호기,1호기,1호기
명점,1호기,1호기,1호기
양품,1호기,1호기,1호기
양품,1호기,1호기,1호기
양품,1호기,1호기,1호기
양품,1호기,1호기,1호기
양품,1호기,1호기,1호기
명점,1호기,1호기,1호기
양품,1호기,1호기,1호기
명점,1호기,1호기,1호기
양품,1호기,1호기,1호기
양품,1호기,1호기,1호기
양품,1호기,1호기,1호기
양품,1호기,1호기,1호기
양품,1호기,1호기,3호기
양품,1호기,1호기,3호기
양품,1호기,1호기,3호기
양품,1호기,1호기,3호기
양품,1호기,1호기,3호기
양품,1호기,1호기,3호기
양품,1호기,1호기,3호기
양품,1호기,1호기,3호기
양품,1호기,1호기,3호기
양품,1호기,1호기,3호기
양품,1호기,1호기,3호기
양품,1호기,1호기,3호기
명점,1호기,1호기,3호기
양품,1호기,1호기,3호기
양품,1호기,1호기,3호기
양품,1호기,1호기,3호기
양품,1호기,1호기,3호기
양품,1호기,1호기,3호기
양품,1호기,1호기,3호기
양품,1호기,1호기,3호기
양품,2호기,2호기,3호기
양품,2호기,2호기,3호기
양품,2호기,2호기,3호기
양품,2호기,2호기,3호기
양품,2호기,2호기,3호기
양품,2호기,2호기,3호기
양품,2호기,2호기,3호기
명점,2호기,2호기,3호기
양품,2호기,2호기,3호기
양품,2호기,2호기,3호기
양품,2호기,2호기,3호기
양품,2호기,2호기,3호기
양품,2호기,2호기,3호기
양품,2호기,2호기,3호기
명점,2호기,2호기,3호기
양품,2호기,2호기,3호기
양품,2호기,2호기,3호기
양품,2호기,2호기,3호기
양품,2호기,2호기,3호기
명점,2호기,2호기,3호기
양품,1호기,1호기,1호기
양품,1호기,1호기,1호기
양품,1호기,1호기,1호기
양품,1호기,1호기,1호기
양품,1호기,1호기,1호기
양품,1호기,1호기,1호기
양품,1호기,1호기,1호기
양품,1호기,1호기,1호기
양품,1호기,1호기,1호기
양품,1호기,1호기,1호기
양품,1호기,1호기,1호기
양품,1호기,1호기,1호기
양품,1호기,1호기,1호기
양품,1호기,1호기,1호기
양품,1호기,1호기,1호기
양품,1호기,1호기,1호기
양품,1호기,1호기,1호기
양품,1호기,1호기,1호기
양품,1호기,1호기,1호기
양품,1호기,1호기,1호기
양품,2호기,2호기,3호기
명점,2호기,2호기,3호기
양품,2호기,2호기,3호기
양품,2호기,2호기,3호기
양품,2호기,2호기,3호기
양품,2호기,2호기,3호기
양품,2호기,2호기,3호기
명점,2호기,2호기,3호기
양품,2호기,2호기,3호기
양품,2호기,2호기,3호기
양품,2호기,2호기,3호기
양품,2호기,2호기,3호기
명점,2호기,2호기,3호기
양품,2호기,2호기,3호기
양품,2호기,2호기,3호기
양품,2호기,2호기,3호기
양품,2호기,2호기,3호기
양품,2호기,2호기,3호기
양품,2호기,2호기,3호기
명점,2호기,2호기,3호기
양품,2호기,1호기,3호기
양품,2호기,1호기,3호기
양품,2호기,1호기,3호기
양품,2호기,1호기,3호기
양품,2호기,1호기,3호기
양품,2호기,1호기,3호기
양품,2호기,1호기,3호기
명점,2호기,1호기,3호기
양품,2호기,1호기,3호기
양품,2호기,1호기,3호기
양품,2호기,1호기,3호기
양품,2호기,1호기,3호기
양품,2호기,1호기,3호기
명점,2호기,1호기,3호기
양품,2호기,1호기,3호기
양품,2호기,1호기,3호기
양품,2호기,1호기,3호기
양품,2호기,1호기,3호기
양품,2호기,1호기,3호기
양품,2호기,1호기,3호기
양품,1호기,2호기,2호기
양품,1호기,2호기,2호기
양품,1호기,2호기,2호기
양품,1호기,2호기,2호기
양품,1호기,2호기,2호기
명점,1호기,2호기,2호기
양품,1호기,2호기,2호기
양품,1호기,2호기,2호기
양품,1호기,2호기,2호기
양품,1호기,2호기,2호기
양품,1호기,2호기,2호기
양품,1호기,2호기,2호기
양품,1호기,2호기,2호기
명점,1호기,2호기,2호기
양품,1호기,2호기,2호기
양품,1호기,2호기,2호기
양품,1호기,2호기,2호기
양품,1호기,2호기,2호기
양품,1호기,2호기,2호기
양품,1호기,2호기,2호기
양품,2호기,2호기,3호기
양품,2호기,2호기,3호기
양품,2호기,2호기,3호기
명점,2호기,2호기,3호기
양품,2호기,2호기,3호기
양품,2호기,2호기,3호기
양품,2호기,2호기,3호기
양품,2호기,2호기,3호기
양품,2호기,2호기,3호기
양품,2호기,2호기,3호기
양품,2호기,2호기,3호기
양품,2호기,2호기,3호기
양품,2호기,2호기,3호기
양품,2호기,2호기,3호기
양품,2호기,2호기,3호기
양품,2호기,2호기,3호기
양품,2호기,2호기,3호기
명점,2호기,2호기,3호기
양품,2호기,2호기,3호기
양품,2호기,2호기,3호기
양품,2호기,1호기,1호기
양품,2호기,1호기,1호기
양품,2호기,1호기,1호기
명점,2호기,1호기,1호기
양품,2호기,1호기,1호기
양품,2호기,1호기,1호기
양품,2호기,1호기,1호기
명점,2호기,1호기,1호기
양품,2호기,1호기,1호기
양품,2호기,1호기,1호기
양품,2호기,1호기,1호기
양품,2호기,1호기,1호기
양품,2호기,1호기,1호기
명점,2호기,1호기,1호기
양품,2호기,1호기,1호기
양품,2호기,1호기,1호기
양품,2호기,1호기,1호기
양품,2호기,1호기,1호기
양품,2호기,1호기,1호기
양품,2호기,1호기,1호기
양품,1호기,2호기,2호기
양품,1호기,2호기,2호기
명점,1호기,2호기,2호기
양품,1호기,2호기,2호기
양품,1호기,2호기,2호기
양품,1호기,2호기,2호기
양품,1호기,2호기,2호기
양품,1호기,2호기,2호기
명점,1호기,2호기,2호기
양품,1호기,2호기,2호기
양품,1호기,2호기,2호기
양품,1호기,2호기,2호기
양품,1호기,2호기,2호기
양품,1호기,2호기,2호기
양품,1호기,2호기,2호기
양품,1호기,2호기,2호기
명점,1호기,2호기,2호기
양품,1호기,2호기,2호기
양품,1호기,2호기,2호기
양품,1호기,2호기,2호기
양품,1호기,1호기,2호기
명점,1호기,1호기,2호기
양품,1호기,1호기,2호기
양품,1호기,1호기,2호기
양품,1호기,1호기,2호기
명점,1호기,1호기,2호기
명점,1호기,1호기,2호기
양품,1호기,1호기,2호기
양품,1호기,1호기,2호기
양품,1호기,1호기,2호기
명점,1호기,1호기,2호기
양품,1호기,1호기,2호기
양품,1호기,1호기,2호기
양품,1호기,1호기,2호기
양품,1호기,1호기,2호기
양품,1호기,1호기,2호기
양품,1호기,1호기,2호기
양품,1호기,1호기,2호기
양품,1호기,1호기,2호기
양품,1호기,1호기,2호기
양품,2호기,1호기,3호기
명점,2호기,1호기,3호기
양품,2호기,1호기,3호기
양품,2호기,1호기,3호기
양품,2호기,1호기,3호기
양품,2호기,1호기,3호기
명점,2호기,1호기,3호기
양품,2호기,1호기,3호기
명점,2호기,1호기,3호기
양품,2호기,1호기,3호기
양품,2호기,1호기,3호기
양품,2호기,1호기,3호기
양품,2호기,1호기,3호기
양품,2호기,1호기,3호기
양품,2호기,1호기,3호기
양품,2호기,1호기,3호기
양품,2호기,1호기,3호기
양품,2호기,1호기,3호기
양품,2호기,1호기,3호기
양품,2호기,1호기,3호기
양품,2호기,2호기,1호기
양품,2호기,2호기,1호기
양품,2호기,2호기,1호기
양품,2호기,2호기,1호기
양품,2호기,2호기,1호기
명점,2호기,2호기,1호기
양품,2호기,2호기,1호기
양품,2호기,2호기,1호기
양품,2호기,2호기,1호기
양품,2호기,2호기,1호기
양품,2호기,2호기,1호기
명점,2호기,2호기,1호기
양품,2호기,2호기,1호기
양품,2호기,2호기,1호기
양품,2호기,2호기,1호기
양품,2호기,2호기,1호기
명점,2호기,2호기,1호기
양품,2호기,2호기,1호기
양품,2호기,2호기,1호기
양품,2호기,2호기,1호기
양품,1호기,2호기,3호기
양품,1호기,2호기,3호기
명점,1호기,2호기,3호기
양품,1호기,2호기,3호기
양품,1호기,2호기,3호기
양품,1호기,2호기,3호기
양품,1호기,2호기,3호기
양품,1호기,2호기,3호기
양품,1호기,2호기,3호기
양품,1호기,2호기,3호기
양품,1호기,2호기,3호기
양품,1호기,2호기,3호기
양품,1호기,2호기,3호기
명점,1호기,2호기,3호기
양품,1호기,2호기,3호기
양품,1호기,2호기,3호기
양품,1호기,2호기,3호기
양품,1호기,2호기,3호기
양품,1호기,2호기,3호기
양품,1호기,2호기,3호기
양품,2호기,1호기,2호기
양품,2호기,1호기,2호기
양품,2호기,1호기,2호기
양품,2호기,1호기,2호기
양품,2호기,1호기,2호기
양품,2호기,1호기,2호기
양품,2호기,1호기,2호기
명점,2호기,1호기,2호기
양품,2호기,1호기,2호기
양품,2호기,1호기,2호기
양품,2호기,1호기,2호기
양품,2호기,1호기,2호기
명점,2호기,1호기,2호기
양품,2호기,1호기,2호기
양품,2호기,1호기,2호기
양품,2호기,1호기,2호기
양품,2호기,1호기,2호기
양품,2호기,1호기,2호기
양품,2호기,1호기,2호기
양품,2호기,1호기,2호기
양품,1호기,2호기,2호기
양품,1호기,2호기,2호기
양품,1호기,2호기,2호기
양품,1호기,2호기,2호기
양품,1호기,2호기,2호기
양품,1호기,2호기,2호기
명점,1호기,2호기,2호기
양품,1호기,2호기,2호기
양품,1호기,2호기,2호기
양품,1호기,2호기,2호기
명점,1호기,2호기,2호기
양품,1호기,2호기,2호기
명점,1호기,2호기,2호기
양품,1호기,2호기,2호기
양품,1호기,2호기,2호기
양품,1호기,2호기,2호기
양품,1호기,2호기,2호기
양품,1호기,2호기,2호기
양품,1호기,2호기,2호기
명점,1호기,2호기,2호기
양품,1호기,2호기,3호기
양품,1호기,2호기,3호기
양품,1호기,2호기,3호기
양품,1호기,2호기,3호기
양품,1호기,2호기,3호기
양품,1호기,2호기,3호기
명점,1호기,2호기,3호기
양품,1호기,2호기,3호기
양품,1호기,2호기,3호기
양품,1호기,2호기,3호기
양품,1호기,2호기,3호기
양품,1호기,2호기,3호기
양품,1호기,2호기,3호기
양품,1호기,2호기,3호기
양품,1호기,2호기,3호기
양품,1호기,2호기,3호기
양품,1호기,2호기,3호기
양품,1호기,2호기,3호기
양품,1호기,2호기,3호기
양품,1호기,2호기,3호기
양품,2호기,2호기,2호기
양품,2호기,2호기,2호기
명점,2호기,2호기,2호기
양품,2호기,2호기,2호기
양품,2호기,2호기,2호기
양품,2호기,2호기,2호기
명점,2호기,2호기,2호기
양품,2호기,2호기,2호기
양품,2호기,2호기,2호기
명점,2호기,2호기,2호기
양품,2호기,2호기,2호기
명점,2호기,2호기,2호기
양품,2호기,2호기,2호기
양품,2호기,2호기,2호기
명점,2호기,2호기,2호기
양품,2호기,2호기,2호기
양품,2호기,2호기,2호기
양품,2호기,2호기,2호기
양품,2호기,2호기,2호기
양품,2호기,2호기,2호기
양품,1호기,1호기,1호기
명점,1호기,1호기,1호기
양품,1호기,1호기,1호기
양품,1호기,1호기,1호기
명점,1호기,1호기,1호기
양품,1호기,1호기,1호기
양품,1호기,1호기,1호기
양품,1호기,1호기,1호기
양품,1호기,1호기,1호기
양품,1호기,1호기,1호기
양품,1호기,1호기,1호기
양품,1호기,1호기,1호기
양품,1호기,1호기,1호기
양품,1호기,1호기,1호기
양품,1호기,1호기,1호기
명점,1호기,1호기,1호기
양품,1호기,1호기,1호기
양품,1호기,1호기,1호기
양품,1호기,1호기,1호기
양품,1호기,1호기,1호기
명점,2호기,1호기,3호기
양품,2호기,1호기,3호기
양품,2호기,1호기,3호기
양품,2호기,1호기,3호기
양품,2호기,1호기,3호기
양품,2호기,1호기,3호기
양품,2호기,1호기,3호기
명점,2호기,1호기,3호기
양품,2호기,1호기,3호기
양품,2호기,1호기,3호기
양품,2호기,1호기,3호기
양품,2호기,1호기,3호기
양품,2호기,1호기,3호기
양품,2호기,1호기,3호기
양품,2호기,1호기,3호기
양품,2호기,1호기,3호기
양품,2호기,1호기,3호기
양품,2호기,1호기,3호기
양품,2호기,1호기,3호기
양품,2호기,1호기,3호기
양품,1호기,2호기,2호기
양품,1호기,2호기,2호기
양품,1호기,2호기,2호기
양품,1호기,2호기,2호기
명점,1호기,2호기,2호기
양품,1호기,2호기,2호기
양품,1호기,2호기,2호기
명점,1호기,2호기,2호기
양품,1호기,2호기,2호기
양품,1호기,2호기,2호기
명점,1호기,2호기,2호기
양품,1호기,2호기,2호기
양품,1호기,2호기,2호기
양품,1호기,2호기,2호기
양품,1호기,2호기,2호기
양품,1호기,2호기,2호기
명점,1호기,2호기,2호기
양품,1호기,2호기,2호기
양품,1호기,2호기,2호기
양품,1호기,2호기,2호기
양품,1호기,1호기,2호기
양품,1호기,1호기,2호기
양품,1호기,1호기,2호기
양품,1호기,1호기,2호기
양품,1호기,1호기,2호기
양품,1호기,1호기,2호기
양품,1호기,1호기,2호기
양품,1호기,1호기,2호기
양품,1호기,1호기,2호기
양품,1호기,1호기,2호기
양품,1호기,1호기,2호기
양품,1호기,1호기,2호기
양품,1호기,1호기,2호기
양품,1호기,1호기,2호기
양품,1호기,1호기,2호기
양품,1호기,1호기,2호기
양품,1호기,1호기,2호기
양품,1호기,1호기,2호기
양품,1호기,1호기,2호기
양품,1호기,1호기,2호기
양품,2호기,2호기,2호기
양품,2호기,2호기,2호기
명점,2호기,2호기,2호기
양품,2호기,2호기,2호기
양품,2호기,2호기,2호기
명점,2호기,2호기,2호기
양품,2호기,2호기,2호기
명점,2호기,2호기,2호기
양품,2호기,2호기,2호기
양품,2호기,2호기,2호기
양품,2호기,2호기,2호기
양품,2호기,2호기,2호기
양품,2호기,2호기,2호기
양품,2호기,2호기,2호기
양품,2호기,2호기,2호기
양품,2호기,2호기,2호기
양품,2호기,2호기,2호기
양품,2호기,2호기,2호기
양품,2호기,2호기,2호기
양품,2호기,2호기,2호기
양품,1호기,1호기,3호기
양품,1호기,1호기,3호기
양품,1호기,1호기,3호기
양품,1호기,1호기,3호기
양품,1호기,1호기,3호기
명점,1호기,1호기,3호기
양품,1호기,1호기,3호기
양품,1호기,1호기,3호기
양품,1호기,1호기,3호기
양품,1호기,1호기,3호기
양품,1호기,1호기,3호기
양품,1호기,1호기,3호기
명점,1호기,1호기,3호기
양품,1호기,1호기,3호기
양품,1호기,1호기,3호기
양품,1호기,1호기,3호기
양품,1호기,1호기,3호기
양품,1호기,1호기,3호기
양품,1호기,1호기,3호기
양품,1호기,1호기,3호기
양품,2호기,2호기,1호기
양품,2호기,2호기,1호기
양품,2호기,2호기,1호기
양품,2호기,2호기,1호기
양품,2호기,2호기,1호기
양품,2호기,2호기,1호기
양품,2호기,2호기,1호기
양품,2호기,2호기,1호기
양품,2호기,2호기,1호기
명점,2호기,2호기,1호기
양품,2호기,2호기,1호기
양품,2호기,2호기,1호기
양품,2호기,2호기,1호기
양품,2호기,2호기,1호기
양품,2호기,2호기,1호기
양품,2호기,2호기,1호기
양품,2호기,2호기,1호기
양품,2호기,2호기,1호기
양품,2호기,2호기,1호기
양품,2호기,2호기,1호기
양품,2호기,1호기,3호기
양품,2호기,1호기,3호기
양품,2호기,1호기,3호기
양품,2호기,1호기,3호기
양품,2호기,1호기,3호기
양품,2호기,1호기,3호기
양품,2호기,1호기,3호기
양품,2호기,1호기,3호기
명점,2호기,1호기,3호기
양품,2호기,1호기,3호기
양품,2호기,1호기,3호기
양품,2호기,1호기,3호기
양품,2호기,1호기,3호기
양품,2호기,1호기,3호기
명점,2호기,1호기,3호기
양품,2호기,1호기,3호기
양품,2호기,1호기,3호기
양품,2호기,1호기,3호기
양품,2호기,1호기,3호기
양품,2호기,1호기,3호기
양품,2호기,2호기,1호기
명점,2호기,2호기,1호기
양품,2호기,2호기,1호기
양품,2호기,2호기,1호기
양품,2호기,2호기,1호기
양품,2호기,2호기,1호기
양품,2호기,2호기,1호기
양품,2호기,2호기,1호기
양품,2호기,2호기,1호기
양품,2호기,2호기,1호기
양품,2호기,2호기,1호기
명점,2호기,2호기,1호기
양품,2호기,2호기,1호기
양품,2호기,2호기,1호기
양품,2호기,2호기,1호기
양품,2호기,2호기,1호기
양품,2호기,2호기,1호기
양품,2호기,2호기,1호기
양품,2호기,2호기,1호기
양품,2호기,2호기,1호기
양품,1호기,2호기,1호기
명점,1호기,2호기,1호기
양품,1호기,2호기,1호기
양품,1호기,2호기,1호기
양품,1호기,2호기,1호기
명점,1호기,2호기,1호기
양품,1호기,2호기,1호기
양품,1호기,2호기,1호기
양품,1호기,2호기,1호기
명점,1호기,2호기,1호기
양품,1호기,2호기,1호기
양품,1호기,2호기,1호기
양품,1호기,2호기,1호기
양품,1호기,2호기,1호기
양품,1호기,2호기,1호기
양품,1호기,2호기,1호기
양품,1호기,2호기,1호기
양품,1호기,2호기,1호기
양품,1호기,2호기,1호기
양품,1호기,2호기,1호기
양품,2호기,2호기,1호기
양품,2호기,2호기,1호기
명점,2호기,2호기,1호기
명점,2호기,2호기,1호기
양품,2호기,2호기,1호기
양품,2호기,2호기,1호기
양품,2호기,2호기,1호기
양품,2호기,2호기,1호기
양품,2호기,2호기,1호기
양품,2호기,2호기,1호기
양품,2호기,2호기,1호기
양품,2호기,2호기,1호기
양품,2호기,2호기,1호기
양품,2호기,2호기,1호기
양품,2호기,2호기,1호기
양품,2호기,2호기,1호기
양품,2호기,2호기,1호기
양품,2호기,2호기,1호기
명점,2호기,2호기,1호기
양품,2호기,2호기,1호기
양품,2호기,1호기,2호기
양품,2호기,1호기,2호기
명점,2호기,1호기,2호기
양품,2호기,1호기,2호기
양품,2호기,1호기,2호기
양품,2호기,1호기,2호기
양품,2호기,1호기,2호기
양품,2호기,1호기,2호기
양품,2호기,1호기,2호기
양품,2호기,1호기,2호기
양품,2호기,1호기,2호기
양품,2호기,1호기,2호기
양품,2호기,1호기,2호기
양품,2호기,1호기,2호기
명점,2호기,1호기,2호기
명점,2호기,1호기,2호기
양품,2호기,1호기,2호기
양품,2호기,1호기,2호기
명점,2호기,1호기,2호기
양품,2호기,1호기,2호기
양품,2호기,1호기,1호기
양품,2호기,1호기,1호기
양품,2호기,1호기,1호기
명점,2호기,1호기,1호기
양품,2호기,1호기,1호기
양품,2호기,1호기,1호기
양품,2호기,1호기,1호기
양품,2호기,1호기,1호기
양품,2호기,1호기,1호기
명점,2호기,1호기,1호기
양품,2호기,1호기,1호기
양품,2호기,1호기,1호기
양품,2호기,1호기,1호기
양품,2호기,1호기,1호기
양품,2호기,1호기,1호기
양품,2호기,1호기,1호기
명점,2호기,1호기,1호기
양품,2호기,1호기,1호기
양품,2호기,1호기,1호기
양품,2호기,1호기,1호기
명점,1호기,1호기,2호기
양품,1호기,1호기,2호기
양품,1호기,1호기,2호기
양품,1호기,1호기,2호기
양품,1호기,1호기,2호기
양품,1호기,1호기,2호기
양품,1호기,1호기,2호기
양품,1호기,1호기,2호기
양품,1호기,1호기,2호기
명점,1호기,1호기,2호기
양품,1호기,1호기,2호기
양품,1호기,1호기,2호기
양품,1호기,1호기,2호기
양품,1호기,1호기,2호기
양품,1호기,1호기,2호기
양품,1호기,1호기,2호기
양품,1호기,1호기,2호기
양품,1호기,1호기,2호기
양품,1호기,1호기,2호기
양품,1호기,1호기,2호기
양품,2호기,2호기,2호기
양품,2호기,2호기,2호기
양품,2호기,2호기,2호기
양품,2호기,2호기,2호기
양품,2호기,2호기,2호기
양품,2호기,2호기,2호기
양품,2호기,2호기,2호기
양품,2호기,2호기,2호기
명점,2호기,2호기,2호기
양품,2호기,2호기,2호기
양품,2호기,2호기,2호기
양품,2호기,2호기,2호기
양품,2호기,2호기,2호기
양품,2호기,2호기,2호기
양품,2호기,2호기,2호기
양품,2호기,2호기,2호기
양품,2호기,2호기,2호기
양품,2호기,2호기,2호기
양품,2호기,2호기,2호기
양품,2호기,2호기,2호기
양품,1호기,2호기,3호기
양품,1호기,2호기,3호기
양품,1호기,2호기,3호기
양품,1호기,2호기,3호기
양품,1호기,2호기,3호기
양품,1호기,2호기,3호기
명점,1호기,2호기,3호기
양품,1호기,2호기,3호기
양품,1호기,2호기,3호기
양품,1호기,2호기,3호기
양품,1호기,2호기,3호기
양품,1호기,2호기,3호기
양품,1호기,2호기,3호기
양품,1호기,2호기,3호기
양품,1호기,2호기,3호기
명점,1호기,2호기,3호기
양품,1호기,2호기,3호기
양품,1호기,2호기,3호기
양품,1호기,2호기,3호기
명점,1호기,2호기,3호기
양품,2호기,2호기,2호기
양품,2호기,2호기,2호기
양품,2호기,2호기,2호기
양품,2호기,2호기,2호기
양품,2호기,2호기,2호기
양품,2호기,2호기,2호기
양품,2호기,2호기,2호기
양품,2호기,2호기,2호기
양품,2호기,2호기,2호기
양품,2호기,2호기,2호기
양품,2호기,2호기,2호기
양품,2호기,2호기,2호기
양품,2호기,2호기,2호기
양품,2호기,2호기,2호기
양품,2호기,2호기,2호기
양품,2호기,2호기,2호기
양품,2호기,2호기,2호기
명점,2호기,2호기,2호기
양품,2호기,2호기,2호기
명점,2호기,2호기,2호기
양품,2호기,1호기,2호기
명점,2호기,1호기,2호기
양품,2호기,1호기,2호기
양품,2호기,1호기,2호기
명점,2호기,1호기,2호기
양품,2호기,1호기,2호기
양품,2호기,1호기,2호기
양품,2호기,1호기,2호기
양품,2호기,1호기,2호기
명점,2호기,1호기,2호기
양품,2호기,1호기,2호기
양품,2호기,1호기,2호기
양품,2호기,1호기,2호기
양품,2호기,1호기,2호기
양품,2호기,1호기,2호기
양품,2호기,1호기,2호기
양품,2호기,1호기,2호기
양품,2호기,1호기,2호기
명점,2호기,1호기,2호기
양품,2호기,1호기,2호기
양품,2호기,1호기,3호기
양품,2호기,1호기,3호기
명점,2호기,1호기,3호기
양품,2호기,1호기,3호기
양품,2호기,1호기,3호기
양품,2호기,1호기,3호기
양품,2호기,1호기,3호기
양품,2호기,1호기,3호기
명점,2호기,1호기,3호기
양품,2호기,1호기,3호기
양품,2호기,1호기,3호기
양품,2호기,1호기,3호기
양품,2호기,1호기,3호기
양품,2호기,1호기,3호기
양품,2호기,1호기,3호기
양품,2호기,1호기,3호기
양품,2호기,1호기,3호기
양품,2호기,1호기,3호기
양품,2호기,1호기,3호기
양품,2호기,1호기,3호기
양품,2호기,1호기,1호기
양품,2호기,1호기,1호기
양품,2호기,1호기,1호기
양품,2호기,1호기,1호기
양품,2호기,1호기,1호기
양품,2호기,1호기,1호기
양품,2호기,1호기,1호기
양품,2호기,1호기,1호기
양품,2호기,1호기,1호기
양품,2호기,1호기,1호기
양품,2호기,1호기,1호기
양품,2호기,1호기,1호기
양품,2호기,1호기,1호기
명점,2호기,1호기,1호기
양품,2호기,1호기,1호기
양품,2호기,1호기,1호기
양품,2호기,1호기,1호기
명점,2호기,1호기,1호기
양품,2호기,1호기,1호기
양품,2호기,1호기,1호기
양품,2호기,2호기,1호기
양품,2호기,2호기,1호기
양품,2호기,2호기,1호기
양품,2호기,2호기,1호기
양품,2호기,2호기,1호기
양품,2호기,2호기,1호기
양품,2호기,2호기,1호기
양품,2호기,2호기,1호기
양품,2호기,2호기,1호기
양품,2호기,2호기,1호기
양품,2호기,2호기,1호기
양품,2호기,2호기,1호기
명점,2호기,2호기,1호기
양품,2호기,2호기,1호기
양품,2호기,2호기,1호기
양품,2호기,2호기,1호기
양품,2호기,2호기,1호기
양품,2호기,2호기,1호기
양품,2호기,2호기,1호기
양품,2호기,2호기,1호기
양품,1호기,1호기,3호기
양품,1호기,1호기,3호기
양품,1호기,1호기,3호기
양품,1호기,1호기,3호기
양품,1호기,1호기,3호기
양품,1호기,1호기,3호기
양품,1호기,1호기,3호기
양품,1호기,1호기,3호기
양품,1호기,1호기,3호기
양품,1호기,1호기,3호기
양품,1호기,1호기,3호기
양품,1호기,1호기,3호기
양품,1호기,1호기,3호기
양품,1호기,1호기,3호기
양품,1호기,1호기,3호기
양품,1호기,1호기,3호기
명점,1호기,1호기,3호기
양품,1호기,1호기,3호기
양품,1호기,1호기,3호기
명점,1호기,1호기,3호기
양품,1호기,1호기,3호기
양품,1호기,1호기,3호기
양품,1호기,1호기,3호기
양품,1호기,1호기,3호기
양품,1호기,1호기,3호기
명점,1호기,1호기,3호기
양품,1호기,1호기,3호기
명점,1호기,1호기,3호기
양품,1호기,1호기,3호기
양품,1호기,1호기,3호기
명점,1호기,1호기,3호기
양품,1호기,1호기,3호기
양품,1호기,1호기,3호기
명점,1호기,1호기,3호기
양품,1호기,1호기,3호기
명점,1호기,1호기,3호기
양품,1호기,1호기,3호기
양품,1호기,1호기,3호기
양품,1호기,1호기,3호기
양품,1호기,1호기,3호기
양품,1호기,2호기,3호기
양품,1호기,2호기,3호기
양품,1호기,2호기,3호기
양품,1호기,2호기,3호기
명점,1호기,2호기,3호기
양품,1호기,2호기,3호기
양품,1호기,2호기,3호기
양품,1호기,2호기,3호기
양품,1호기,2호기,3호기
양품,1호기,2호기,3호기
양품,1호기,2호기,3호기
명점,1호기,2호기,3호기
양품,1호기,2호기,3호기
양품,1호기,2호기,3호기
양품,1호기,2호기,3호기
양품,1호기,2호기,3호기
양품,1호기,2호기,3호기
양품,1호기,2호기,3호기
양품,1호기,2호기,3호기
명점,1호기,2호기,3호기
명점,1호기,2호기,2호기
양품,1호기,2호기,2호기
양품,1호기,2호기,2호기
양품,1호기,2호기,2호기
양품,1호기,2호기,2호기
양품,1호기,2호기,2호기
명점,1호기,2호기,2호기
양품,1호기,2호기,2호기
양품,1호기,2호기,2호기
양품,1호기,2호기,2호기
양품,1호기,2호기,2호기
명점,1호기,2호기,2호기
양품,1호기,2호기,2호기
양품,1호기,2호기,2호기
양품,1호기,2호기,2호기
양품,1호기,2호기,2호기
명점,1호기,2호기,2호기
양품,1호기,2호기,2호기
양품,1호기,2호기,2호기
양품,1호기,2호기,2호기
양품,2호기,1호기,1호기
양품,2호기,1호기,1호기
양품,2호기,1호기,1호기
양품,2호기,1호기,1호기
명점,2호기,1호기,1호기
양품,2호기,1호기,1호기
양품,2호기,1호기,1호기
양품,2호기,1호기,1호기
양품,2호기,1호기,1호기
양품,2호기,1호기,1호기
양품,2호기,1호기,1호기
양품,2호기,1호기,1호기
양품,2호기,1호기,1호기
양품,2호기,1호기,1호기
양품,2호기,1호기,1호기
양품,2호기,1호기,1호기
양품,2호기,1호기,1호기
양품,2호기,1호기,1호기
양품,2호기,1호기,1호기
양품,2호기,1호기,1호기
양품,2호기,1호기,1호기
양품,2호기,1호기,1호기
양품,2호기,1호기,1호기
양품,2호기,1호기,1호기
양품,2호기,1호기,1호기
양품,2호기,1호기,1호기
양품,2호기,1호기,1호기
양품,2호기,1호기,1호기
양품,2호기,1호기,1호기
양품,2호기,1호기,1호기
양품,2호기,1호기,1호기
명점,2호기,1호기,1호기
양품,2호기,1호기,1호기
양품,2호기,1호기,1호기
양품,2호기,1호기,1호기
양품,2호기,1호기,1호기
양품,2호기,1호기,1호기
양품,2호기,1호기,1호기
양품,2호기,1호기,1호기
명점,2호기,1호기,1호기
양품,1호기,1호기,3호기
양품,1호기,1호기,3호기
명점,1호기,1호기,3호기
양품,1호기,1호기,3호기
명점,1호기,1호기,3호기
양품,1호기,1호기,3호기
양품,1호기,1호기,3호기
양품,1호기,1호기,3호기
양품,1호기,1호기,3호기
양품,1호기,1호기,3호기
명점,1호기,1호기,3호기
양품,1호기,1호기,3호기
양품,1호기,1호기,3호기
양품,1호기,1호기,3호기
양품,1호기,1호기,3호기
양품,1호기,1호기,3호기
양품,1호기,1호기,3호기
명점,1호기,1호기,3호기
양품,1호기,1호기,3호기
양품,1호기,1호기,3호기
양품,1호기,1호기,1호기
양품,1호기,1호기,1호기
양품,1호기,1호기,1호기
양품,1호기,1호기,1호기
양품,1호기,1호기,1호기
양품,1호기,1호기,1호기
양품,1호기,1호기,1호기
양품,1호기,1호기,1호기
양품,1호기,1호기,1호기
양품,1호기,1호기,1호기
명점,1호기,1호기,1호기
양품,1호기,1호기,1호기
양품,1호기,1호기,1호기
양품,1호기,1호기,1호기
양품,1호기,1호기,1호기
양품,1호기,1호기,1호기
양품,1호기,1호기,1호기
양품,1호기,1호기,1호기
명점,1호기,1호기,1호기
양품,1호기,1호기,1호기
양품,2호기,2호기,2호기
양품,2호기,2호기,2호기
양품,2호기,2호기,2호기
양품,2호기,2호기,2호기
양품,2호기,2호기,2호기
양품,2호기,2호기,2호기
명점,2호기,2호기,2호기
양품,2호기,2호기,2호기
양품,2호기,2호기,2호기
양품,2호기,2호기,2호기
양품,2호기,2호기,2호기
양품,2호기,2호기,2호기
양품,2호기,2호기,2호기
양품,2호기,2호기,2호기
양품,2호기,2호기,2호기
명점,2호기,2호기,2호기
양품,2호기,2호기,2호기
양품,2호기,2호기,2호기
양품,2호기,2호기,2호기
양품,2호기,2호기,2호기
양품,1호기,1호기,3호기
양품,1호기,1호기,3호기
양품,1호기,1호기,3호기
양품,1호기,1호기,3호기
양품,1호기,1호기,3호기
양품,1호기,1호기,3호기
양품,1호기,1호기,3호기
명점,1호기,1호기,3호기
양품,1호기,1호기,3호기
양품,1호기,1호기,3호기
양품,1호기,1호기,3호기
양품,1호기,1호기,3호기
양품,1호기,1호기,3호기
양품,1호기,1호기,3호기
명점,1호기,1호기,3호기
양품,1호기,1호기,3호기
양품,1호기,1호기,3호기
양품,1호기,1호기,3호기
양품,1호기,1호기,3호기
명점,1호기,1호기,3호기
양품,2호기,2호기,1호기
양품,2호기,2호기,1호기
양품,2호기,2호기,1호기
양품,2호기,2호기,1호기
양품,2호기,2호기,1호기
양품,2호기,2호기,1호기
양품,2호기,2호기,1호기
명점,2호기,2호기,1호기
양품,2호기,2호기,1호기
양품,2호기,2호기,1호기
양품,2호기,2호기,1호기
양품,2호기,2호기,1호기
명점,2호기,2호기,1호기
양품,2호기,2호기,1호기
양품,2호기,2호기,1호기
양품,2호기,2호기,1호기
양품,2호기,2호기,1호기
명점,2호기,2호기,1호기
양품,2호기,2호기,1호기
양품,2호기,2호기,1호기
명점,1호기,1호기,1호기
양품,1호기,1호기,1호기
양품,1호기,1호기,1호기
양품,1호기,1호기,1호기
양품,1호기,1호기,1호기
양품,1호기,1호기,1호기
양품,1호기,1호기,1호기
양품,1호기,1호기,1호기
명점,1호기,1호기,1호기
양품,1호기,1호기,1호기
양품,1호기,1호기,1호기
양품,1호기,1호기,1호기
양품,1호기,1호기,1호기
양품,1호기,1호기,1호기
명점,1호기,1호기,1호기
양품,1호기,1호기,1호기
양품,1호기,1호기,1호기
양품,1호기,1호기,1호기
양품,1호기,1호기,1호기
양품,1호기,1호기,1호기
양품,2호기,2호기,1호기
양품,2호기,2호기,1호기
양품,2호기,2호기,1호기
양품,2호기,2호기,1호기
양품,2호기,2호기,1호기
명점,2호기,2호기,1호기
양품,2호기,2호기,1호기
양품,2호기,2호기,1호기
양품,2호기,2호기,1호기
양품,2호기,2호기,1호기
양품,2호기,2호기,1호기
양품,2호기,2호기,1호기
양품,2호기,2호기,1호기
양품,2호기,2호기,1호기
양품,2호기,2호기,1호기
양품,2호기,2호기,1호기
양품,2호기,2호기,1호기
양품,2호기,2호기,1호기
양품,2호기,2호기,1호기
양품,2호기,2호기,1호기
양품,1호기,1호기,2호기
양품,1호기,1호기,2호기
양품,1호기,1호기,2호기
양품,1호기,1호기,2호기
명점,1호기,1호기,2호기
양품,1호기,1호기,2호기
양품,1호기,1호기,2호기
양품,1호기,1호기,2호기
양품,1호기,1호기,2호기
양품,1호기,1호기,2호기
명점,1호기,1호기,2호기
양품,1호기,1호기,2호기
양품,1호기,1호기,2호기
양품,1호기,1호기,2호기
양품,1호기,1호기,2호기
양품,1호기,1호기,2호기
양품,1호기,1호기,2호기
양품,1호기,1호기,2호기
명점,1호기,1호기,2호기
양품,1호기,1호기,2호기
양품,2호기,1호기,2호기
양품,2호기,1호기,2호기
양품,2호기,1호기,2호기
명점,2호기,1호기,2호기
양품,2호기,1호기,2호기
양품,2호기,1호기,2호기
양품,2호기,1호기,2호기
명점,2호기,1호기,2호기
명점,2호기,1호기,2호기
양품,2호기,1호기,2호기
양품,2호기,1호기,2호기
양품,2호기,1호기,2호기
명점,2호기,1호기,2호기
양품,2호기,1호기,2호기
양품,2호기,1호기,2호기
양품,2호기,1호기,2호기
양품,2호기,1호기,2호기
양품,2호기,1호기,2호기
양품,2호기,1호기,2호기
양품,2호기,1호기,2호기
양품,2호기,1호기,1호기
양품,2호기,1호기,1호기
양품,2호기,1호기,1호기
명점,2호기,1호기,1호기
양품,2호기,1호기,1호기
양품,2호기,1호기,1호기
양품,2호기,1호기,1호기
양품,2호기,1호기,1호기
양품,2호기,1호기,1호기
양품,2호기,1호기,1호기
명점,2호기,1호기,1호기
양품,2호기,1호기,1호기
양품,2호기,1호기,1호기
양품,2호기,1호기,1호기
양품,2호기,1호기,1호기
양품,2호기,1호기,1호기
양품,2호기,1호기,1호기
양품,2호기,1호기,1호기
양품,2호기,1호기,1호기
양품,2호기,1호기,1호기
양품,1호기,1호기,3호기
양품,1호기,1호기,3호기
양품,1호기,1호기,3호기
양품,1호기,1호기,3호기
명점,1호기,1호기,3호기
양품,1호기,1호기,3호기
양품,1호기,1호기,3호기
양품,1호기,1호기,3호기
양품,1호기,1호기,3호기
양품,1호기,1호기,3호기
양품,1호기,1호기,3호기
양품,1호기,1호기,3호기
양품,1호기,1호기,3호기
명점,1호기,1호기,3호기
양품,1호기,1호기,3호기
양품,1호기,1호기,3호기
양품,1호기,1호기,3호기
양품,1호기,1호기,3호기
양품,1호기,1호기,3호기
양품,1호기,1호기,3호기
양품,1호기,1호기,1호기
양품,1호기,1호기,1호기
양품,1호기,1호기,1호기
양품,1호기,1호기,1호기
명점,1호기,1호기,1호기
양품,1호기,1호기,1호기
양품,1호기,1호기,1호기
양품,1호기,1호기,1호기
양품,1호기,1호기,1호기
양품,1호기,1호기,1호기
양품,1호기,1호기,1호기
양품,1호기,1호기,1호기
양품,1호기,1호기,1호기
양품,1호기,1호기,1호기
양품,1호기,1호기,1호기
양품,1호기,1호기,1호기
양품,1호기,1호기,1호기
양품,1호기,1호기,1호기
양품,1호기,1호기,1호기
양품,1호기,1호기,1호기
양품,1호기,2호기,3호기
양품,1호기,2호기,3호기
양품,1호기,2호기,3호기
양품,1호기,2호기,3호기
양품,1호기,2호기,3호기
양품,1호기,2호기,3호기
양품,1호기,2호기,3호기
양품,1호기,2호기,3호기
양품,1호기,2호기,3호기
양품,1호기,2호기,3호기
양품,1호기,2호기,3호기
양품,1호기,2호기,3호기
양품,1호기,2호기,3호기
양품,1호기,2호기,3호기
명점,1호기,2호기,3호기
양품,1호기,2호기,3호기
양품,1호기,2호기,3호기
양품,1호기,2호기,3호기
양품,1호기,2호기,3호기
명점,1호기,2호기,3호기
양품,1호기,2호기,3호기
양품,1호기,2호기,3호기
양품,1호기,2호기,3호기
양품,1호기,2호기,3호기
양품,1호기,2호기,3호기
명점,1호기,2호기,3호기
양품,1호기,2호기,3호기
양품,1호기,2호기,3호기
명점,1호기,2호기,3호기
양품,1호기,2호기,3호기
양품,1호기,2호기,3호기
양품,1호기,2호기,3호기
명점,1호기,2호기,3호기
양품,1호기,2호기,3호기
명점,1호기,2호기,3호기
양품,1호기,2호기,3호기
양품,1호기,2호기,3호기
양품,1호기,2호기,3호기
양품,1호기,2호기,3호기
양품,1호기,2호기,3호기
양품,2호기,2호기,3호기
명점,2호기,2호기,3호기
양품,2호기,2호기,3호기
양품,2호기,2호기,3호기
양품,2호기,2호기,3호기
양품,2호기,2호기,3호기
양품,2호기,2호기,3호기
양품,2호기,2호기,3호기
명점,2호기,2호기,3호기
양품,2호기,2호기,3호기
양품,2호기,2호기,3호기
양품,2호기,2호기,3호기
양품,2호기,2호기,3호기
양품,2호기,2호기,3호기
양품,2호기,2호기,3호기
양품,2호기,2호기,3호기
양품,2호기,2호기,3호기
양품,2호기,2호기,3호기
양품,2호기,2호기,3호기
양품,2호기,2호기,3호기
양품,1호기,1호기,2호기
양품,1호기,1호기,2호기
양품,1호기,1호기,2호기
양품,1호기,1호기,2호기
양품,1호기,1호기,2호기
양품,1호기,1호기,2호기
양품,1호기,1호기,2호기
양품,1호기,1호기,2호기
양품,1호기,1호기,2호기
양품,1호기,1호기,2호기
양품,1호기,1호기,2호기
명점,1호기,1호기,2호기
양품,1호기,1호기,2호기
명점,1호기,1호기,2호기
양품,1호기,1호기,2호기
양품,1호기,1호기,2호기
양품,1호기,1호기,2호기
양품,1호기,1호기,2호기
양품,1호기,1호기,2호기
양품,1호기,1호기,2호기
양품,2호기,1호기,1호기
양품,2호기,1호기,1호기
양품,2호기,1호기,1호기
명점,2호기,1호기,1호기
양품,2호기,1호기,1호기
양품,2호기,1호기,1호기
명점,2호기,1호기,1호기
양품,2호기,1호기,1호기
양품,2호기,1호기,1호기
양품,2호기,1호기,1호기
양품,2호기,1호기,1호기
양품,2호기,1호기,1호기
양품,2호기,1호기,1호기
양품,2호기,1호기,1호기
양품,2호기,1호기,1호기
양품,2호기,1호기,1호기
양품,2호기,1호기,1호기
명점,2호기,1호기,1호기
양품,2호기,1호기,1호기
양품,2호기,1호기,1호기
양품,2호기,1호기,2호기
양품,2호기,1호기,2호기
명점,2호기,1호기,2호기
양품,2호기,1호기,2호기
양품,2호기,1호기,2호기
양품,2호기,1호기,2호기
양품,2호기,1호기,2호기
양품,2호기,1호기,2호기
양품,2호기,1호기,2호기
명점,2호기,1호기,2호기
양품,2호기,1호기,2호기
양품,2호기,1호기,2호기
양품,2호기,1호기,2호기
양품,2호기,1호기,2호기
양품,2호기,1호기,2호기
양품,2호기,1호기,2호기
양품,2호기,1호기,2호기
양품,2호기,1호기,2호기
양품,2호기,1호기,2호기
양품,2호기,1호기,2호기
양품,2호기,2호기,2호기
양품,2호기,2호기,2호기
양품,2호기,2호기,2호기
양품,2호기,2호기,2호기
양품,2호기,2호기,2호기
양품,2호기,2호기,2호기
명점,2호기,2호기,2호기
양품,2호기,2호기,2호기
양품,2호기,2호기,2호기
명점,2호기,2호기,2호기
양품,2호기,2호기,2호기
양품,2호기,2호기,2호기
양품,2호기,2호기,2호기
양품,2호기,2호기,2호기
양품,2호기,2호기,2호기
양품,2호기,2호기,2호기
양품,2호기,2호기,2호기
양품,2호기,2호기,2호기
양품,2호기,2호기,2호기
양품,2호기,2호기,2호기
양품,2호기,2호기,3호기
양품,2호기,2호기,3호기
양품,2호기,2호기,3호기
명점,2호기,2호기,3호기
양품,2호기,2호기,3호기
양품,2호기,2호기,3호기
양품,2호기,2호기,3호기
명점,2호기,2호기,3호기
양품,2호기,2호기,3호기
양품,2호기,2호기,3호기
양품,2호기,2호기,3호기
양품,2호기,2호기,3호기
양품,2호기,2호기,3호기
명점,2호기,2호기,3호기
양품,2호기,2호기,3호기
양품,2호기,2호기,3호기
양품,2호기,2호기,3호기
양품,2호기,2호기,3호기
양품,2호기,2호기,3호기
양품,2호기,2호기,3호기
양품,1호기,2호기,2호기
양품,1호기,2호기,2호기
양품,1호기,2호기,2호기
양품,1호기,2호기,2호기
명점,1호기,2호기,2호기
양품,1호기,2호기,2호기
양품,1호기,2호기,2호기
명점,1호기,2호기,2호기
양품,1호기,2호기,2호기
명점,1호기,2호기,2호기
양품,1호기,2호기,2호기
양품,1호기,2호기,2호기
양품,1호기,2호기,2호기
양품,1호기,2호기,2호기
양품,1호기,2호기,2호기
양품,1호기,2호기,2호기
양품,1호기,2호기,2호기
양품,1호기,2호기,2호기
양품,1호기,2호기,2호기
양품,1호기,2호기,2호기
양품,1호기,2호기,1호기
양품,1호기,2호기,1호기
양품,1호기,2호기,1호기
양품,1호기,2호기,1호기
양품,1호기,2호기,1호기
명점,1호기,2호기,1호기
양품,1호기,2호기,1호기
명점,1호기,2호기,1호기
양품,1호기,2호기,1호기
양품,1호기,2호기,1호기
양품,1호기,2호기,1호기
양품,1호기,2호기,1호기
양품,1호기,2호기,1호기
양품,1호기,2호기,1호기
명점,1호기,2호기,1호기
양품,1호기,2호기,1호기
양품,1호기,2호기,1호기
명점,1호기,2호기,1호기
양품,1호기,2호기,1호기
양품,1호기,2호기,1호기
양품,1호기,2호기,3호기
양품,1호기,2호기,3호기
양품,1호기,2호기,3호기
양품,1호기,2호기,3호기
양품,1호기,2호기,3호기
양품,1호기,2호기,3호기
양품,1호기,2호기,3호기
양품,1호기,2호기,3호기
양품,1호기,2호기,3호기
양품,1호기,2호기,3호기
양품,1호기,2호기,3호기
명점,1호기,2호기,3호기
양품,1호기,2호기,3호기
양품,1호기,2호기,3호기
양품,1호기,2호기,3호기
양품,1호기,2호기,3호기
양품,1호기,2호기,3호기
양품,1호기,2호기,3호기
양품,1호기,2호기,3호기
양품,1호기,2호기,3호기
양품,1호기,2호기,1호기
명점,1호기,2호기,1호기
양품,1호기,2호기,1호기
양품,1호기,2호기,1호기
양품,1호기,2호기,1호기
양품,1호기,2호기,1호기
양품,1호기,2호기,1호기
양품,1호기,2호기,1호기
양품,1호기,2호기,1호기
양품,1호기,2호기,1호기
명점,1호기,2호기,1호기
양품,1호기,2호기,1호기
양품,1호기,2호기,1호기
양품,1호기,2호기,1호기
양품,1호기,2호기,1호기
양품,1호기,2호기,1호기
양품,1호기,2호기,1호기
양품,1호기,2호기,1호기
양품,1호기,2호기,1호기
양품,1호기,2호기,1호기
양품,2호기,1호기,3호기
명점,2호기,1호기,3호기
양품,2호기,1호기,3호기
양품,2호기,1호기,3호기
명점,2호기,1호기,3호기
양품,2호기,1호기,3호기
양품,2호기,1호기,3호기
양품,2호기,1호기,3호기
양품,2호기,1호기,3호기
양품,2호기,1호기,3호기
양품,2호기,1호기,3호기
양품,2호기,1호기,3호기
양품,2호기,1호기,3호기
명점,2호기,1호기,3호기
양품,2호기,1호기,3호기
양품,2호기,1호기,3호기
양품,2호기,1호기,3호기
양품,2호기,1호기,3호기
양품,2호기,1호기,3호기
양품,2호기,1호기,3호기
양품,2호기,1호기,2호기
양품,2호기,1호기,2호기
양품,2호기,1호기,2호기
명점,2호기,1호기,2호기
양품,2호기,1호기,2호기
양품,2호기,1호기,2호기
양품,2호기,1호기,2호기
명점,2호기,1호기,2호기
양품,2호기,1호기,2호기
양품,2호기,1호기,2호기
양품,2호기,1호기,2호기
명점,2호기,1호기,2호기
양품,2호기,1호기,2호기
양품,2호기,1호기,2호기
양품,2호기,1호기,2호기
명점,2호기,1호기,2호기
양품,2호기,1호기,2호기
양품,2호기,1호기,2호기
양품,2호기,1호기,2호기
양품,2호기,1호기,2호기
양품,2호기,1호기,3호기
양품,2호기,1호기,3호기
양품,2호기,1호기,3호기
양품,2호기,1호기,3호기
명점,2호기,1호기,3호기
명점,2호기,1호기,3호기
양품,2호기,1호기,3호기
양품,2호기,1호기,3호기
양품,2호기,1호기,3호기
양품,2호기,1호기,3호기
양품,2호기,1호기,3호기
양품,2호기,1호기,3호기
양품,2호기,1호기,3호기
양품,2호기,1호기,3호기
양품,2호기,1호기,3호기
양품,2호기,1호기,3호기
양품,2호기,1호기,3호기
양품,2호기,1호기,3호기
양품,2호기,1호기,3호기
양품,2호기,1호기,3호기
양품,1호기,2호기,3호기
명점,1호기,2호기,3호기
양품,1호기,2호기,3호기
양품,1호기,2호기,3호기
명점,1호기,2호기,3호기
양품,1호기,2호기,3호기
양품,1호기,2호기,3호기
양품,1호기,2호기,3호기
양품,1호기,2호기,3호기
양품,1호기,2호기,3호기
양품,1호기,2호기,3호기
양품,1호기,2호기,3호기
양품,1호기,2호기,3호기
양품,1호기,2호기,3호기
양품,1호기,2호기,3호기
양품,1호기,2호기,3호기
명점,1호기,2호기,3호기
명점,1호기,2호기,3호기
양품,1호기,2호기,3호기
양품,1호기,2호기,3호기
명점,2호기,1호기,1호기
양품,2호기,1호기,1호기
양품,2호기,1호기,1호기
양품,2호기,1호기,1호기
양품,2호기,1호기,1호기
명점,2호기,1호기,1호기
양품,2호기,1호기,1호기
양품,2호기,1호기,1호기
양품,2호기,1호기,1호기
명점,2호기,1호기,1호기
양품,2호기,1호기,1호기
양품,2호기,1호기,1호기
양품,2호기,1호기,1호기
양품,2호기,1호기,1호기
양품,2호기,1호기,1호기
명점,2호기,1호기,1호기
양품,2호기,1호기,1호기
양품,2호기,1호기,1호기
양품,2호기,1호기,1호기
양품,2호기,1호기,1호기
양품,1호기,2호기,2호기
명점,1호기,2호기,2호기
양품,1호기,2호기,2호기
양품,1호기,2호기,2호기
양품,1호기,2호기,2호기
양품,1호기,2호기,2호기
양품,1호기,2호기,2호기
양품,1호기,2호기,2호기
명점,1호기,2호기,2호기
양품,1호기,2호기,2호기
양품,1호기,2호기,2호기
명점,1호기,2호기,2호기
양품,1호기,2호기,2호기
양품,1호기,2호기,2호기
양품,1호기,2호기,2호기
양품,1호기,2호기,2호기
양품,1호기,2호기,2호기
양품,1호기,2호기,2호기
양품,1호기,2호기,2호기
양품,1호기,2호기,2호기
명점,1호기,2호기,3호기
양품,1호기,2호기,3호기
양품,1호기,2호기,3호기
양품,1호기,2호기,3호기
양품,1호기,2호기,3호기
양품,1호기,2호기,3호기
명점,1호기,2호기,3호기
양품,1호기,2호기,3호기
양품,1호기,2호기,3호기
양품,1호기,2호기,3호기
명점,1호기,2호기,3호기
양품,1호기,2호기,3호기
양품,1호기,2호기,3호기
양품,1호기,2호기,3호기
명점,1호기,2호기,3호기
양품,1호기,2호기,3호기
양품,1호기,2호기,3호기
양품,1호기,2호기,3호기
명점,1호기,2호기,3호기
양품,1호기,2호기,3호기
양품,2호기,2호기,3호기
양품,2호기,2호기,3호기
양품,2호기,2호기,3호기
양품,2호기,2호기,3호기
양품,2호기,2호기,3호기
양품,2호기,2호기,3호기
양품,2호기,2호기,3호기
양품,2호기,2호기,3호기
양품,2호기,2호기,3호기
양품,2호기,2호기,3호기
양품,2호기,2호기,3호기
양품,2호기,2호기,3호기
양품,2호기,2호기,3호기
양품,2호기,2호기,3호기
양품,2호기,2호기,3호기
양품,2호기,2호기,3호기
양품,2호기,2호기,3호기
명점,2호기,2호기,3호기
양품,2호기,2호기,3호기
양품,2호기,2호기,3호기
명점,2호기,2호기,3호기
양품,2호기,2호기,3호기
양품,2호기,2호기,3호기
양품,2호기,2호기,3호기
양품,2호기,2호기,3호기
명점,2호기,2호기,3호기
양품,2호기,2호기,3호기
양품,2호기,2호기,3호기
양품,2호기,2호기,3호기
명점,2호기,2호기,3호기
양품,2호기,2호기,3호기
양품,2호기,2호기,3호기
양품,2호기,2호기,3호기
양품,2호기,2호기,3호기
명점,2호기,2호기,3호기
양품,2호기,2호기,3호기
명점,2호기,2호기,3호기
양품,2호기,2호기,3호기
양품,2호기,2호기,3호기
명점,2호기,2호기,3호기
양품,2호기,2호기,2호기
명점,2호기,2호기,2호기
양품,2호기,2호기,2호기
명점,2호기,2호기,2호기
양품,2호기,2호기,2호기
양품,2호기,2호기,2호기
명점,2호기,2호기,2호기
양품,2호기,2호기,2호기
양품,2호기,2호기,2호기
양품,2호기,2호기,2호기
양품,2호기,2호기,2호기
양품,2호기,2호기,2호기
양품,2호기,2호기,2호기
양품,2호기,2호기,2호기
양품,2호기,2호기,2호기
양품,2호기,2호기,2호기
양품,2호기,2호기,2호기
양품,2호기,2호기,2호기
양품,2호기,2호기,2호기
양품,2호기,2호기,2호기
양품,1호기,2호기,3호기
양품,1호기,2호기,3호기
양품,1호기,2호기,3호기
양품,1호기,2호기,3호기
명점,1호기,2호기,3호기
양품,1호기,2호기,3호기
양품,1호기,2호기,3호기
양품,1호기,2호기,3호기
양품,1호기,2호기,3호기
양품,1호기,2호기,3호기
명점,1호기,2호기,3호기
양품,1호기,2호기,3호기
양품,1호기,2호기,3호기
양품,1호기,2호기,3호기
양품,1호기,2호기,3호기
양품,1호기,2호기,3호기
명점,1호기,2호기,3호기
양품,1호기,2호기,3호기
양품,1호기,2호기,3호기
양품,1호기,2호기,3호기
양품,1호기,2호기,2호기
양품,1호기,2호기,2호기
명점,1호기,2호기,2호기
양품,1호기,2호기,2호기
양품,1호기,2호기,2호기
양품,1호기,2호기,2호기
양품,1호기,2호기,2호기
양품,1호기,2호기,2호기
양품,1호기,2호기,2호기
양품,1호기,2호기,2호기
양품,1호기,2호기,2호기
명점,1호기,2호기,2호기
양품,1호기,2호기,2호기
양품,1호기,2호기,2호기
양품,1호기,2호기,2호기
명점,1호기,2호기,2호기
양품,1호기,2호기,2호기
양품,1호기,2호기,2호기
양품,1호기,2호기,2호기
명점,1호기,2호기,2호기
양품,2호기,2호기,2호기
양품,2호기,2호기,2호기
양품,2호기,2호기,2호기
양품,2호기,2호기,2호기
명점,2호기,2호기,2호기
양품,2호기,2호기,2호기
양품,2호기,2호기,2호기
양품,2호기,2호기,2호기
양품,2호기,2호기,2호기
양품,2호기,2호기,2호기
양품,2호기,2호기,2호기
양품,2호기,2호기,2호기
명점,2호기,2호기,2호기
양품,2호기,2호기,2호기
양품,2호기,2호기,2호기
양품,2호기,2호기,2호기
양품,2호기,2호기,2호기
양품,2호기,2호기,2호기
양품,2호기,2호기,2호기
양품,2호기,2호기,2호기
양품,1호기,1호기,2호기
양품,1호기,1호기,2호기
양품,1호기,1호기,2호기
양품,1호기,1호기,2호기
양품,1호기,1호기,2호기
양품,1호기,1호기,2호기
양품,1호기,1호기,2호기
명점,1호기,1호기,2호기
양품,1호기,1호기,2호기
명점,1호기,1호기,2호기
양품,1호기,1호기,2호기
양품,1호기,1호기,2호기
명점,1호기,1호기,2호기
양품,1호기,1호기,2호기
양품,1호기,1호기,2호기
명점,1호기,1호기,2호기
양품,1호기,1호기,2호기
명점,1호기,1호기,2호기
양품,1호기,1호기,2호기
양품,1호기,1호기,2호기
양품,1호기,1호기,2호기
양품,1호기,1호기,2호기
양품,1호기,1호기,2호기
양품,1호기,1호기,2호기
양품,1호기,1호기,2호기
양품,1호기,1호기,2호기
양품,1호기,1호기,2호기
양품,1호기,1호기,2호기
양품,1호기,1호기,2호기
양품,1호기,1호기,2호기
양품,1호기,1호기,2호기
양품,1호기,1호기,2호기
양품,1호기,1호기,2호기
양품,1호기,1호기,2호기
양품,1호기,1호기,2호기
양품,1호기,1호기,2호기
양품,1호기,1호기,2호기
양품,1호기,1호기,2호기
양품,1호기,1호기,2호기
양품,1호기,1호기,2호기
양품,1호기,1호기,3호기
명점,1호기,1호기,3호기
명점,1호기,1호기,3호기
양품,1호기,1호기,3호기
양품,1호기,1호기,3호기
양품,1호기,1호기,3호기
양품,1호기,1호기,3호기
양품,1호기,1호기,3호기
양품,1호기,1호기,3호기
양품,1호기,1호기,3호기
명점,1호기,1호기,3호기
양품,1호기,1호기,3호기
양품,1호기,1호기,3호기
양품,1호기,1호기,3호기
양품,1호기,1호기,3호기
양품,1호기,1호기,3호기
양품,1호기,1호기,3호기
양품,1호기,1호기,3호기
양품,1호기,1호기,3호기
양품,1호기,1호기,3호기
명점,1호기,2호기,2호기
양품,1호기,2호기,2호기
양품,1호기,2호기,2호기
양품,1호기,2호기,2호기
양품,1호기,2호기,2호기
양품,1호기,2호기,2호기
명점,1호기,2호기,2호기
양품,1호기,2호기,2호기
양품,1호기,2호기,2호기
양품,1호기,2호기,2호기
양품,1호기,2호기,2호기
양품,1호기,2호기,2호기
양품,1호기,2호기,2호기
양품,1호기,2호기,2호기
양품,1호기,2호기,2호기
양품,1호기,2호기,2호기
양품,1호기,2호기,2호기
양품,1호기,2호기,2호기
양품,1호기,2호기,2호기
양품,1호기,2호기,2호기
양품,2호기,1호기,1호기
양품,2호기,1호기,1호기
양품,2호기,1호기,1호기
양품,2호기,1호기,1호기
양품,2호기,1호기,1호기
양품,2호기,1호기,1호기
양품,2호기,1호기,1호기
양품,2호기,1호기,1호기
양품,2호기,1호기,1호기
양품,2호기,1호기,1호기
양품,2호기,1호기,1호기
양품,2호기,1호기,1호기
양품,2호기,1호기,1호기
양품,2호기,1호기,1호기
양품,2호기,1호기,1호기
양품,2호기,1호기,1호기
명점,2호기,1호기,1호기
양품,2호기,1호기,1호기
양품,2호기,1호기,1호기
양품,2호기,1호기,1호기
양품,1호기,1호기,3호기
명점,1호기,1호기,3호기
양품,1호기,1호기,3호기
양품,1호기,1호기,3호기
명점,1호기,1호기,3호기
양품,1호기,1호기,3호기
양품,1호기,1호기,3호기
양품,1호기,1호기,3호기
양품,1호기,1호기,3호기
양품,1호기,1호기,3호기
양품,1호기,1호기,3호기
양품,1호기,1호기,3호기
양품,1호기,1호기,3호기
양품,1호기,1호기,3호기
양품,1호기,1호기,3호기
명점,1호기,1호기,3호기
양품,1호기,1호기,3호기
양품,1호기,1호기,3호기
양품,1호기,1호기,3호기
양품,1호기,1호기,3호기
양품,1호기,2호기,2호기
양품,1호기,2호기,2호기
양품,1호기,2호기,2호기
양품,1호기,2호기,2호기
양품,1호기,2호기,2호기
양품,1호기,2호기,2호기
양품,1호기,2호기,2호기
양품,1호기,2호기,2호기
양품,1호기,2호기,2호기
양품,1호기,2호기,2호기
양품,1호기,2호기,2호기
양품,1호기,2호기,2호기
명점,1호기,2호기,2호기
양품,1호기,2호기,2호기
양품,1호기,2호기,2호기
양품,1호기,2호기,2호기
명점,1호기,2호기,2호기
양품,1호기,2호기,2호기
양품,1호기,2호기,2호기
양품,1호기,2호기,2호기
명점,2호기,2호기,3호기
양품,2호기,2호기,3호기
양품,2호기,2호기,3호기
양품,2호기,2호기,3호기
양품,2호기,2호기,3호기
명점,2호기,2호기,3호기
양품,2호기,2호기,3호기
양품,2호기,2호기,3호기
양품,2호기,2호기,3호기
양품,2호기,2호기,3호기
양품,2호기,2호기,3호기
명점,2호기,2호기,3호기
양품,2호기,2호기,3호기
양품,2호기,2호기,3호기
양품,2호기,2호기,3호기
명점,2호기,2호기,3호기
양품,2호기,2호기,3호기
양품,2호기,2호기,3호기
양품,2호기,2호기,3호기
양품,2호기,2호기,3호기
양품,1호기,1호기,2호기
명점,1호기,1호기,2호기
양품,1호기,1호기,2호기
양품,1호기,1호기,2호기
양품,1호기,1호기,2호기
명점,1호기,1호기,2호기
양품,1호기,1호기,2호기
양품,1호기,1호기,2호기
양품,1호기,1호기,2호기
양품,1호기,1호기,2호기
양품,1호기,1호기,2호기
양품,1호기,1호기,2호기
명점,1호기,1호기,2호기
양품,1호기,1호기,2호기
양품,1호기,1호기,2호기
양품,1호기,1호기,2호기
양품,1호기,1호기,2호기
명점,1호기,1호기,2호기
양품,1호기,1호기,2호기
양품,1호기,1호기,2호기
양품,1호기,1호기,3호기
양품,1호기,1호기,3호기
양품,1호기,1호기,3호기
양품,1호기,1호기,3호기
양품,1호기,1호기,3호기
양품,1호기,1호기,3호기
양품,1호기,1호기,3호기
양품,1호기,1호기,3호기
양품,1호기,1호기,3호기
명점,1호기,1호기,3호기
양품,1호기,1호기,3호기
양품,1호기,1호기,3호기
양품,1호기,1호기,3호기
양품,1호기,1호기,3호기
양품,1호기,1호기,3호기
명점,1호기,1호기,3호기
양품,1호기,1호기,3호기
양품,1호기,1호기,3호기
명점,1호기,1호기,3호기
양품,1호기,1호기,3호기